timestamp,raw,voltage_mV,voltage_V,ambient_temp_C,humidity_pct,pressure_hPa,lux,mcu_temp_C,temp_source,light_source,light_condition,quality
2026-09-03T20:49:35+08:00,1699.3,473.8,0.4738,30.05,59.23,1002.13,894.2,57.5,sht20,bh1750,fixed_position_sensor_facing_light,included
2026-09-03T20:54:36+08:00,1696.6,472.8,0.4728,30.1,61.32,1002.19,895.8,59.5,sht20,bh1750,fixed_position_sensor_facing_light,included
2026-09-03T20:59:36+08:00,1697.2,472.5,0.4725,30.21,62.95,1002.08,896.7,61.5,sht20,bh1750,fixed_position_sensor_facing_light,included
2026-09-03T21:01:52+08:00,914.4,255.5,0.2555,31.02,65.94,1002.17,134.2,56.5,sht20,bh1750,fixed_position_sensor_facing_light,included
2026-09-03T21:06:53+08:00,1029.0,287.5,0.2875,29.76,68.68,1002.22,137.5,58.5,sht20,bh1750,fixed_position_sensor_facing_light,included
2026-09-03T21:11:54+08:00,1035.6,288.7,0.2887,29.56,64.22,1002.19,136.7,60.5,sht20,bh1750,fixed_position_sensor_facing_light,included
2026-09-03T21:16:54+08:00,1045.2,292.4,0.2924,28.42,62.0,1002.13,136.7,60.5,sht20,bh1750,fixed_position_sensor_facing_light,included
2026-09-03T21:17:32+08:00,1043.9,292.0,0.292,28.31,62.82,1002.18,136.7,59.5,sht20,bh1750,fixed_position_sensor_facing_light,included
2026-09-03T21:22:33+08:00,1052.6,293.7,0.2937,27.95,60.78,1002.18,136.7,59.5,sht20,bh1750,fixed_position_sensor_facing_light,included
2026-09-03T21:23:35+08:00,1767.4,492.5,0.4925,28.18,61.88,1002.15,944.2,51.5,sht20,bh1750,fixed_position_sensor_facing_light,included
2026-09-03T21:28:35+08:00,1774.3,494.0,0.494,28.62,56.19,1002.04,954.2,56.5,sht20,bh1750,fixed_position_sensor_facing_light,included
2026-09-03T21:33:36+08:00,1777.0,493.8,0.4938,28.83,52.82,1002.1,952.5,61.5,sht20,bh1750,fixed_position_sensor_facing_light,included
2026-09-03T21:38:36+08:00,1772.4,494.4,0.4944,29.03,54.73,1002.19,946.7,60.5,sht20,bh1750,fixed_position_sensor_facing_light,included
2026-09-03T21:43:37+08:00,1777.2,494.6,0.4946,29.35,58.18,1002.36,947.5,62.5,sht20,bh1750,fixed_position_sensor_facing_light,included
2026-09-03T21:48:37+08:00,1772.8,493.3,0.4933,29.62,59.74,1002.25,955.8,63.5,sht20,bh1750,fixed_position_sensor_facing_light,included
2026-09-03T21:53:38+08:00,1775.8,493.6,0.4936,29.75,61.51,1002.39,955.8,62.5,sht20,bh1750,fixed_position_sensor_facing_light,included
2026-09-03T21:58:39+08:00,1772.9,492.9,0.4929,29.86,63.27,1002.39,946.7,62.5,sht20,bh1750,fixed_position_sensor_facing_light,included
2026-09-03T22:03:40+08:00,1775.5,494.3,0.4943,29.96,63.83,1002.42,951.7,62.5,sht20,bh1750,fixed_position_sensor_facing_light,included
2026-09-03T22:08:40+08:00,1772.3,493.5,0.4935,30.11,63.75,1002.39,948.3,64.5,sht20,bh1750,fixed_position_sensor_facing_light,included
2026-09-03T22:13:41+08:00,1768.6,493.0,0.493,30.15,61.99,1002.31,945.0,65.5,sht20,bh1750,fixed_position_sensor_facing_light,included
2026-09-03T22:18:41+08:00,1765.3,492.9,0.4929,29.78,56.19,1002.42,951.7,63.5,sht20,bh1750,fixed_position_sensor_facing_light,included
2026-09-03T22:23:42+08:00,1774.9,493.8,0.4938,29.51,53.75,1002.36,963.3,62.5,sht20,bh1750,fixed_position_sensor_facing_light,included
2026-09-03T22:28:43+08:00,1776.9,494.8,0.4948,29.35,51.49,1002.48,952.5,61.5,sht20,bh1750,fixed_position_sensor_facing_light,included
2026-09-03T22:33:43+08:00,1774.2,494.1,0.4941,29.24,50.34,1002.42,952.5,61.5,sht20,bh1750,fixed_position_sensor_facing_light,included
2026-09-03T22:38:43+08:00,1775.4,495.6,0.4956,29.47,56.68,1002.45,938.3,61.5,sht20,bh1750,fixed_position_sensor_facing_light,included
2026-09-03T22:43:44+08:00,1776.7,494.0,0.494,29.74,57.8,1002.42,960.0,61.5,sht20,bh1750,fixed_position_sensor_facing_light,included
2026-09-03T22:48:45+08:00,1774.8,493.8,0.4938,29.81,59.6,1002.42,955.0,62.5,sht20,bh1750,fixed_position_sensor_facing_light,included
2026-09-03T22:53:45+08:00,1772.2,496.3,0.4963,29.82,61.75,1002.42,951.7,63.5,sht20,bh1750,fixed_position_sensor_facing_light,included
2026-09-03T22:58:46+08:00,1776.6,493.1,0.4931,29.9,62.84,1002.54,951.7,62.5,sht20,bh1750,fixed_position_sensor_facing_light,included
2026-09-03T23:03:46+08:00,1773.6,494.3,0.4943,30.05,63.26,1002.54,955.0,64.5,sht20,bh1750,fixed_position_sensor_facing_light,included
2026-09-03T23:08:47+08:00,1775.4,493.8,0.4938,30.18,63.23,1002.28,954.2,63.5,sht20,bh1750,fixed_position_sensor_facing_light,included
2026-09-03T23:13:48+08:00,1773.2,494.1,0.4941,29.86,56.14,1002.19,952.5,62.5,sht20,bh1750,fixed_position_sensor_facing_light,included
2026-09-03T23:18:48+08:00,1771.0,494.3,0.4943,29.62,53.84,1002.25,955.8,64.5,sht20,bh1750,fixed_position_sensor_facing_light,included
2026-09-03T23:23:48+08:00,1773.4,495.1,0.4951,29.38,52.36,1002.3,952.5,64.5,sht20,bh1750,fixed_position_sensor_facing_light,included
2026-09-03T23:28:49+08:00,1778.0,495.1,0.4951,29.29,51.13,1002.33,953.3,62.5,sht20,bh1750,fixed_position_sensor_facing_light,included
2026-09-03T23:33:50+08:00,1784.9,495.8,0.4958,29.49,57.88,1002.16,953.3,61.5,sht20,bh1750,fixed_position_sensor_facing_light,included
2026-09-03T23:38:50+08:00,1778.6,496.1,0.4961,29.74,59.12,1002.1,952.5,61.5,sht20,bh1750,fixed_position_sensor_facing_light,included
2026-09-03T23:43:51+08:00,1777.1,494.7,0.4947,29.8,60.47,1002.19,944.2,62.5,sht20,bh1750,fixed_position_sensor_facing_light,included
2026-09-03T23:48:51+08:00,1782.7,495.5,0.4955,29.79,62.76,1002.22,952.5,62.5,sht20,bh1750,fixed_position_sensor_facing_light,included
2026-09-03T23:53:52+08:00,1777.5,494.4,0.4944,29.88,63.85,1002.19,950.8,62.5,sht20,bh1750,fixed_position_sensor_facing_light,included
2026-09-03T23:58:52+08:00,1782.9,495.5,0.4955,30.07,63.43,1002.25,945.8,62.5,sht20,bh1750,fixed_position_sensor_facing_light,included
2026-09-04T00:03:53+08:00,1780.4,495.0,0.495,30.25,63.1,1002.16,953.3,62.5,sht20,bh1750,fixed_position_sensor_facing_light,included
2026-09-04T00:08:53+08:00,1773.0,495.2,0.4952,29.86,56.9,1002.22,963.3,62.5,sht20,bh1750,fixed_position_sensor_facing_light,included
2026-09-04T00:13:55+08:00,1780.4,496.5,0.4965,29.59,54.62,1002.22,950.0,62.5,sht20,bh1750,fixed_position_sensor_facing_light,included
2026-09-04T00:18:56+08:00,1778.1,495.1,0.4951,29.38,52.06,1002.1,946.7,61.5,sht20,bh1750,fixed_position_sensor_facing_light,included
2026-09-04T00:23:56+08:00,1784.6,495.1,0.4951,29.49,58.38,1002.01,949.2,61.5,sht20,bh1750,fixed_position_sensor_facing_light,included
2026-09-04T00:28:57+08:00,1780.0,495.1,0.4951,29.65,60.34,1001.99,954.2,61.5,sht20,bh1750,fixed_position_sensor_facing_light,included
2026-09-04T00:33:57+08:00,1779.9,495.8,0.4958,29.71,62.44,1001.87,939.2,62.5,sht20,bh1750,fixed_position_sensor_facing_light,included
2026-09-04T00:38:58+08:00,1783.8,496.4,0.4964,29.89,63.11,1001.9,950.8,62.5,sht20,bh1750,fixed_position_sensor_facing_light,included
2026-09-04T00:43:58+08:00,1775.9,495.5,0.4955,29.89,64.53,1001.96,952.5,62.5,sht20,bh1750,fixed_position_sensor_facing_light,included
2026-09-04T00:48:59+08:00,1778.6,494.9,0.4949,30.03,64.03,1001.99,942.5,64.5,sht20,bh1750,fixed_position_sensor_facing_light,included
2026-09-04T00:54:01+08:00,1773.5,495.1,0.4951,30.13,64.09,1001.96,942.5,65.5,sht20,bh1750,fixed_position_sensor_facing_light,included
2026-09-04T00:59:05+08:00,1776.9,494.1,0.4941,29.82,59.47,1001.87,942.5,62.5,sht20,bh1750,fixed_position_sensor_facing_light,included
2026-09-04T01:04:05+08:00,1773.9,495.7,0.4957,29.5,55.2,1001.81,942.5,63.5,sht20,bh1750,fixed_position_sensor_facing_light,included
2026-09-04T01:09:06+08:00,1781.5,496.1,0.4961,29.22,53.31,1001.87,942.5,61.5,sht20,bh1750,fixed_position_sensor_facing_light,included
2026-09-04T01:14:06+08:00,1783.1,495.7,0.4957,29.46,58.18,1001.93,942.5,63.5,sht20,bh1750,fixed_position_sensor_facing_light,included
2026-09-04T01:19:10+08:00,1781.1,495.8,0.4958,29.6,60.44,1001.73,941.7,62.5,sht20,bh1750,fixed_position_sensor_facing_light,included
2026-09-04T01:24:10+08:00,1776.1,494.5,0.4945,29.7,61.99,1001.9,950.0,63.5,sht20,bh1750,fixed_position_sensor_facing_light,included
2026-09-04T01:29:11+08:00,1782.9,495.0,0.495,29.76,63.5,1001.84,927.5,64.5,sht20,bh1750,fixed_position_sensor_facing_light,included
2026-09-04T01:34:11+08:00,1779.6,495.5,0.4955,29.8,64.86,1001.93,942.5,62.5,sht20,bh1750,fixed_position_sensor_facing_light,included
2026-09-04T01:39:12+08:00,1783.2,495.1,0.4951,29.92,65.17,1001.96,941.7,62.5,sht20,bh1750,fixed_position_sensor_facing_light,included
2026-09-04T01:44:13+08:00,1780.1,493.5,0.4935,30.0,65.04,1001.7,942.5,63.5,sht20,bh1750,fixed_position_sensor_facing_light,included
2026-09-04T01:49:13+08:00,1781.7,495.6,0.4956,30.1,61.63,1001.61,941.7,63.5,sht20,bh1750,fixed_position_sensor_facing_light,included
2026-09-04T01:54:14+08:00,1773.2,495.3,0.4953,29.73,56.86,1001.47,941.7,62.5,sht20,bh1750,fixed_position_sensor_facing_light,included
2026-09-04T01:59:15+08:00,1778.0,495.8,0.4958,29.43,54.3,1001.47,941.7,63.5,sht20,bh1750,fixed_position_sensor_facing_light,included
2026-09-04T02:04:16+08:00,1786.9,495.1,0.4951,29.23,56.29,1001.39,940.0,63.5,sht20,bh1750,fixed_position_sensor_facing_light,included
2026-09-04T02:09:16+08:00,1783.7,497.2,0.4972,29.49,60.22,1001.27,942.5,62.5,sht20,bh1750,fixed_position_sensor_facing_light,included
2026-09-04T02:14:17+08:00,1777.1,496.2,0.4962,29.72,61.53,1001.19,941.7,63.5,sht20,bh1750,fixed_position_sensor_facing_light,included
2026-09-04T02:19:17+08:00,1779.9,496.5,0.4965,29.73,63.02,1001.1,928.3,64.5,sht20,bh1750,fixed_position_sensor_facing_light,included
2026-09-04T02:24:18+08:00,1782.7,497.0,0.497,29.86,64.13,1001.07,942.5,62.5,sht20,bh1750,fixed_position_sensor_facing_light,included
2026-09-04T02:29:18+08:00,1781.5,495.6,0.4956,29.87,64.93,1001.21,942.5,62.5,sht20,bh1750,fixed_position_sensor_facing_light,included
2026-09-04T02:34:19+08:00,1782.5,496.0,0.496,29.96,65.08,1000.95,940.8,62.5,sht20,bh1750,fixed_position_sensor_facing_light,included
2026-09-04T02:39:19+08:00,1784.0,495.7,0.4957,30.12,64.4,1001.1,941.7,62.5,sht20,bh1750,fixed_position_sensor_facing_light,included
2026-09-04T02:44:20+08:00,1783.9,497.0,0.497,29.92,59.64,1001.16,946.7,64.5,sht20,bh1750,fixed_position_sensor_facing_light,included
2026-09-04T02:49:21+08:00,1776.9,496.5,0.4965,29.61,56.34,1001.24,941.7,62.5,sht20,bh1750,fixed_position_sensor_facing_light,included
2026-09-04T02:54:21+08:00,1787.0,496.2,0.4962,29.34,53.81,1001.42,940.8,62.5,sht20,bh1750,fixed_position_sensor_facing_light,included
2026-09-04T02:59:22+08:00,1781.1,496.2,0.4962,29.41,59.32,1001.61,946.7,63.5,sht20,bh1750,fixed_position_sensor_facing_light,included
2026-09-04T03:04:23+08:00,1780.4,498.0,0.498,29.59,61.22,1001.75,942.5,62.5,sht20,bh1750,fixed_position_sensor_facing_light,included
2026-09-04T03:09:23+08:00,1774.8,495.0,0.495,29.64,63.06,1001.73,943.3,62.5,sht20,bh1750,fixed_position_sensor_facing_light,included
2026-09-04T03:14:24+08:00,1777.4,495.1,0.4951,29.72,64.31,1001.87,942.5,62.5,sht20,bh1750,fixed_position_sensor_facing_light,included
2026-09-04T03:19:24+08:00,1781.8,496.0,0.496,29.77,65.65,1001.84,941.7,63.5,sht20,bh1750,fixed_position_sensor_facing_light,included
2026-09-04T03:24:25+08:00,1782.2,497.1,0.4971,29.79,66.83,1001.81,941.7,62.5,sht20,bh1750,fixed_position_sensor_facing_light,included
2026-09-04T03:29:26+08:00,1780.6,496.8,0.4968,30.03,65.89,1001.67,942.5,62.5,sht20,bh1750,fixed_position_sensor_facing_light,included
2026-09-04T03:34:26+08:00,1776.1,495.7,0.4957,30.09,65.7,1001.79,940.8,64.5,sht20,bh1750,fixed_position_sensor_facing_light,included
2026-09-04T03:39:27+08:00,1777.1,495.2,0.4952,29.8,58.99,1001.9,940.8,64.5,sht20,bh1750,fixed_position_sensor_facing_light,included
2026-09-04T03:44:28+08:00,1783.2,495.4,0.4954,29.48,56.2,1002.04,940.8,62.5,sht20,bh1750,fixed_position_sensor_facing_light,included
2026-09-04T03:49:28+08:00,1786.2,497.3,0.4973,29.24,53.68,1002.04,940.8,63.5,sht20,bh1750,fixed_position_sensor_facing_light,included
2026-09-04T03:54:29+08:00,1780.0,496.2,0.4962,29.44,60.06,1001.99,948.3,63.5,sht20,bh1750,fixed_position_sensor_facing_light,included
2026-09-04T03:59:29+08:00,1789.0,497.3,0.4973,29.47,62.54,1002.04,955.0,64.5,sht20,bh1750,fixed_position_sensor_facing_light,included
2026-09-04T04:04:30+08:00,1788.3,498.5,0.4985,29.65,63.42,1001.93,941.7,62.5,sht20,bh1750,fixed_position_sensor_facing_light,included
2026-09-04T04:09:31+08:00,1782.5,498.1,0.4981,29.68,65.62,1001.87,941.7,64.5,sht20,bh1750,fixed_position_sensor_facing_light,included
2026-09-04T04:14:31+08:00,1785.3,496.5,0.4965,29.75,67.03,1001.9,945.8,62.5,sht20,bh1750,fixed_position_sensor_facing_light,included
2026-09-04T04:19:32+08:00,1785.2,497.3,0.4973,29.8,67.25,1002.1,935.8,62.5,sht20,bh1750,fixed_position_sensor_facing_light,included
2026-09-04T04:24:33+08:00,1784.3,497.8,0.4978,29.9,66.63,1001.99,941.7,62.5,sht20,bh1750,fixed_position_sensor_facing_light,included
2026-09-04T04:29:34+08:00,1784.0,496.2,0.4962,30.04,66.02,1001.96,941.7,62.5,sht20,bh1750,fixed_position_sensor_facing_light,included
2026-09-04T04:34:34+08:00,1781.5,495.7,0.4957,29.92,62.12,1002.1,941.7,62.5,sht20,bh1750,fixed_position_sensor_facing_light,included
2026-09-04T04:39:35+08:00,1783.5,497.2,0.4972,29.49,58.06,1002.19,940.8,63.5,sht20,bh1750,fixed_position_sensor_facing_light,included
2026-09-04T04:44:36+08:00,1785.1,495.9,0.4959,29.31,54.77,1002.27,940.8,62.5,sht20,bh1750,fixed_position_sensor_facing_light,included
2026-09-04T04:49:36+08:00,1788.7,497.7,0.4977,29.35,60.42,1002.36,941.7,63.5,sht20,bh1750,fixed_position_sensor_facing_light,included
2026-09-04T04:54:37+08:00,1787.8,496.5,0.4965,29.47,62.12,1002.45,928.3,63.5,sht20,bh1750,fixed_position_sensor_facing_light,included
2026-09-04T04:59:37+08:00,1787.8,497.1,0.4971,29.54,64.34,1002.51,941.7,64.5,sht20,bh1750,fixed_position_sensor_facing_light,included
2026-09-04T05:04:38+08:00,1789.0,498.6,0.4986,29.61,65.78,1002.57,934.2,62.5,sht20,bh1750,fixed_position_sensor_facing_light,included
2026-09-04T05:09:39+08:00,1784.4,496.7,0.4967,29.62,67.06,1002.51,953.3,62.5,sht20,bh1750,fixed_position_sensor_facing_light,included
2026-09-04T05:14:39+08:00,1785.4,497.1,0.4971,29.72,67.76,1002.6,954.2,62.5,sht20,bh1750,fixed_position_sensor_facing_light,included
2026-09-04T05:19:40+08:00,1784.6,497.3,0.4973,29.81,67.51,1002.65,953.3,64.5,sht20,bh1750,fixed_position_sensor_facing_light,included
2026-09-04T05:24:41+08:00,1784.7,496.4,0.4964,30.03,66.28,1002.42,941.7,65.5,sht20,bh1750,fixed_position_sensor_facing_light,included
2026-09-04T05:29:42+08:00,1782.8,497.4,0.4974,30.02,63.98,1002.45,941.7,63.5,sht20,bh1750,fixed_position_sensor_facing_light,included
2026-09-04T05:34:43+08:00,1780.1,496.5,0.4965,29.47,58.65,1002.65,955.0,62.5,sht20,bh1750,fixed_position_sensor_facing_light,included
2026-09-04T05:39:43+08:00,1790.8,497.0,0.497,29.44,55.26,1002.68,941.7,62.5,sht20,bh1750,fixed_position_sensor_facing_light,included
2026-09-04T05:44:44+08:00,1789.0,496.0,0.496,29.42,61.39,1002.8,955.0,62.5,sht20,bh1750,fixed_position_sensor_facing_light,included
2026-09-04T05:49:46+08:00,1788.6,496.3,0.4963,29.51,63.04,1002.74,940.8,62.5,sht20,bh1750,fixed_position_sensor_facing_light,included
2026-09-04T05:54:46+08:00,1785.3,497.6,0.4976,29.61,64.32,1002.83,948.3,62.5,sht20,bh1750,fixed_position_sensor_facing_light,included
2026-09-04T05:59:47+08:00,1785.9,499.0,0.499,29.61,65.9,1002.86,940.8,62.5,sht20,bh1750,fixed_position_sensor_facing_light,included
2026-09-04T06:04:47+08:00,1786.6,498.6,0.4986,29.66,67.48,1002.88,941.7,62.5,sht20,bh1750,fixed_position_sensor_facing_light,included
2026-09-04T06:09:48+08:00,1786.5,498.1,0.4981,29.72,67.39,1002.88,942.5,62.5,sht20,bh1750,fixed_position_sensor_facing_light,included
2026-09-04T06:14:48+08:00,1785.2,496.5,0.4965,29.81,66.61,1002.86,941.7,62.5,sht20,bh1750,fixed_position_sensor_facing_light,included
2026-09-04T06:19:49+08:00,1791.5,498.5,0.4985,29.92,66.42,1002.86,942.5,62.5,sht20,bh1750,fixed_position_sensor_facing_light,included
2026-09-04T06:24:50+08:00,1782.2,497.3,0.4973,30.21,64.86,1002.86,941.7,62.5,sht20,bh1750,fixed_position_sensor_facing_light,included
2026-09-04T06:29:50+08:00,1785.1,497.7,0.4977,29.49,58.96,1003.02,953.3,62.5,sht20,bh1750,fixed_position_sensor_facing_light,included
2026-09-04T06:34:51+08:00,1794.1,496.9,0.4969,29.28,56.35,1002.99,943.3,62.5,sht20,bh1750,fixed_position_sensor_facing_light,included
2026-09-04T06:39:51+08:00,1788.6,497.5,0.4975,29.21,60.26,1003.1,943.3,61.5,sht20,bh1750,fixed_position_sensor_facing_light,included
2026-09-04T06:44:52+08:00,1785.7,497.4,0.4974,29.37,62.92,1003.16,943.3,61.5,sht20,bh1750,fixed_position_sensor_facing_light,included
2026-09-04T06:49:53+08:00,1789.8,496.9,0.4969,29.44,64.4,1003.36,943.3,61.5,sht20,bh1750,fixed_position_sensor_facing_light,included
2026-09-04T06:54:53+08:00,1786.3,498.7,0.4987,29.62,65.5,1003.36,946.7,61.5,sht20,bh1750,fixed_position_sensor_facing_light,included
2026-09-04T06:59:54+08:00,1787.7,498.8,0.4988,29.66,66.7,1003.53,930.8,62.5,sht20,bh1750,fixed_position_sensor_facing_light,included
2026-09-04T07:04:54+08:00,1786.0,498.0,0.498,29.72,67.49,1003.65,942.5,63.5,sht20,bh1750,fixed_position_sensor_facing_light,included
2026-09-04T07:09:55+08:00,1787.8,497.0,0.497,29.76,67.36,1003.56,943.3,64.5,sht20,bh1750,fixed_position_sensor_facing_light,included
2026-09-04T07:14:56+08:00,1791.9,499.0,0.499,29.92,66.53,1003.59,943.3,63.5,sht20,bh1750,fixed_position_sensor_facing_light,included
2026-09-04T07:19:57+08:00,1788.7,496.7,0.4967,30.19,65.14,1003.59,943.3,62.5,sht20,bh1750,fixed_position_sensor_facing_light,included
2026-09-04T07:24:57+08:00,1791.7,497.5,0.4975,29.81,60.05,1003.53,940.8,62.5,sht20,bh1750,fixed_position_sensor_facing_light,included
2026-09-04T07:29:58+08:00,1791.0,495.2,0.4952,29.34,58.16,1003.59,941.7,62.5,sht20,bh1750,fixed_position_sensor_facing_light,included
2026-09-04T07:34:58+08:00,1782.6,498.2,0.4982,29.26,61.34,1003.85,942.5,61.5,sht20,bh1750,fixed_position_sensor_facing_light,included
2026-09-04T07:39:59+08:00,1789.8,499.5,0.4995,29.47,63.47,1003.82,943.3,61.5,sht20,bh1750,fixed_position_sensor_facing_light,included
2026-09-04T07:45:00+08:00,1793.7,497.4,0.4974,29.54,65.51,1003.82,944.2,61.5,sht20,bh1750,fixed_position_sensor_facing_light,included
2026-09-04T07:50:00+08:00,1791.0,497.1,0.4971,29.66,67.01,1004.03,942.5,63.5,sht20,bh1750,fixed_position_sensor_facing_light,included
2026-09-04T07:55:01+08:00,1788.4,496.8,0.4968,29.64,68.49,1004.11,954.2,62.5,sht20,bh1750,fixed_position_sensor_facing_light,included
2026-09-04T08:00:02+08:00,1787.7,498.4,0.4984,29.61,69.56,1004.02,928.3,62.5,sht20,bh1750,fixed_position_sensor_facing_light,included
2026-09-04T08:05:03+08:00,1788.9,496.9,0.4969,29.8,69.07,1004.14,946.7,63.5,sht20,bh1750,fixed_position_sensor_facing_light,included
2026-09-04T08:10:03+08:00,1782.7,498.6,0.4986,29.95,68.1,1004.2,950.8,64.5,sht20,bh1750,fixed_position_sensor_facing_light,included
2026-09-04T08:15:04+08:00,1787.7,499.2,0.4992,30.15,66.54,1004.49,950.0,63.5,sht20,bh1750,fixed_position_sensor_facing_light,included
2026-09-04T08:20:04+08:00,1788.6,498.7,0.4987,29.76,61.93,1004.58,952.5,62.5,sht20,bh1750,fixed_position_sensor_facing_light,included
2026-09-04T08:25:05+08:00,1791.2,498.8,0.4988,29.52,58.61,1004.55,950.8,62.5,sht20,bh1750,fixed_position_sensor_facing_light,included
2026-09-04T08:30:06+08:00,1790.4,499.7,0.4997,29.19,59.32,1004.63,957.5,63.5,sht20,bh1750,fixed_position_sensor_facing_light,included
2026-09-04T08:35:06+08:00,1795.8,499.2,0.4992,29.41,64.69,1004.75,950.8,63.5,sht20,bh1750,fixed_position_sensor_facing_light,included
2026-09-04T08:40:06+08:00,1787.0,498.9,0.4989,29.58,65.05,1004.77,953.3,62.5,sht20,bh1750,fixed_position_sensor_facing_light,included
2026-09-04T08:45:07+08:00,1787.8,499.1,0.4991,29.59,67.16,1004.88,952.5,62.5,sht20,bh1750,fixed_position_sensor_facing_light,included
2026-09-04T08:50:07+08:00,1790.2,498.5,0.4985,29.62,68.21,1004.91,965.8,62.5,sht20,bh1750,fixed_position_sensor_facing_light,included
2026-09-04T08:55:08+08:00,1790.7,498.0,0.498,29.65,69.58,1005.06,952.5,62.5,sht20,bh1750,fixed_position_sensor_facing_light,included
2026-09-04T09:00:09+08:00,1788.6,499.3,0.4992,29.73,70.06,1005.06,964.2,63.5,sht20,bh1750,fixed_position_sensor_facing_light,included
2026-09-04T09:05:09+08:00,1784.2,498.1,0.4981,29.77,69.75,1004.97,964.2,62.5,sht20,bh1750,fixed_position_sensor_facing_light,included
2026-09-04T09:10:10+08:00,1785.0,497.0,0.497,30.0,68.46,1005.06,965.0,62.5,sht20,bh1750,fixed_position_sensor_facing_light,included
2026-09-04T09:15:10+08:00,1788.2,497.8,0.4978,30.17,67.48,1005.06,956.7,62.5,sht20,bh1750,fixed_position_sensor_facing_light,included
2026-09-04T09:20:11+08:00,1790.9,496.8,0.4968,29.64,62.24,1005.06,952.5,64.5,sht20,bh1750,fixed_position_sensor_facing_light,included
2026-09-04T09:25:11+08:00,1794.0,498.9,0.4989,29.34,58.92,1005.05,952.5,64.5,sht20,bh1750,fixed_position_sensor_facing_light,included
2026-09-04T09:30:12+08:00,1792.0,499.3,0.4993,29.33,63.3,1005.08,951.7,62.5,sht20,bh1750,fixed_position_sensor_facing_light,included
2026-09-04T09:35:13+08:00,1788.5,501.1,0.5011,29.48,65.78,1005.11,952.5,62.5,sht20,bh1750,fixed_position_sensor_facing_light,included
2026-09-04T09:40:13+08:00,1793.9,499.1,0.4991,29.62,67.01,1005.14,952.5,62.5,sht20,bh1750,fixed_position_sensor_facing_light,included
2026-09-04T09:45:14+08:00,1799.7,500.9,0.5009,29.7,68.3,1005.2,950.8,63.5,sht20,bh1750,fixed_position_sensor_facing_light,included
2026-09-04T09:50:15+08:00,1790.5,498.8,0.4988,29.65,69.7,1005.15,953.3,62.5,sht20,bh1750,fixed_position_sensor_facing_light,included
2026-09-04T09:55:15+08:00,1788.8,498.0,0.498,29.74,70.52,1005.29,952.5,64.5,sht20,bh1750,fixed_position_sensor_facing_light,included
2026-09-04T10:00:16+08:00,1792.1,497.9,0.4979,29.76,70.69,1005.26,943.3,62.5,sht20,bh1750,fixed_position_sensor_facing_light,included
2026-09-04T10:05:17+08:00,1786.9,498.6,0.4986,29.92,70.13,1004.92,943.3,62.5,sht20,bh1750,fixed_position_sensor_facing_light,included
2026-09-04T10:10:17+08:00,1792.7,499.2,0.4992,30.09,68.75,1004.92,952.5,62.5,sht20,bh1750,fixed_position_sensor_facing_light,included
2026-09-04T10:15:18+08:00,1787.8,498.2,0.4982,29.92,65.35,1004.97,952.5,64.5,sht20,bh1750,fixed_position_sensor_facing_light,included
2026-09-04T10:20:18+08:00,1793.2,500.0,0.5,29.38,60.76,1005.0,950.8,62.5,sht20,bh1750,fixed_position_sensor_facing_light,included
2026-09-04T10:25:19+08:00,1788.6,498.5,0.4985,29.22,62.1,1005.29,951.7,61.5,sht20,bh1750,fixed_position_sensor_facing_light,included
2026-09-04T10:30:20+08:00,1797.7,497.8,0.4978,29.49,65.92,1005.26,943.3,63.5,sht20,bh1750,fixed_position_sensor_facing_light,included
2026-09-04T10:35:20+08:00,1789.6,500.1,0.5001,29.6,67.17,1005.09,953.3,62.5,sht20,bh1750,fixed_position_sensor_facing_light,included
2026-09-04T10:40:21+08:00,1787.7,500.3,0.5003,29.64,68.26,1005.12,953.3,62.5,sht20,bh1750,fixed_position_sensor_facing_light,included
2026-09-04T10:45:22+08:00,1798.1,498.4,0.4984,29.62,70.07,1005.32,952.5,62.5,sht20,bh1750,fixed_position_sensor_facing_light,included
2026-09-04T10:50:22+08:00,1798.5,499.3,0.4993,29.73,70.0,1005.44,952.5,62.5,sht20,bh1750,fixed_position_sensor_facing_light,included
2026-09-04T10:55:23+08:00,1793.5,500.0,0.5,29.73,71.03,1005.44,952.5,62.5,sht20,bh1750,fixed_position_sensor_facing_light,included
2026-09-04T11:00:24+08:00,1791.6,499.8,0.4998,29.88,70.64,1005.61,940.0,62.5,sht20,bh1750,fixed_position_sensor_facing_light,included
2026-09-04T11:05:24+08:00,1789.9,499.4,0.4994,30.09,69.0,1005.56,953.3,64.5,sht20,bh1750,fixed_position_sensor_facing_light,included
2026-09-04T11:10:25+08:00,1790.6,498.1,0.4981,30.24,68.06,1005.38,940.0,65.5,sht20,bh1750,fixed_position_sensor_facing_light,included
2026-09-04T11:15:25+08:00,1792.5,499.0,0.499,29.64,62.94,1005.38,951.7,63.5,sht20,bh1750,fixed_position_sensor_facing_light,included
2026-09-04T11:20:26+08:00,1793.7,499.4,0.4994,29.35,59.64,1005.4,951.7,62.5,sht20,bh1750,fixed_position_sensor_facing_light,included
2026-09-04T11:25:26+08:00,1786.7,500.1,0.5001,29.23,64.17,1005.4,952.5,63.5,sht20,bh1750,fixed_position_sensor_facing_light,included
2026-09-04T11:30:27+08:00,1796.7,500.0,0.5,29.56,69.63,1005.32,952.5,64.5,sht20,bh1750,fixed_position_sensor_facing_light,included
2026-09-04T11:35:27+08:00,1796.5,498.5,0.4985,29.72,70.86,1005.32,955.0,62.5,sht20,bh1750,fixed_position_sensor_facing_light,included
2026-09-04T11:40:28+08:00,1797.8,500.9,0.5009,29.61,72.55,1005.41,950.0,62.5,sht20,bh1750,fixed_position_sensor_facing_light,included
2026-09-04T11:45:29+08:00,1790.1,499.3,0.4993,29.72,73.52,1005.35,952.5,62.5,sht20,bh1750,fixed_position_sensor_facing_light,included
2026-09-04T11:50:29+08:00,1796.2,498.3,0.4983,29.78,74.02,1005.32,946.7,64.5,sht20,bh1750,fixed_position_sensor_facing_light,included
2026-09-04T11:55:30+08:00,1790.8,500.0,0.5,29.76,74.89,1005.38,950.8,64.5,sht20,bh1750,fixed_position_sensor_facing_light,included
2026-09-04T12:00:30+08:00,1792.8,498.4,0.4984,29.79,75.54,1005.26,947.5,62.5,sht20,bh1750,fixed_position_sensor_facing_light,included
2026-09-04T12:05:31+08:00,1793.4,499.5,0.4995,29.89,74.91,1005.18,952.5,62.5,sht20,bh1750,fixed_position_sensor_facing_light,included
2026-09-04T12:10:31+08:00,1790.9,499.6,0.4996,30.06,73.96,1005.15,953.3,62.5,sht20,bh1750,fixed_position_sensor_facing_light,included
2026-09-04T12:15:32+08:00,1792.2,498.4,0.4984,30.26,72.41,1004.98,951.7,62.5,sht20,bh1750,fixed_position_sensor_facing_light,included
2026-09-04T12:20:33+08:00,1792.9,497.9,0.4979,29.71,66.33,1004.97,951.7,62.5,sht20,bh1750,fixed_position_sensor_facing_light,included
2026-09-04T12:25:33+08:00,1788.9,499.8,0.4998,29.37,63.15,1004.82,949.2,61.5,sht20,bh1750,fixed_position_sensor_facing_light,included
2026-09-04T12:30:33+08:00,1795.5,499.3,0.4993,29.15,64.24,1004.94,940.0,63.5,sht20,bh1750,fixed_position_sensor_facing_light,included
2026-09-04T12:35:34+08:00,1797.7,500.5,0.5005,29.46,69.05,1004.85,953.3,62.5,sht20,bh1750,fixed_position_sensor_facing_light,included
2026-09-04T12:40:35+08:00,1793.6,498.9,0.4989,29.57,70.16,1004.88,962.5,62.5,sht20,bh1750,fixed_position_sensor_facing_light,included
2026-09-04T12:45:35+08:00,1795.6,500.4,0.5004,29.61,71.71,1004.72,953.3,63.5,sht20,bh1750,fixed_position_sensor_facing_light,included
2026-09-05T09:25:42+08:00,1806.9,505.1,0.5051,29.22,65.95,1007.03,933.3,61.5,sht20,bh1750,fixed_position_sensor_facing_light,included
2026-09-05T09:30:43+08:00,1812.6,504.1,0.5041,29.5,72.28,1007.04,938.3,61.5,sht20,bh1750,fixed_position_sensor_facing_light,included
2026-09-05T09:35:44+08:00,1816.7,504.7,0.5047,29.51,73.38,1007.01,946.7,62.5,sht20,bh1750,fixed_position_sensor_facing_light,included
2026-09-05T09:40:44+08:00,1811.1,504.0,0.504,29.66,74.89,1007.07,944.2,62.5,sht20,bh1750,fixed_position_sensor_facing_light,included
2026-09-05T09:45:45+08:00,1809.9,502.8,0.5028,29.66,76.38,1007.07,935.0,64.5,sht20,bh1750,fixed_position_sensor_facing_light,included
2026-09-05T09:50:46+08:00,1807.0,504.6,0.5046,29.62,77.34,1007.01,943.3,64.5,sht20,bh1750,fixed_position_sensor_facing_light,included
2026-09-05T09:55:46+08:00,1812.0,503.6,0.5036,29.68,78.27,1007.01,943.3,62.5,sht20,bh1750,fixed_position_sensor_facing_light,included
2026-09-05T10:00:47+08:00,1815.0,502.8,0.5028,29.79,78.05,1006.95,943.3,62.5,sht20,bh1750,fixed_position_sensor_facing_light,included
2026-09-05T10:05:48+08:00,1812.9,504.7,0.5047,29.74,78.47,1006.98,940.0,63.5,sht20,bh1750,fixed_position_sensor_facing_light,included
2026-09-05T10:10:48+08:00,1812.4,504.3,0.5042,29.82,78.17,1007.04,944.2,64.5,sht20,bh1750,fixed_position_sensor_facing_light,included
2026-09-05T10:15:49+08:00,1807.2,503.3,0.5033,29.91,77.66,1007.07,944.2,62.5,sht20,bh1750,fixed_position_sensor_facing_light,included
2026-09-05T10:20:50+08:00,1809.2,503.5,0.5035,30.1,76.37,1006.93,946.7,62.5,sht20,bh1750,fixed_position_sensor_facing_light,included
2026-09-06T09:27:55+08:00,1847.0,514.5,0.5145,29.87,68.11,1008.56,785.0,64.5,sht20,bh1750,fixed_position_sensor_facing_light,included
2026-09-06T09:32:56+08:00,1851.7,514.4,0.5144,29.74,69.0,1008.56,780.8,62.5,sht20,bh1750,fixed_position_sensor_facing_light,included
2026-09-06T09:37:56+08:00,1851.2,515.7,0.5157,29.74,68.79,1008.67,780.0,62.5,sht20,bh1750,fixed_position_sensor_facing_light,included
2026-09-06T09:42:57+08:00,1851.4,515.0,0.515,29.79,68.73,1008.56,780.0,62.5,sht20,bh1750,fixed_position_sensor_facing_light,included
2026-09-06T09:47:58+08:00,1844.0,515.1,0.5151,29.73,69.32,1008.53,780.8,62.5,sht20,bh1750,fixed_position_sensor_facing_light,included
2026-09-06T09:52:58+08:00,1850.8,514.9,0.5149,29.81,69.13,1008.68,780.0,62.5,sht20,bh1750,fixed_position_sensor_facing_light,included
2026-09-06T09:57:59+08:00,1856.4,514.9,0.5149,29.85,69.2,1008.56,780.8,64.5,sht20,bh1750,fixed_position_sensor_facing_light,included
2026-09-06T10:03:00+08:00,1845.2,514.1,0.5141,29.88,68.77,1008.47,779.2,62.5,sht20,bh1750,fixed_position_sensor_facing_light,included
2026-09-06T10:08:00+08:00,1844.3,514.2,0.5142,29.92,68.79,1008.34,775.8,64.5,sht20,bh1750,fixed_position_sensor_facing_light,included
2026-09-06T10:13:01+08:00,1847.2,514.3,0.5143,29.86,69.21,1008.37,776.7,62.5,sht20,bh1750,fixed_position_sensor_facing_light,included
2026-09-06T10:18:01+08:00,1848.8,514.1,0.5141,29.81,69.76,1008.5,780.0,62.5,sht20,bh1750,fixed_position_sensor_facing_light,included
2026-09-06T10:23:02+08:00,1845.8,513.4,0.5134,29.89,69.34,1008.44,780.8,62.5,sht20,bh1750,fixed_position_sensor_facing_light,included
2026-09-06T10:28:02+08:00,1843.2,514.9,0.5149,29.9,69.19,1008.43,790.0,62.5,sht20,bh1750,fixed_position_sensor_facing_light,included
2026-09-06T10:33:03+08:00,1847.0,514.2,0.5142,29.81,69.82,1008.5,779.2,62.5,sht20,bh1750,fixed_position_sensor_facing_light,included
2026-09-06T10:38:06+08:00,1847.4,513.0,0.513,29.8,70.07,1008.47,782.5,62.5,sht20,bh1750,fixed_position_sensor_facing_light,included
2026-09-06T10:43:07+08:00,1849.1,515.5,0.5155,29.81,69.94,1008.34,778.3,62.5,sht20,bh1750,fixed_position_sensor_facing_light,included
2026-09-06T10:48:07+08:00,1851.6,514.7,0.5148,29.72,70.66,1008.33,777.5,63.5,sht20,bh1750,fixed_position_sensor_facing_light,included
2026-09-06T10:53:08+08:00,1855.4,513.9,0.5139,29.65,70.75,1008.44,778.3,64.5,sht20,bh1750,fixed_position_sensor_facing_light,included
2026-09-06T10:58:09+08:00,1850.0,514.8,0.5148,29.63,70.53,1008.3,781.7,62.5,sht20,bh1750,fixed_position_sensor_facing_light,included
2026-09-06T11:03:09+08:00,1845.3,513.9,0.5139,29.72,70.33,1008.19,790.8,62.5,sht20,bh1750,fixed_position_sensor_facing_light,included
2026-09-06T11:08:10+08:00,1843.4,514.8,0.5148,29.75,69.82,1008.13,778.3,62.5,sht20,bh1750,fixed_position_sensor_facing_light,included
2026-09-06T11:13:11+08:00,1848.9,514.1,0.5141,29.71,70.01,1008.22,790.0,62.5,sht20,bh1750,fixed_position_sensor_facing_light,included
2026-09-06T11:18:12+08:00,1850.6,514.2,0.5142,29.66,70.63,1008.19,777.5,63.5,sht20,bh1750,fixed_position_sensor_facing_light,included
2026-09-06T11:23:12+08:00,1847.6,514.0,0.514,29.66,70.91,1008.16,777.5,64.5,sht20,bh1750,fixed_position_sensor_facing_light,included
2026-09-06T11:28:13+08:00,1849.9,515.9,0.5159,29.7,70.3,1008.13,780.0,62.5,sht20,bh1750,fixed_position_sensor_facing_light,included
2026-09-06T11:33:13+08:00,1848.8,514.2,0.5142,29.72,70.22,1008.02,780.0,62.5,sht20,bh1750,fixed_position_sensor_facing_light,included
2026-09-06T11:38:14+08:00,1848.9,514.0,0.514,29.79,70.92,1008.19,783.3,62.5,sht20,bh1750,fixed_position_sensor_facing_light,included
2026-09-06T11:43:14+08:00,1847.2,514.6,0.5146,29.8,70.77,1008.08,769.2,63.5,sht20,bh1750,fixed_position_sensor_facing_light,included
2026-09-06T11:48:15+08:00,1845.9,516.0,0.516,29.74,71.73,1008.19,750.8,64.5,sht20,bh1750,fixed_position_sensor_facing_light,included
2026-09-06T11:53:16+08:00,1838.9,514.2,0.5142,29.82,71.39,1008.08,754.2,62.5,sht20,bh1750,fixed_position_sensor_facing_light,included
2026-09-06T11:58:17+08:00,1850.3,515.0,0.515,29.85,71.12,1008.08,745.0,62.5,sht20,bh1750,fixed_position_sensor_facing_light,included
2026-09-06T12:03:18+08:00,1847.0,515.0,0.515,29.87,71.48,1007.97,752.5,64.5,sht20,bh1750,fixed_position_sensor_facing_light,included
2026-09-06T12:08:18+08:00,1848.4,513.6,0.5136,29.88,71.64,1007.77,745.0,62.5,sht20,bh1750,fixed_position_sensor_facing_light,included
2026-09-06T12:13:19+08:00,1851.7,515.8,0.5158,29.8,72.17,1007.68,744.2,64.5,sht20,bh1750,fixed_position_sensor_facing_light,included
2026-09-06T12:18:20+08:00,1852.9,515.3,0.5153,29.82,72.39,1007.62,755.0,62.5,sht20,bh1750,fixed_position_sensor_facing_light,included
2026-09-06T12:23:20+08:00,1851.5,516.7,0.5167,29.86,72.0,1007.59,745.8,64.5,sht20,bh1750,fixed_position_sensor_facing_light,included
2026-09-06T12:28:21+08:00,1850.8,514.0,0.514,29.89,72.13,1007.48,738.3,62.5,sht20,bh1750,fixed_position_sensor_facing_light,included
2026-09-06T12:33:21+08:00,1847.9,514.1,0.5141,29.93,72.39,1007.51,743.3,62.5,sht20,bh1750,fixed_position_sensor_facing_light,included
2026-09-06T12:38:22+08:00,1854.8,513.9,0.5139,29.9,72.41,1007.36,735.8,64.5,sht20,bh1750,fixed_position_sensor_facing_light,included
2026-09-06T12:43:23+08:00,1848.7,514.1,0.5141,29.83,72.97,1007.3,750.0,62.5,sht20,bh1750,fixed_position_sensor_facing_light,included
2026-09-06T12:48:24+08:00,1844.7,514.6,0.5146,29.85,73.17,1007.27,753.3,62.5,sht20,bh1750,fixed_position_sensor_facing_light,included
2026-09-06T12:53:24+08:00,1852.1,515.0,0.515,29.79,73.12,1007.33,744.2,62.5,sht20,bh1750,fixed_position_sensor_facing_light,included
2026-09-06T12:58:25+08:00,1849.1,515.6,0.5156,29.86,73.12,1007.33,745.0,62.5,sht20,bh1750,fixed_position_sensor_facing_light,included
2026-09-06T13:03:26+08:00,1851.1,515.7,0.5157,29.75,73.29,1007.19,745.8,62.5,sht20,bh1750,fixed_position_sensor_facing_light,included
2026-09-06T13:08:26+08:00,1855.7,514.8,0.5148,29.75,73.25,1007.16,745.0,64.5,sht20,bh1750,fixed_position_sensor_facing_light,included
2026-09-06T13:13:27+08:00,1854.7,515.2,0.5152,29.79,73.47,1007.1,741.7,64.5,sht20,bh1750,fixed_position_sensor_facing_light,included
2026-09-06T13:18:28+08:00,1844.1,514.4,0.5144,29.66,74.35,1007.01,751.7,62.5,sht20,bh1750,fixed_position_sensor_facing_light,included
2026-09-06T13:23:28+08:00,1850.9,515.2,0.5152,29.79,73.72,1006.95,760.0,64.5,sht20,bh1750,fixed_position_sensor_facing_light,included
2026-09-06T13:28:29+08:00,1850.8,516.4,0.5164,29.76,73.95,1007.01,760.0,62.5,sht20,bh1750,fixed_position_sensor_facing_light,included
2026-09-06T13:33:29+08:00,1852.6,515.9,0.5159,29.73,74.12,1006.95,760.0,62.5,sht20,bh1750,fixed_position_sensor_facing_light,included
2026-09-06T13:38:30+08:00,1849.7,516.0,0.516,29.75,74.18,1006.98,759.2,62.5,sht20,bh1750,fixed_position_sensor_facing_light,included
2026-09-06T13:43:31+08:00,1848.9,515.0,0.515,29.72,74.42,1006.87,761.7,63.5,sht20,bh1750,fixed_position_sensor_facing_light,included
2026-09-06T13:48:31+08:00,1847.4,515.1,0.5151,29.7,74.14,1006.87,765.0,64.5,sht20,bh1750,fixed_position_sensor_facing_light,included
2026-09-07T09:29:45+08:00,1858.9,518.8,0.5188,29.86,67.33,1008.56,770.0,63.5,sht20,bh1750,fixed_position_sensor_facing_light,included
2026-09-07T09:34:45+08:00,1860.8,519.7,0.5197,29.85,67.31,1008.62,760.8,62.5,sht20,bh1750,fixed_position_sensor_facing_light,included
2026-09-07T09:39:46+08:00,1860.8,517.0,0.517,29.83,66.96,1008.79,761.7,64.5,sht20,bh1750,fixed_position_sensor_facing_light,included
2026-09-07T09:44:47+08:00,1860.4,518.9,0.5189,29.78,66.78,1008.65,750.0,62.5,sht20,bh1750,fixed_position_sensor_facing_light,included
2026-09-07T09:49:47+08:00,1855.1,518.9,0.5189,29.83,66.85,1008.62,763.3,62.5,sht20,bh1750,fixed_position_sensor_facing_light,included
2026-09-07T09:54:48+08:00,1862.9,519.1,0.5191,29.81,66.33,1008.7,771.7,62.5,sht20,bh1750,fixed_position_sensor_facing_light,included
2026-09-07T09:59:49+08:00,1859.1,516.9,0.5169,29.88,66.45,1008.68,765.0,62.5,sht20,bh1750,fixed_position_sensor_facing_light,included
2026-09-07T10:04:50+08:00,1866.3,518.4,0.5184,29.85,66.56,1008.76,755.8,63.5,sht20,bh1750,fixed_position_sensor_facing_light,included
2026-09-07T10:09:51+08:00,1854.1,518.6,0.5186,29.87,66.49,1008.62,762.5,64.5,sht20,bh1750,fixed_position_sensor_facing_light,included
2026-09-07T10:14:51+08:00,1859.3,518.4,0.5184,29.86,66.9,1008.65,763.3,64.5,sht20,bh1750,fixed_position_sensor_facing_light,included
2026-09-07T10:19:51+08:00,1857.5,519.5,0.5195,29.85,66.53,1008.53,753.3,62.5,sht20,bh1750,fixed_position_sensor_facing_light,included
2026-09-07T10:24:52+08:00,1861.5,517.8,0.5178,29.88,66.85,1008.53,771.7,62.5,sht20,bh1750,fixed_position_sensor_facing_light,included
2026-09-07T10:29:53+08:00,1867.5,519.2,0.5192,29.9,66.38,1008.44,770.8,62.5,sht20,bh1750,fixed_position_sensor_facing_light,included
2026-09-07T10:34:53+08:00,1860.2,516.6,0.5166,29.88,66.47,1008.53,772.5,63.5,sht20,bh1750,fixed_position_sensor_facing_light,included
2026-09-07T10:39:54+08:00,1861.4,517.2,0.5172,29.87,66.34,1008.53,780.8,62.5,sht20,bh1750,fixed_position_sensor_facing_light,included
2026-09-07T10:44:54+08:00,1867.0,517.5,0.5175,29.88,66.46,1008.47,775.0,63.5,sht20,bh1750,fixed_position_sensor_facing_light,included
2026-09-07T10:49:55+08:00,1864.2,519.3,0.5193,29.94,66.09,1008.47,770.8,64.5,sht20,bh1750,fixed_position_sensor_facing_light,included
2026-09-07T10:54:55+08:00,1854.8,517.7,0.5177,29.93,66.36,1008.53,775.0,62.5,sht20,bh1750,fixed_position_sensor_facing_light,included
2026-09-07T10:59:56+08:00,1860.4,517.7,0.5177,29.94,67.34,1008.37,767.5,64.5,sht20,bh1750,fixed_position_sensor_facing_light,included
2026-09-07T11:04:56+08:00,1857.6,517.0,0.517,30.02,66.94,1008.43,771.7,64.5,sht20,bh1750,fixed_position_sensor_facing_light,included
2026-09-07T11:09:57+08:00,1864.3,517.9,0.5179,30.02,66.59,1008.28,774.2,64.5,sht20,bh1750,fixed_position_sensor_facing_light,included
2026-09-07T11:14:57+08:00,1859.7,517.7,0.5177,30.07,66.77,1008.25,773.3,65.5,sht20,bh1750,fixed_position_sensor_facing_light,included
2026-09-07T11:19:58+08:00,1856.5,517.5,0.5175,30.07,66.72,1008.25,767.5,65.5,sht20,bh1750,fixed_position_sensor_facing_light,included
2026-09-07T11:25:00+08:00,1859.7,516.7,0.5167,30.07,66.72,1008.25,723.3,65.5,sht20,bh1750,fixed_position_sensor_facing_light,included
2026-09-07T11:30:01+08:00,1849.7,515.8,0.5158,30.06,66.69,1008.11,723.3,62.5,sht20,bh1750,fixed_position_sensor_facing_light,included
2026-09-07T11:35:02+08:00,1851.5,515.4,0.5154,30.05,66.33,1008.08,712.5,62.5,sht20,bh1750,fixed_position_sensor_facing_light,included
2026-09-07T11:40:04+08:00,1848.4,514.3,0.5143,30.08,65.53,1008.05,722.5,62.5,sht20,bh1750,fixed_position_sensor_facing_light,included
2026-09-07T11:45:04+08:00,1849.5,516.6,0.5166,30.09,64.93,1007.92,721.7,62.5,sht20,bh1750,fixed_position_sensor_facing_light,included
2026-09-07T11:50:04+08:00,1846.7,515.7,0.5157,30.08,65.12,1007.8,718.3,62.5,sht20,bh1750,fixed_position_sensor_facing_light,included
2026-09-07T11:55:05+08:00,1850.0,516.3,0.5163,30.07,64.7,1007.83,710.8,62.5,sht20,bh1750,fixed_position_sensor_facing_light,included
2026-09-07T12:00:06+08:00,1852.1,515.5,0.5155,30.09,64.45,1007.86,716.7,62.5,sht20,bh1750,fixed_position_sensor_facing_light,included
2026-09-07T12:05:06+08:00,1853.9,513.6,0.5136,30.11,63.21,1007.71,716.7,62.5,sht20,bh1750,fixed_position_sensor_facing_light,included
2026-09-07T12:10:07+08:00,1851.2,514.8,0.5148,30.15,63.09,1007.66,716.7,62.5,sht20,bh1750,fixed_position_sensor_facing_light,included
2026-09-07T12:15:07+08:00,1850.1,516.3,0.5163,30.13,62.6,1007.68,716.7,64.5,sht20,bh1750,fixed_position_sensor_facing_light,included
2026-09-07T12:20:08+08:00,1850.4,517.6,0.5176,30.1,62.7,1007.57,715.8,62.5,sht20,bh1750,fixed_position_sensor_facing_light,included
2026-09-07T12:25:08+08:00,1849.0,515.2,0.5152,30.13,62.21,1007.68,717.5,62.5,sht20,bh1750,fixed_position_sensor_facing_light,included
2026-09-07T12:30:09+08:00,1849.7,516.6,0.5166,30.13,61.8,1007.57,716.7,62.5,sht20,bh1750,fixed_position_sensor_facing_light,included
2026-09-07T12:35:10+08:00,1851.3,515.5,0.5155,30.18,61.57,1007.45,707.5,62.5,sht20,bh1750,fixed_position_sensor_facing_light,included
2026-09-07T12:40:11+08:00,1849.8,515.9,0.5159,30.13,61.6,1007.42,715.8,62.5,sht20,bh1750,fixed_position_sensor_facing_light,included
2026-09-07T12:45:12+08:00,1850.9,515.0,0.515,30.16,61.2,1007.57,729.2,62.5,sht20,bh1750,fixed_position_sensor_facing_light,included
2026-09-07T12:50:13+08:00,1850.2,515.6,0.5156,30.15,61.45,1007.28,715.8,64.5,sht20,bh1750,fixed_position_sensor_facing_light,included
2026-09-07T12:55:15+08:00,1849.4,514.8,0.5148,30.12,61.6,1007.37,725.8,62.5,sht20,bh1750,fixed_position_sensor_facing_light,included
2026-09-07T13:00:15+08:00,1852.5,515.0,0.515,30.17,61.71,1007.25,724.2,62.5,sht20,bh1750,fixed_position_sensor_facing_light,included
2026-09-07T13:05:15+08:00,1853.6,514.7,0.5147,30.18,61.18,1007.22,715.0,62.5,sht20,bh1750,fixed_position_sensor_facing_light,included
2026-09-07T13:10:17+08:00,1847.5,513.8,0.5138,30.13,61.58,1007.34,715.0,64.5,sht20,bh1750,fixed_position_sensor_facing_light,included
2026-09-07T13:15:17+08:00,1850.3,515.6,0.5156,30.17,61.41,1007.28,715.0,62.5,sht20,bh1750,fixed_position_sensor_facing_light,included
2026-09-07T13:20:18+08:00,1847.3,515.7,0.5157,30.19,61.43,1007.28,715.0,64.5,sht20,bh1750,fixed_position_sensor_facing_light,included
2026-09-07T13:25:19+08:00,1847.5,515.6,0.5156,30.23,61.27,1007.22,710.0,63.5,sht20,bh1750,fixed_position_sensor_facing_light,included
2026-09-07T13:30:20+08:00,1849.7,515.2,0.5152,30.16,61.91,1007.19,724.2,62.5,sht20,bh1750,fixed_position_sensor_facing_light,included
2026-09-07T13:35:20+08:00,1854.8,515.3,0.5153,30.13,61.7,1007.1,703.3,62.5,sht20,bh1750,fixed_position_sensor_facing_light,included
2026-09-07T13:40:21+08:00,1850.8,516.6,0.5166,30.16,62.31,1007.13,714.2,62.5,sht20,bh1750,fixed_position_sensor_facing_light,included
2026-09-07T13:45:22+08:00,1847.5,515.0,0.515,30.23,62.15,1007.05,714.2,62.5,sht20,bh1750,fixed_position_sensor_facing_light,included
2026-09-07T13:50:22+08:00,1848.9,515.6,0.5156,30.18,62.26,1007.08,714.2,62.5,sht20,bh1750,fixed_position_sensor_facing_light,included
2026-09-07T13:55:24+08:00,1853.9,515.2,0.5153,30.15,62.79,1007.08,714.2,64.5,sht20,bh1750,fixed_position_sensor_facing_light,included
2026-09-07T14:00:27+08:00,1856.9,515.6,0.5156,30.18,63.05,1006.99,716.7,62.5,sht20,bh1750,fixed_position_sensor_facing_light,included
2026-09-07T14:05:28+08:00,1850.0,515.4,0.5154,30.21,63.27,1006.99,713.3,62.5,sht20,bh1750,fixed_position_sensor_facing_light,included
2026-09-07T14:10:28+08:00,1853.8,513.1,0.5131,30.16,63.53,1007.02,720.8,62.5,sht20,bh1750,fixed_position_sensor_facing_light,included
2026-09-07T14:15:29+08:00,1849.6,515.5,0.5155,30.23,63.45,1007.02,715.0,62.5,sht20,bh1750,fixed_position_sensor_facing_light,included
2026-09-07T14:20:29+08:00,1852.3,515.6,0.5156,30.3,62.92,1006.96,705.0,62.5,sht20,bh1750,fixed_position_sensor_facing_light,included
2026-09-07T14:25:30+08:00,1848.9,517.6,0.5176,30.32,61.34,1006.96,705.0,64.5,sht20,bh1750,fixed_position_sensor_facing_light,included
2026-09-07T14:30:31+08:00,1852.3,514.5,0.5145,30.32,61.01,1007.02,715.0,62.5,sht20,bh1750,fixed_position_sensor_facing_light,included
2026-09-07T14:35:31+08:00,1850.8,515.4,0.5154,30.31,59.13,1006.96,715.0,62.5,sht20,bh1750,fixed_position_sensor_facing_light,included
2026-09-07T14:40:31+08:00,1846.3,514.4,0.5144,30.24,60.25,1007.02,708.3,62.5,sht20,bh1750,fixed_position_sensor_facing_light,included
2026-09-07T14:45:32+08:00,1849.9,515.4,0.5154,30.26,59.92,1006.76,714.2,62.5,sht20,bh1750,fixed_position_sensor_facing_light,included
2026-09-07T14:50:33+08:00,1851.5,515.7,0.5157,30.22,59.69,1006.82,704.2,62.5,sht20,bh1750,fixed_position_sensor_facing_light,included
2026-09-07T14:55:33+08:00,1850.7,514.2,0.5142,30.26,59.89,1006.82,705.0,64.5,sht20,bh1750,fixed_position_sensor_facing_light,included
2026-09-07T15:00:33+08:00,1847.9,516.1,0.5161,30.28,59.19,1006.93,714.2,65.5,sht20,bh1750,fixed_position_sensor_facing_light,included
2026-09-07T15:05:34+08:00,1846.0,514.6,0.5146,30.27,59.23,1006.9,713.3,63.5,sht20,bh1750,fixed_position_sensor_facing_light,included
2026-09-07T15:10:35+08:00,1850.8,516.5,0.5165,30.28,59.39,1006.87,715.0,62.5,sht20,bh1750,fixed_position_sensor_facing_light,included
2026-09-07T15:15:35+08:00,1855.5,515.1,0.5151,30.38,58.71,1006.91,710.0,64.5,sht20,bh1750,fixed_position_sensor_facing_light,included
2026-09-07T15:20:36+08:00,1853.0,517.1,0.5171,30.23,58.79,1007.02,715.0,63.5,sht20,bh1750,fixed_position_sensor_facing_light,included
2026-09-07T15:25:36+08:00,1849.4,514.2,0.5142,30.25,58.87,1006.87,715.0,62.5,sht20,bh1750,fixed_position_sensor_facing_light,included
2026-09-07T15:30:37+08:00,1854.7,514.3,0.5143,30.28,58.56,1006.85,714.2,64.5,sht20,bh1750,fixed_position_sensor_facing_light,included
2026-09-07T15:35:37+08:00,1852.6,516.5,0.5165,30.4,58.19,1006.91,713.3,65.5,sht20,bh1750,fixed_position_sensor_facing_light,included
2026-09-07T15:40:38+08:00,1845.0,516.5,0.5165,30.27,58.71,1006.73,714.2,63.5,sht20,bh1750,fixed_position_sensor_facing_light,included
2026-09-07T15:45:38+08:00,1849.5,516.0,0.516,30.34,58.33,1006.76,715.0,62.5,sht20,bh1750,fixed_position_sensor_facing_light,included
2026-09-07T15:50:39+08:00,1854.6,514.9,0.5149,30.27,57.84,1006.76,714.2,62.5,sht20,bh1750,fixed_position_sensor_facing_light,included
2026-09-07T15:55:40+08:00,1852.0,516.0,0.516,30.31,57.99,1006.73,705.8,62.5,sht20,bh1750,fixed_position_sensor_facing_light,included
2026-09-07T16:00:40+08:00,1847.8,515.4,0.5154,30.26,58.13,1006.67,705.0,62.5,sht20,bh1750,fixed_position_sensor_facing_light,included
2026-09-07T16:05:41+08:00,1846.7,514.4,0.5144,30.33,57.66,1006.79,714.2,62.5,sht20,bh1750,fixed_position_sensor_facing_light,included
2026-09-07T16:10:41+08:00,1855.0,515.0,0.515,30.34,57.82,1006.88,713.3,62.5,sht20,bh1750,fixed_position_sensor_facing_light,included
2026-09-07T16:15:42+08:00,1847.6,516.3,0.5163,30.31,57.91,1006.79,714.2,64.5,sht20,bh1750,fixed_position_sensor_facing_light,included
2026-09-07T16:20:43+08:00,1849.2,514.5,0.5145,30.27,57.6,1006.76,713.3,64.5,sht20,bh1750,fixed_position_sensor_facing_light,included
2026-09-07T16:25:43+08:00,1849.6,514.7,0.5147,30.23,58.16,1006.76,710.0,63.5,sht20,bh1750,fixed_position_sensor_facing_light,included
2026-09-07T16:30:43+08:00,1847.9,515.7,0.5157,30.27,57.85,1006.7,714.2,64.5,sht20,bh1750,fixed_position_sensor_facing_light,included
2026-09-07T16:35:44+08:00,1851.1,515.8,0.5158,30.27,58.0,1006.64,709.2,63.5,sht20,bh1750,fixed_position_sensor_facing_light,included
2026-09-07T16:40:45+08:00,1849.6,514.2,0.5142,30.3,58.0,1006.56,713.3,62.5,sht20,bh1750,fixed_position_sensor_facing_light,included
2026-09-07T16:45:45+08:00,1853.9,514.4,0.5144,30.26,58.17,1006.61,713.3,62.5,sht20,bh1750,fixed_position_sensor_facing_light,included
2026-09-07T16:50:46+08:00,1849.5,515.0,0.515,30.26,58.22,1006.58,702.5,62.5,sht20,bh1750,fixed_position_sensor_facing_light,included
2026-09-07T16:55:46+08:00,1849.0,515.2,0.5152,30.25,57.98,1006.58,713.3,62.5,sht20,bh1750,fixed_position_sensor_facing_light,included
2026-09-07T17:00:47+08:00,1854.3,516.0,0.516,30.3,57.76,1006.61,713.3,64.5,sht20,bh1750,fixed_position_sensor_facing_light,included
2026-09-07T17:05:47+08:00,1845.3,516.3,0.5163,30.32,57.78,1006.82,725.0,63.5,sht20,bh1750,fixed_position_sensor_facing_light,included
2026-09-07T17:10:48+08:00,1843.0,514.5,0.5145,30.32,57.95,1006.76,713.3,62.5,sht20,bh1750,fixed_position_sensor_facing_light,included
2026-09-07T17:15:48+08:00,1851.5,516.3,0.5163,30.32,58.2,1006.82,713.3,62.5,sht20,bh1750,fixed_position_sensor_facing_light,included
2026-09-07T17:20:49+08:00,1843.1,514.0,0.514,30.39,57.87,1006.79,713.3,62.5,sht20,bh1750,fixed_position_sensor_facing_light,included
2026-09-07T17:25:49+08:00,1847.7,514.7,0.5148,30.27,57.99,1006.93,712.5,62.5,sht20,bh1750,fixed_position_sensor_facing_light,included
2026-09-07T17:30:50+08:00,1850.2,515.0,0.515,30.32,58.13,1006.9,718.3,62.5,sht20,bh1750,fixed_position_sensor_facing_light,included
2026-09-07T17:35:50+08:00,1846.9,515.6,0.5156,30.28,58.41,1006.85,701.7,62.5,sht20,bh1750,fixed_position_sensor_facing_light,included
2026-09-07T17:40:51+08:00,1851.8,515.4,0.5154,30.27,57.91,1006.96,713.3,62.5,sht20,bh1750,fixed_position_sensor_facing_light,included
2026-09-07T17:45:51+08:00,1850.4,515.3,0.5153,30.25,58.35,1006.93,713.3,64.5,sht20,bh1750,fixed_position_sensor_facing_light,included
2026-09-07T17:50:52+08:00,1850.6,514.8,0.5148,30.3,58.24,1007.08,707.5,62.5,sht20,bh1750,fixed_position_sensor_facing_light,included
2026-09-07T17:55:52+08:00,1848.3,514.5,0.5145,30.33,57.96,1007.05,712.5,64.5,sht20,bh1750,fixed_position_sensor_facing_light,included
2026-09-07T18:00:53+08:00,1857.6,516.6,0.5166,30.33,57.91,1007.08,711.7,65.5,sht20,bh1750,fixed_position_sensor_facing_light,included
2026-09-07T18:05:53+08:00,1853.4,514.1,0.5141,30.32,57.8,1007.11,712.5,63.5,sht20,bh1750,fixed_position_sensor_facing_light,included
2026-09-07T18:10:54+08:00,1852.4,515.9,0.5159,30.32,58.04,1007.14,704.2,62.5,sht20,bh1750,fixed_position_sensor_facing_light,included
2026-09-07T18:15:54+08:00,1850.3,514.8,0.5148,30.32,57.85,1007.14,715.8,64.5,sht20,bh1750,fixed_position_sensor_facing_light,included
2026-09-07T18:20:55+08:00,1844.9,515.3,0.5153,30.33,57.61,1007.34,713.3,64.5,sht20,bh1750,fixed_position_sensor_facing_light,included
2026-09-07T18:25:55+08:00,1847.8,515.1,0.5151,30.33,57.58,1007.28,712.5,62.5,sht20,bh1750,fixed_position_sensor_facing_light,included
2026-09-07T18:30:56+08:00,1851.6,514.6,0.5146,30.32,58.12,1007.37,711.7,62.5,sht20,bh1750,fixed_position_sensor_facing_light,included
2026-09-07T18:35:56+08:00,1854.3,514.3,0.5143,30.31,57.99,1007.31,712.5,62.5,sht20,bh1750,fixed_position_sensor_facing_light,included
2026-09-07T18:40:57+08:00,1852.1,514.5,0.5145,30.28,58.15,1007.54,712.5,62.5,sht20,bh1750,fixed_position_sensor_facing_light,included
2026-09-07T18:45:57+08:00,1851.0,514.1,0.5141,30.31,58.16,1007.66,711.7,62.5,sht20,bh1750,fixed_position_sensor_facing_light,included
2026-09-07T18:50:58+08:00,1844.7,516.8,0.5168,30.34,58.15,1007.54,711.7,62.5,sht20,bh1750,fixed_position_sensor_facing_light,included
2026-09-07T18:55:59+08:00,1848.0,515.2,0.5152,30.35,57.92,1007.69,726.7,62.5,sht20,bh1750,fixed_position_sensor_facing_light,included
2026-09-07T19:00:59+08:00,1857.0,516.5,0.5165,30.34,58.13,1007.69,710.0,64.5,sht20,bh1750,fixed_position_sensor_facing_light,included
2026-09-07T19:05:59+08:00,1849.5,514.1,0.5141,30.37,57.9,1007.72,725.0,64.5,sht20,bh1750,fixed_position_sensor_facing_light,included
2026-09-07T19:11:00+08:00,1852.0,515.2,0.5152,30.33,58.35,1007.89,714.2,63.5,sht20,bh1750,fixed_position_sensor_facing_light,included
2026-09-07T19:16:01+08:00,1851.7,515.1,0.5151,30.34,58.69,1007.92,715.8,64.5,sht20,bh1750,fixed_position_sensor_facing_light,included
2026-09-08T12:32:48+08:00,1865.6,519.1,0.5191,30.03,58.74,1008.65,767.5,63.5,sht20,bh1750,fixed_position_sensor_facing_light,included
2026-09-08T12:37:48+08:00,1867.0,519.9,0.5199,30.01,58.64,1008.74,758.3,64.5,sht20,bh1750,fixed_position_sensor_facing_light,included
2026-09-08T12:47:25+08:00,1867.2,518.8,0.5188,30.02,57.81,1008.53,775.0,62.5,sht20,bh1750,fixed_position_sensor_facing_light,included
2026-09-08T12:52:26+08:00,1868.6,520.0,0.52,30.0,57.79,1008.56,765.8,64.5,sht20,bh1750,fixed_position_sensor_facing_light,included
2026-09-08T17:58:26+08:00,1868.7,519.0,0.519,30.33,57.02,1008.32,765.8,65.5,sht20,bh1750,fixed_position_sensor_facing_light,included
2026-09-08T18:03:26+08:00,1852.4,514.3,0.5143,30.21,57.87,1008.43,814.2,62.5,sht20,bh1750,fixed_position_sensor_facing_light,included
2026-09-09T06:28:31+08:00,0.0,0.0,0.0,29.91,59.42,1009.81,925.0,62.5,sht20,bh1750,fixed_position_sensor_facing_light,included
2026-09-09T06:33:31+08:00,0.0,0.0,0.0,29.8,60.22,1009.83,925.8,62.5,sht20,bh1750,fixed_position_sensor_facing_light,included
2026-09-09T06:38:32+08:00,0.0,0.0,0.0,29.87,59.83,1010.0,925.8,62.5,sht20,bh1750,fixed_position_sensor_facing_light,included
2026-09-09T06:43:32+08:00,0.0,0.0,0.0,29.96,59.96,1010.09,925.8,62.5,sht20,bh1750,fixed_position_sensor_facing_light,included
2026-09-09T06:48:33+08:00,0.0,0.0,0.0,29.97,60.31,1010.03,924.2,63.5,sht20,bh1750,fixed_position_sensor_facing_light,included
2026-09-09T06:53:34+08:00,0.0,0.0,0.0,30.0,60.6,1010.06,925.8,62.5,sht20,bh1750,fixed_position_sensor_facing_light,included
2026-09-09T06:58:35+08:00,0.0,0.0,0.0,30.01,60.35,1010.12,925.0,62.5,sht20,bh1750,fixed_position_sensor_facing_light,included
2026-09-09T07:03:35+08:00,0.0,0.0,0.0,29.96,62.32,1010.03,925.0,62.5,sht20,bh1750,fixed_position_sensor_facing_light,included
2026-09-09T07:08:39+08:00,0.0,0.0,0.0,29.85,62.69,1010.12,925.8,62.5,sht20,bh1750,fixed_position_sensor_facing_light,included
2026-09-09T07:13:42+08:00,0.0,0.0,0.0,29.8,62.73,1010.32,936.7,62.5,sht20,bh1750,fixed_position_sensor_facing_light,included
2026-09-09T07:18:44+08:00,0.0,0.0,0.0,29.62,63.32,1010.26,925.0,61.5,sht20,bh1750,fixed_position_sensor_facing_light,included
2026-09-09T07:23:45+08:00,0.0,0.0,0.0,29.73,63.51,1010.26,915.0,63.5,sht20,bh1750,fixed_position_sensor_facing_light,included
2026-09-09T07:28:45+08:00,0.0,0.0,0.0,29.79,62.97,1010.23,940.8,63.5,sht20,bh1750,fixed_position_sensor_facing_light,included
2026-09-09T07:33:46+08:00,0.0,0.0,0.0,29.67,63.05,1010.26,928.3,62.5,sht20,bh1750,fixed_position_sensor_facing_light,included
2026-09-09T07:38:47+08:00,0.0,0.0,0.0,29.44,64.3,1010.37,925.0,62.5,sht20,bh1750,fixed_position_sensor_facing_light,included
2026-09-09T07:43:48+08:00,0.0,0.0,0.0,29.62,62.93,1010.37,929.2,61.5,sht20,bh1750,fixed_position_sensor_facing_light,included
2026-09-09T07:48:48+08:00,0.0,0.0,0.0,29.62,63.89,1010.52,925.0,62.5,sht20,bh1750,fixed_position_sensor_facing_light,included
2026-09-09T07:53:50+08:00,0.0,0.0,0.0,29.51,64.36,1010.48,926.7,63.5,sht20,bh1750,fixed_position_sensor_facing_light,included
2026-09-09T07:58:50+08:00,0.0,0.0,0.0,29.62,64.14,1010.75,930.0,62.5,sht20,bh1750,fixed_position_sensor_facing_light,included
2026-09-09T08:03:50+08:00,0.0,0.0,0.0,29.79,63.79,1010.58,929.2,62.5,sht20,bh1750,fixed_position_sensor_facing_light,included
2026-09-09T08:08:51+08:00,0.0,0.0,0.0,29.75,64.28,1010.66,930.8,63.5,sht20,bh1750,fixed_position_sensor_facing_light,included
2026-09-09T08:13:52+08:00,0.0,0.0,0.0,29.78,63.95,1010.72,927.5,64.5,sht20,bh1750,fixed_position_sensor_facing_light,included
2026-09-09T08:18:52+08:00,0.0,0.0,0.0,29.81,63.44,1010.78,930.8,62.5,sht20,bh1750,fixed_position_sensor_facing_light,included
2026-09-09T08:23:53+08:00,0.0,0.0,0.0,29.9,63.28,1010.96,930.0,62.5,sht20,bh1750,fixed_position_sensor_facing_light,included
2026-09-09T08:28:54+08:00,0.0,0.0,0.0,29.95,62.62,1010.9,930.0,62.5,sht20,bh1750,fixed_position_sensor_facing_light,included
2026-09-09T08:33:55+08:00,0.0,0.0,0.0,30.0,61.92,1011.07,930.8,62.5,sht20,bh1750,fixed_position_sensor_facing_light,included
2026-09-09T08:38:57+08:00,0.0,0.0,0.0,30.04,61.23,1011.04,929.2,62.5,sht20,bh1750,fixed_position_sensor_facing_light,included
2026-09-09T08:43:58+08:00,0.0,0.0,0.0,29.96,61.79,1011.1,940.8,63.5,sht20,bh1750,fixed_position_sensor_facing_light,included
2026-09-09T08:48:58+08:00,0.0,0.0,0.0,30.06,61.13,1011.04,945.8,64.5,sht20,bh1750,fixed_position_sensor_facing_light,included
2026-09-09T08:53:59+08:00,0.0,0.0,0.0,30.0,61.59,1010.96,724.2,62.5,sht20,bh1750,fixed_position_sensor_facing_light,included
2026-09-09T08:59:00+08:00,0.0,0.0,0.0,30.28,60.67,1011.08,745.0,62.5,sht20,bh1750,fixed_position_sensor_facing_light,included
2026-09-09T09:04:01+08:00,0.0,0.0,0.0,30.27,60.83,1011.16,699.2,64.5,sht20,bh1750,fixed_position_sensor_facing_light,included
2026-09-09T09:09:02+08:00,0.0,0.0,0.0,30.19,60.73,1010.96,690.0,64.5,sht20,bh1750,fixed_position_sensor_facing_light,included
2026-09-09T09:14:02+08:00,0.0,0.0,0.0,30.23,60.1,1011.01,695.8,63.5,sht20,bh1750,fixed_position_sensor_facing_light,included
2026-09-09T09:19:05+08:00,0.0,0.0,0.0,30.34,58.95,1011.05,692.5,62.5,sht20,bh1750,fixed_position_sensor_facing_light,included
2026-09-09T09:24:06+08:00,0.0,0.0,0.0,30.4,58.71,1011.11,687.5,64.5,sht20,bh1750,fixed_position_sensor_facing_light,included
2026-09-09T09:29:12+08:00,0.0,0.0,0.0,30.39,58.78,1011.11,693.3,63.5,sht20,bh1750,fixed_position_sensor_facing_light,included
2026-09-09T09:34:13+08:00,0.0,0.0,0.0,30.41,58.72,1011.16,685.0,64.5,sht20,bh1750,fixed_position_sensor_facing_light,included
2026-09-09T09:39:14+08:00,0.0,0.0,0.0,30.28,58.88,1011.16,685.0,63.5,sht20,bh1750,fixed_position_sensor_facing_light,included
2026-09-09T09:44:15+08:00,0.0,0.0,0.0,30.34,58.61,1011.19,686.7,62.5,sht20,bh1750,fixed_position_sensor_facing_light,included
2026-09-09T09:49:16+08:00,0.0,0.0,0.0,30.32,59.34,1011.16,686.7,64.5,sht20,bh1750,fixed_position_sensor_facing_light,included
2026-09-09T09:54:17+08:00,0.0,0.0,0.0,30.31,59.57,1011.22,686.7,63.5,sht20,bh1750,fixed_position_sensor_facing_light,included
2026-09-09T09:59:18+08:00,0.0,0.0,0.0,30.4,59.27,1011.34,688.3,62.5,sht20,bh1750,fixed_position_sensor_facing_light,included
2026-09-09T10:04:19+08:00,0.0,0.0,0.0,30.39,59.83,1011.22,695.0,62.5,sht20,bh1750,fixed_position_sensor_facing_light,included
2026-09-09T10:09:19+08:00,0.0,0.0,0.0,30.39,60.01,1011.05,706.7,62.5,sht20,bh1750,fixed_position_sensor_facing_light,included
2026-09-09T10:14:20+08:00,0.0,0.0,0.0,30.5,60.05,1011.08,705.0,62.5,sht20,bh1750,fixed_position_sensor_facing_light,included
2026-09-09T10:19:21+08:00,0.0,0.0,0.0,30.5,60.39,1011.02,696.7,62.5,sht20,bh1750,fixed_position_sensor_facing_light,included
2026-09-09T10:24:21+08:00,0.0,0.0,0.0,30.6,58.7,1011.0,694.2,64.5,sht20,bh1750,fixed_position_sensor_facing_light,included
2026-09-09T10:29:22+08:00,0.0,0.0,0.0,30.62,57.74,1010.92,685.8,65.5,sht20,bh1750,fixed_position_sensor_facing_light,included
2026-09-09T10:34:23+08:00,0.0,0.0,0.0,30.64,56.92,1010.92,686.7,63.5,sht20,bh1750,fixed_position_sensor_facing_light,included
2026-09-09T10:39:29+08:00,0.0,0.0,0.0,30.62,56.39,1011.02,699.2,62.5,sht20,bh1750,fixed_position_sensor_facing_light,included
2026-09-09T10:44:29+08:00,0.0,0.0,0.0,30.68,56.28,1010.89,696.7,64.5,sht20,bh1750,fixed_position_sensor_facing_light,included
2026-09-09T10:49:30+08:00,0.0,0.0,0.0,30.64,56.25,1010.8,703.3,63.5,sht20,bh1750,fixed_position_sensor_facing_light,included
2026-09-09T10:54:30+08:00,0.0,0.0,0.0,30.61,56.49,1010.68,707.5,62.5,sht20,bh1750,fixed_position_sensor_facing_light,included
2026-09-09T10:59:31+08:00,0.0,0.0,0.0,30.68,55.76,1010.69,696.7,62.5,sht20,bh1750,fixed_position_sensor_facing_light,included
2026-09-09T11:04:32+08:00,0.0,0.0,0.0,30.71,54.24,1010.69,691.7,62.5,sht20,bh1750,fixed_position_sensor_facing_light,included
2026-09-09T11:09:32+08:00,0.0,0.0,0.0,30.67,53.42,1010.6,690.0,64.5,sht20,bh1750,fixed_position_sensor_facing_light,included
2026-09-09T11:14:33+08:00,0.0,0.0,0.0,30.79,51.43,1010.54,699.2,63.5,sht20,bh1750,fixed_position_sensor_facing_light,included
2026-09-09T11:19:33+08:00,0.0,0.0,0.0,30.8,50.66,1010.4,690.8,64.5,sht20,bh1750,fixed_position_sensor_facing_light,included
2026-09-09T11:24:34+08:00,0.0,0.0,0.0,30.86,49.95,1010.25,687.5,65.5,sht20,bh1750,fixed_position_sensor_facing_light,included
2026-09-09T11:29:34+08:00,0.0,0.0,0.0,30.84,50.69,1010.25,694.2,63.5,sht20,bh1750,fixed_position_sensor_facing_light,included
2026-09-09T11:34:35+08:00,0.0,0.0,0.0,30.98,50.69,1010.2,694.2,63.5,sht20,bh1750,fixed_position_sensor_facing_light,included
2026-09-09T11:39:35+08:00,0.0,0.0,0.0,31.0,51.04,1010.14,692.5,65.5,sht20,bh1750,fixed_position_sensor_facing_light,included
2026-09-09T11:44:36+08:00,0.0,0.0,0.0,31.18,51.18,1010.15,692.5,65.5,sht20,bh1750,fixed_position_sensor_facing_light,included
2026-09-09T11:49:37+08:00,0.0,0.0,0.0,31.09,51.43,1010.0,689.2,63.5,sht20,bh1750,fixed_position_sensor_facing_light,included
2026-09-09T11:54:37+08:00,0.0,0.0,0.0,31.06,50.69,1010.0,689.2,65.5,sht20,bh1750,fixed_position_sensor_facing_light,included
2026-09-09T11:59:38+08:00,0.0,0.0,0.0,31.12,51.21,1009.94,693.3,63.5,sht20,bh1750,fixed_position_sensor_facing_light,included
2026-09-09T12:04:38+08:00,0.0,0.0,0.0,31.22,52.71,1009.94,680.0,63.5,sht20,bh1750,fixed_position_sensor_facing_light,included
2026-09-09T12:09:39+08:00,0.0,0.0,0.0,31.16,53.56,1010.12,690.8,63.5,sht20,bh1750,fixed_position_sensor_facing_light,included
2026-09-09T12:14:39+08:00,0.0,0.0,0.0,31.01,55.04,1010.05,701.7,63.5,sht20,bh1750,fixed_position_sensor_facing_light,included
2026-09-09T12:19:40+08:00,0.0,0.0,0.0,31.13,55.75,1010.17,689.2,63.5,sht20,bh1750,fixed_position_sensor_facing_light,included
2026-09-09T12:24:41+08:00,0.0,0.0,0.0,31.31,55.61,1010.12,688.3,62.5,sht20,bh1750,fixed_position_sensor_facing_light,included
2026-09-09T12:29:41+08:00,0.0,0.0,0.0,31.16,56.1,1010.17,700.8,64.5,sht20,bh1750,fixed_position_sensor_facing_light,included
2026-09-09T12:34:42+08:00,0.0,0.0,0.0,31.25,55.68,1010.18,690.0,63.5,sht20,bh1750,fixed_position_sensor_facing_light,included
2026-09-09T12:39:42+08:00,0.0,0.0,0.0,31.19,55.62,1010.12,690.8,63.5,sht20,bh1750,fixed_position_sensor_facing_light,included
2026-09-09T12:44:43+08:00,0.0,0.0,0.0,31.2,55.46,1010.18,689.2,63.5,sht20,bh1750,fixed_position_sensor_facing_light,included
2026-09-09T12:49:43+08:00,0.0,0.0,0.0,31.11,55.22,1010.12,688.3,62.5,sht20,bh1750,fixed_position_sensor_facing_light,included
2026-09-09T12:54:44+08:00,0.0,0.0,0.0,31.16,54.75,1010.15,689.2,65.5,sht20,bh1750,fixed_position_sensor_facing_light,included
2026-09-09T12:59:47+08:00,0.0,0.0,0.0,31.1,54.56,1010.17,688.3,63.5,sht20,bh1750,fixed_position_sensor_facing_light,included
2026-09-09T13:04:48+08:00,0.0,0.0,0.0,31.15,53.93,1010.12,689.2,63.5,sht20,bh1750,fixed_position_sensor_facing_light,included
2026-09-09T13:09:51+08:00,0.0,0.0,0.0,31.1,54.0,1010.29,687.5,62.5,sht20,bh1750,fixed_position_sensor_facing_light,included
2026-09-09T13:14:52+08:00,0.0,0.0,0.0,31.05,54.86,1010.23,678.3,64.5,sht20,bh1750,fixed_position_sensor_facing_light,included
2026-09-09T13:19:52+08:00,0.0,0.0,0.0,30.99,53.95,1010.2,685.8,63.5,sht20,bh1750,fixed_position_sensor_facing_light,included
2026-09-09T13:24:53+08:00,0.0,0.0,0.0,31.02,54.17,1010.2,687.5,63.5,sht20,bh1750,fixed_position_sensor_facing_light,included
2026-09-09T13:29:53+08:00,0.0,0.0,0.0,30.85,54.72,1010.11,689.2,62.5,sht20,bh1750,fixed_position_sensor_facing_light,included
2026-09-09T13:34:54+08:00,0.0,0.0,0.0,30.83,54.8,1010.08,690.0,64.5,sht20,bh1750,fixed_position_sensor_facing_light,included
2026-09-09T13:39:54+08:00,0.0,0.0,0.0,30.93,54.7,1010.11,689.2,63.5,sht20,bh1750,fixed_position_sensor_facing_light,included
2026-09-09T13:44:55+08:00,0.0,0.0,0.0,30.95,55.01,1009.99,689.2,62.5,sht20,bh1750,fixed_position_sensor_facing_light,included
2026-09-09T13:49:55+08:00,0.0,0.0,0.0,30.98,55.28,1010.03,689.2,62.5,sht20,bh1750,fixed_position_sensor_facing_light,included
2026-09-09T13:54:56+08:00,0.0,0.0,0.0,30.92,55.86,1010.05,689.2,62.5,sht20,bh1750,fixed_position_sensor_facing_light,included
2026-09-09T13:59:57+08:00,0.0,0.0,0.0,30.77,56.67,1010.08,690.0,64.5,sht20,bh1750,fixed_position_sensor_facing_light,included
2026-09-09T14:04:57+08:00,0.0,0.0,0.0,30.76,56.53,1010.05,689.2,63.5,sht20,bh1750,fixed_position_sensor_facing_light,included
2026-09-09T14:09:58+08:00,0.0,0.0,0.0,30.81,56.46,1010.02,688.3,62.5,sht20,bh1750,fixed_position_sensor_facing_light,included
2026-09-09T14:14:58+08:00,0.0,0.0,0.0,30.87,55.96,1010.08,690.0,62.5,sht20,bh1750,fixed_position_sensor_facing_light,included
2026-09-09T14:19:59+08:00,0.0,0.0,0.0,30.94,55.44,1010.14,689.2,63.5,sht20,bh1750,fixed_position_sensor_facing_light,included
2026-09-09T14:25:00+08:00,0.0,0.0,0.0,30.74,55.97,1010.08,688.3,64.5,sht20,bh1750,fixed_position_sensor_facing_light,included
2026-09-09T14:30:02+08:00,0.0,0.0,0.0,30.8,55.39,1010.14,690.0,65.5,sht20,bh1750,fixed_position_sensor_facing_light,included
2026-09-09T14:35:03+08:00,0.0,0.0,0.0,30.78,55.91,1010.11,694.2,63.5,sht20,bh1750,fixed_position_sensor_facing_light,included
2026-09-09T14:40:03+08:00,0.0,0.0,0.0,30.76,55.83,1010.16,688.3,62.5,sht20,bh1750,fixed_position_sensor_facing_light,included
2026-09-09T14:45:03+08:00,0.0,0.0,0.0,30.72,55.86,1010.28,688.3,62.5,sht20,bh1750,fixed_position_sensor_facing_light,included
2026-09-09T14:50:04+08:00,0.0,0.0,0.0,30.74,55.68,1010.19,689.2,62.5,sht20,bh1750,fixed_position_sensor_facing_light,included
2026-09-09T14:55:05+08:00,0.0,0.0,0.0,30.79,55.34,1010.05,688.3,64.5,sht20,bh1750,fixed_position_sensor_facing_light,included
2026-09-09T15:00:06+08:00,0.0,0.0,0.0,30.76,55.39,1010.11,688.3,65.5,sht20,bh1750,fixed_position_sensor_facing_light,included
2026-09-09T15:05:06+08:00,0.0,0.0,0.0,30.78,55.35,1010.05,688.3,63.5,sht20,bh1750,fixed_position_sensor_facing_light,included
2026-09-09T15:10:08+08:00,0.0,0.0,0.0,30.71,55.53,1009.99,688.3,62.5,sht20,bh1750,fixed_position_sensor_facing_light,included
2026-09-09T15:15:08+08:00,0.0,0.0,0.0,30.77,55.65,1010.05,689.2,62.5,sht20,bh1750,fixed_position_sensor_facing_light,included
2026-09-09T15:20:09+08:00,0.0,0.0,0.0,30.71,55.97,1010.08,678.3,62.5,sht20,bh1750,fixed_position_sensor_facing_light,included
2026-09-09T15:25:09+08:00,0.0,0.0,0.0,30.74,55.89,1009.93,689.2,62.5,sht20,bh1750,fixed_position_sensor_facing_light,included
2026-09-09T15:30:10+08:00,0.0,0.0,0.0,30.72,55.93,1010.08,695.0,64.5,sht20,bh1750,fixed_position_sensor_facing_light,included
2026-09-09T15:35:10+08:00,0.0,0.0,0.0,30.72,55.88,1009.93,690.0,63.5,sht20,bh1750,fixed_position_sensor_facing_light,included
2026-09-09T15:40:11+08:00,0.0,0.0,0.0,30.7,55.82,1009.96,690.0,63.5,sht20,bh1750,fixed_position_sensor_facing_light,included
2026-09-09T15:45:11+08:00,0.0,0.0,0.0,30.78,55.65,1009.87,690.8,62.5,sht20,bh1750,fixed_position_sensor_facing_light,included
2026-09-09T15:50:12+08:00,0.0,0.0,0.0,30.68,56.1,1009.85,690.8,64.5,sht20,bh1750,fixed_position_sensor_facing_light,included
2026-09-09T15:55:12+08:00,0.0,0.0,0.0,30.78,55.71,1009.85,689.2,63.5,sht20,bh1750,fixed_position_sensor_facing_light,included
2026-09-09T16:00:13+08:00,0.0,0.0,0.0,30.71,56.25,1009.93,691.7,62.5,sht20,bh1750,fixed_position_sensor_facing_light,included
2026-09-09T16:05:14+08:00,0.0,0.0,0.0,30.77,55.95,1009.93,698.3,64.5,sht20,bh1750,fixed_position_sensor_facing_light,included
2026-09-09T16:10:15+08:00,0.0,0.0,0.0,30.85,55.87,1009.93,695.0,63.5,sht20,bh1750,fixed_position_sensor_facing_light,included
2026-09-09T16:15:15+08:00,0.0,0.0,0.0,30.81,56.16,1010.02,690.0,63.5,sht20,bh1750,fixed_position_sensor_facing_light,included
2026-09-09T16:20:16+08:00,0.0,0.0,0.0,30.78,56.29,1010.05,688.3,62.5,sht20,bh1750,fixed_position_sensor_facing_light,included
2026-09-09T16:25:16+08:00,0.0,0.0,0.0,30.78,56.51,1009.96,689.2,63.5,sht20,bh1750,fixed_position_sensor_facing_light,included
2026-09-09T16:30:17+08:00,0.0,0.0,0.0,30.77,56.63,1009.96,691.7,62.5,sht20,bh1750,fixed_position_sensor_facing_light,included
2026-09-09T16:35:17+08:00,0.0,0.0,0.0,30.83,56.38,1009.99,690.0,64.5,sht20,bh1750,fixed_position_sensor_facing_light,included
2026-09-09T16:40:18+08:00,0.0,0.0,0.0,30.84,56.44,1009.93,683.3,63.5,sht20,bh1750,fixed_position_sensor_facing_light,included
2026-09-09T16:45:18+08:00,0.0,0.0,0.0,30.93,56.2,1010.11,691.7,62.5,sht20,bh1750,fixed_position_sensor_facing_light,included
2026-09-09T16:50:19+08:00,0.0,0.0,0.0,30.81,56.79,1009.99,693.3,63.5,sht20,bh1750,fixed_position_sensor_facing_light,included
2026-09-09T16:55:20+08:00,0.0,0.0,0.0,30.81,56.99,1010.08,690.0,62.5,sht20,bh1750,fixed_position_sensor_facing_light,included
2026-09-09T17:00:21+08:00,0.0,0.0,0.0,30.82,57.21,1010.22,690.0,64.5,sht20,bh1750,fixed_position_sensor_facing_light,included
2026-09-09T17:05:24+08:00,0.0,0.0,0.0,30.79,57.08,1010.17,700.0,63.5,sht20,bh1750,fixed_position_sensor_facing_light,included
2026-09-09T17:10:25+08:00,0.0,0.0,0.0,30.8,57.55,1010.14,690.0,62.5,sht20,bh1750,fixed_position_sensor_facing_light,included
2026-09-09T17:15:25+08:00,0.0,0.0,0.0,30.79,57.72,1010.17,685.8,62.5,sht20,bh1750,fixed_position_sensor_facing_light,included
2026-09-09T17:20:26+08:00,0.0,0.0,0.0,30.8,57.52,1010.22,700.0,64.5,sht20,bh1750,fixed_position_sensor_facing_light,included
2026-09-09T17:25:26+08:00,0.0,0.0,0.0,30.84,58.06,1010.28,690.8,65.5,sht20,bh1750,fixed_position_sensor_facing_light,included
2026-09-09T17:30:34+08:00,0.0,0.0,0.0,30.83,57.81,1010.28,687.5,63.5,sht20,bh1750,fixed_position_sensor_facing_light,included
2026-09-09T17:35:35+08:00,0.0,0.0,0.0,30.77,58.23,1010.31,700.0,62.5,sht20,bh1750,fixed_position_sensor_facing_light,included
2026-09-09T17:40:35+08:00,0.0,0.0,0.0,30.79,58.07,1010.43,686.7,62.5,sht20,bh1750,fixed_position_sensor_facing_light,included
2026-09-09T17:45:36+08:00,0.0,0.0,0.0,30.75,58.28,1010.46,691.7,62.5,sht20,bh1750,fixed_position_sensor_facing_light,included
2026-09-09T17:50:37+08:00,0.0,0.0,0.0,30.79,58.14,1010.46,690.8,64.5,sht20,bh1750,fixed_position_sensor_facing_light,included
2026-09-09T17:55:38+08:00,0.0,0.0,0.0,30.76,58.41,1010.45,690.8,65.5,sht20,bh1750,fixed_position_sensor_facing_light,included
2026-09-09T18:00:38+08:00,0.0,0.0,0.0,30.79,58.37,1010.46,690.8,63.5,sht20,bh1750,fixed_position_sensor_facing_light,included
2026-09-09T18:05:39+08:00,0.0,0.0,0.0,30.77,58.84,1010.6,690.0,62.5,sht20,bh1750,fixed_position_sensor_facing_light,included
2026-09-09T18:10:39+08:00,0.0,0.0,0.0,30.8,58.99,1010.51,690.0,62.5,sht20,bh1750,fixed_position_sensor_facing_light,included
2026-09-09T18:15:40+08:00,0.0,0.0,0.0,30.76,59.02,1010.63,690.8,64.5,sht20,bh1750,fixed_position_sensor_facing_light,included
2026-09-09T18:20:40+08:00,0.0,0.0,0.0,30.75,59.2,1010.54,690.0,63.5,sht20,bh1750,fixed_position_sensor_facing_light,included
2026-09-09T18:25:41+08:00,0.0,0.0,0.0,30.76,59.61,1010.54,691.7,62.5,sht20,bh1750,fixed_position_sensor_facing_light,included
2026-09-09T18:30:42+08:00,0.0,0.0,0.0,30.76,59.57,1010.69,685.0,62.5,sht20,bh1750,fixed_position_sensor_facing_light,included
2026-09-09T18:35:42+08:00,0.0,0.0,0.0,30.77,59.06,1010.66,690.8,62.5,sht20,bh1750,fixed_position_sensor_facing_light,included
2026-09-09T18:40:43+08:00,0.0,0.0,0.0,30.79,60.02,1010.75,690.8,62.5,sht20,bh1750,fixed_position_sensor_facing_light,included
2026-09-09T18:45:43+08:00,0.0,0.0,0.0,30.77,61.21,1011.0,690.8,62.5,sht20,bh1750,fixed_position_sensor_facing_light,included
2026-09-09T18:50:44+08:00,0.0,0.0,0.0,30.69,61.7,1011.05,692.5,62.5,sht20,bh1750,fixed_position_sensor_facing_light,included
2026-09-09T18:55:45+08:00,0.0,0.0,0.0,30.7,61.76,1011.11,692.5,64.5,sht20,bh1750,fixed_position_sensor_facing_light,included
2026-09-09T19:00:45+08:00,0.0,0.0,0.0,30.85,61.14,1011.2,692.5,63.5,sht20,bh1750,fixed_position_sensor_facing_light,included
2026-09-09T19:05:46+08:00,0.0,0.0,0.0,30.51,64.53,1011.25,697.5,62.5,sht20,bh1750,fixed_position_sensor_facing_light,included
2026-09-09T19:10:46+08:00,0.0,0.0,0.0,30.75,63.4,1011.2,693.3,64.5,sht20,bh1750,fixed_position_sensor_facing_light,included
2026-09-09T19:15:47+08:00,0.0,0.0,0.0,30.21,59.14,1011.22,700.0,63.5,sht20,bh1750,fixed_position_sensor_facing_light,included
2026-09-09T19:20:47+08:00,0.0,0.0,0.0,29.89,56.39,1011.27,691.7,64.5,sht20,bh1750,fixed_position_sensor_facing_light,included
2026-09-09T19:25:48+08:00,0.0,0.0,0.0,29.77,54.76,1011.29,701.7,64.5,sht20,bh1750,fixed_position_sensor_facing_light,included
2026-09-09T19:30:49+08:00,0.0,0.0,0.0,29.61,55.94,1011.32,693.3,62.5,sht20,bh1750,fixed_position_sensor_facing_light,included
2026-09-09T19:35:50+08:00,0.0,0.0,0.0,29.98,57.46,1011.36,693.3,63.5,sht20,bh1750,fixed_position_sensor_facing_light,included
2026-09-09T19:40:56+08:00,0.0,0.0,0.0,30.23,60.31,1011.45,693.3,64.5,sht20,bh1750,fixed_position_sensor_facing_light,included
2026-09-09T19:45:56+08:00,0.0,0.0,0.0,30.33,61.82,1011.48,688.3,65.5,sht20,bh1750,fixed_position_sensor_facing_light,included
2026-09-09T19:50:57+08:00,0.0,0.0,0.0,30.35,62.9,1011.51,693.3,63.5,sht20,bh1750,fixed_position_sensor_facing_light,included
2026-09-09T19:55:57+08:00,0.0,0.0,0.0,30.38,64.48,1011.6,689.2,62.5,sht20,bh1750,fixed_position_sensor_facing_light,included
2026-09-09T20:01:28+08:00,0.0,0.0,0.0,30.45,63.98,1011.57,688.3,63.5,sht20,bh1750,fixed_position_sensor_facing_light,included
2026-09-09T20:06:28+08:00,0.0,0.0,0.0,30.45,62.97,1011.74,693.3,62.5,sht20,bh1750,fixed_position_sensor_facing_light,included
2026-09-09T20:11:33+08:00,2397.0,661.7,0.6618,30.34,61.89,1011.79,864.2,62.5,sht20,bh1750,fixed_position_sensor_facing_light,included
2026-09-09T20:16:37+08:00,2543.5,703.4,0.7034,29.62,58.7,1011.92,864.2,63.5,sht20,bh1750,fixed_position_sensor_facing_light,included
2026-09-09T20:21:38+08:00,2453.1,676.5,0.6765,29.39,56.82,1012.06,866.7,63.5,sht20,bh1750,fixed_position_sensor_facing_light,included
2026-09-09T20:26:38+08:00,0.0,0.0,0.0,29.92,60.2,1012.13,781.7,63.5,sht20,bh1750,fixed_position_sensor_facing_light,included
2026-09-09T20:31:39+08:00,0.0,0.0,0.0,30.06,63.52,1012.1,762.5,62.5,sht20,bh1750,fixed_position_sensor_facing_light,included
2026-09-09T20:36:39+08:00,0.0,0.0,0.0,30.13,64.66,1012.13,765.0,64.5,sht20,bh1750,fixed_position_sensor_facing_light,included
2026-09-09T20:42:10+08:00,0.0,0.0,0.0,30.27,66.34,1012.14,775.0,64.5,sht20,bh1750,fixed_position_sensor_facing_light,included
2026-09-09T20:47:11+08:00,0.0,0.0,0.0,30.31,65.9,1012.23,763.3,62.5,sht20,bh1750,fixed_position_sensor_facing_light,included
2026-09-09T20:52:14+08:00,0.0,0.0,0.0,30.38,66.88,1012.17,775.0,62.5,sht20,bh1750,fixed_position_sensor_facing_light,included
2026-09-09T20:57:16+08:00,0.0,0.0,0.0,30.41,66.31,1012.2,774.2,62.5,sht20,bh1750,fixed_position_sensor_facing_light,included
2026-09-09T21:02:16+08:00,0.0,0.0,0.0,30.42,68.3,1012.32,777.5,62.5,sht20,bh1750,fixed_position_sensor_facing_light,included
2026-09-09T21:07:17+08:00,0.0,0.0,0.0,29.98,61.83,1012.33,828.3,62.5,sht20,bh1750,fixed_position_sensor_facing_light,included
2026-09-09T21:12:20+08:00,0.0,0.0,0.0,29.48,59.44,1012.43,837.5,61.5,sht20,bh1750,fixed_position_sensor_facing_light,included
2026-09-09T21:17:23+08:00,0.0,0.0,0.0,29.58,60.7,1012.55,827.5,63.5,sht20,bh1750,fixed_position_sensor_facing_light,included
2026-09-09T21:22:30+08:00,0.0,0.0,0.0,29.9,63.89,1012.39,828.3,62.5,sht20,bh1750,fixed_position_sensor_facing_light,included
2026-09-09T21:27:31+08:00,0.0,0.0,0.0,30.06,65.83,1012.42,816.7,62.5,sht20,bh1750,fixed_position_sensor_facing_light,included
2026-09-09T21:32:31+08:00,0.0,0.0,0.0,30.06,67.66,1012.33,837.5,62.5,sht20,bh1750,fixed_position_sensor_facing_light,included
2026-09-09T21:37:32+08:00,0.0,0.0,0.0,30.23,68.62,1012.43,827.5,64.5,sht20,bh1750,fixed_position_sensor_facing_light,included
2026-09-09T21:42:38+08:00,0.0,0.0,0.0,30.33,68.0,1012.43,837.5,63.5,sht20,bh1750,fixed_position_sensor_facing_light,included
2026-09-09T21:47:39+08:00,0.0,0.0,0.0,30.38,67.77,1012.49,828.3,62.5,sht20,bh1750,fixed_position_sensor_facing_light,included
2026-09-09T21:52:39+08:00,0.0,0.0,0.0,30.47,68.98,1012.49,826.7,64.5,sht20,bh1750,fixed_position_sensor_facing_light,included
2026-09-09T21:57:40+08:00,0.0,0.0,0.0,30.54,69.11,1012.41,831.7,62.5,sht20,bh1750,fixed_position_sensor_facing_light,included
2026-09-09T22:02:41+08:00,0.0,0.0,0.0,29.72,61.47,1012.5,828.3,62.5,sht20,bh1750,fixed_position_sensor_facing_light,included
2026-09-09T22:07:44+08:00,0.0,0.0,0.0,29.38,58.67,1012.46,827.5,63.5,sht20,bh1750,fixed_position_sensor_facing_light,included
2026-09-09T22:12:45+08:00,0.0,0.0,0.0,29.68,63.22,1012.38,829.2,62.5,sht20,bh1750,fixed_position_sensor_facing_light,included
2026-09-09T22:17:46+08:00,0.0,0.0,0.0,29.68,65.4,1012.47,830.0,61.5,sht20,bh1750,fixed_position_sensor_facing_light,included
2026-09-09T22:22:46+08:00,0.0,0.0,0.0,29.79,66.38,1012.47,832.5,62.5,sht20,bh1750,fixed_position_sensor_facing_light,included
2026-09-09T22:27:47+08:00,0.0,0.0,0.0,29.85,67.69,1012.39,829.2,62.5,sht20,bh1750,fixed_position_sensor_facing_light,included
2026-09-09T22:32:48+08:00,0.0,0.0,0.0,29.89,68.43,1012.42,842.5,62.5,sht20,bh1750,fixed_position_sensor_facing_light,included
2026-09-09T22:37:48+08:00,0.0,0.0,0.0,30.01,68.62,1012.3,837.5,62.5,sht20,bh1750,fixed_position_sensor_facing_light,included
2026-09-09T22:42:49+08:00,0.0,0.0,0.0,29.97,69.25,1012.36,821.7,62.5,sht20,bh1750,fixed_position_sensor_facing_light,included
2026-09-09T22:47:50+08:00,0.0,0.0,0.0,30.06,69.04,1012.36,842.5,63.5,sht20,bh1750,fixed_position_sensor_facing_light,included
2026-09-09T22:52:51+08:00,0.0,0.0,0.0,30.01,69.43,1012.39,835.0,64.5,sht20,bh1750,fixed_position_sensor_facing_light,included
2026-09-09T22:57:52+08:00,0.0,0.0,0.0,30.08,69.16,1012.31,830.8,62.5,sht20,bh1750,fixed_position_sensor_facing_light,included
2026-09-09T23:02:52+08:00,0.0,0.0,0.0,30.05,66.91,1012.25,827.5,62.5,sht20,bh1750,fixed_position_sensor_facing_light,included
2026-09-09T23:07:54+08:00,0.0,0.0,0.0,29.59,61.03,1012.26,829.2,63.5,sht20,bh1750,fixed_position_sensor_facing_light,included
2026-09-09T23:12:54+08:00,0.0,0.0,0.0,29.24,58.13,1012.28,828.3,62.5,sht20,bh1750,fixed_position_sensor_facing_light,included
2026-09-09T23:17:56+08:00,0.0,0.0,0.0,29.49,63.44,1012.26,820.8,61.5,sht20,bh1750,fixed_position_sensor_facing_light,included
2026-09-09T23:22:56+08:00,0.0,0.0,0.0,29.56,65.8,1012.18,842.5,61.5,sht20,bh1750,fixed_position_sensor_facing_light,included
2026-09-09T23:27:57+08:00,0.0,0.0,0.0,29.63,67.78,1012.24,825.0,61.5,sht20,bh1750,fixed_position_sensor_facing_light,included
2026-09-09T23:32:58+08:00,0.0,0.0,0.0,29.65,70.13,1012.12,825.0,63.5,sht20,bh1750,fixed_position_sensor_facing_light,included
2026-09-09T23:37:58+08:00,0.0,0.0,0.0,29.75,70.85,1012.15,830.8,62.5,sht20,bh1750,fixed_position_sensor_facing_light,included
2026-09-09T23:42:59+08:00,0.0,0.0,0.0,29.94,69.7,1012.13,831.7,62.5,sht20,bh1750,fixed_position_sensor_facing_light,included
2026-09-09T23:48:03+08:00,0.0,0.0,0.0,30.12,68.45,1012.13,830.0,64.5,sht20,bh1750,fixed_position_sensor_facing_light,included
2026-09-09T23:53:03+08:00,0.0,0.0,0.0,30.32,67.48,1012.17,832.5,63.5,sht20,bh1750,fixed_position_sensor_facing_light,included
2026-09-09T23:58:04+08:00,0.0,0.0,0.0,30.32,67.33,1012.2,778.3,62.5,sht20,bh1750,fixed_position_sensor_facing_light,included
2026-09-10T00:03:04+08:00,0.0,0.0,0.0,29.73,60.33,1012.3,782.5,62.5,sht20,bh1750,fixed_position_sensor_facing_light,included
2026-09-10T00:08:05+08:00,0.0,0.0,0.0,29.17,60.73,1012.17,777.5,61.5,sht20,bh1750,fixed_position_sensor_facing_light,included
2026-09-10T00:13:07+08:00,0.0,0.0,0.0,29.53,65.94,1012.15,778.3,61.5,sht20,bh1750,fixed_position_sensor_facing_light,included
2026-09-10T00:18:07+08:00,0.0,0.0,0.0,29.54,68.01,1012.2,777.5,63.5,sht20,bh1750,fixed_position_sensor_facing_light,included
2026-09-10T00:23:08+08:00,0.0,0.0,0.0,29.53,70.52,1012.18,779.2,62.5,sht20,bh1750,fixed_position_sensor_facing_light,included
2026-09-10T00:28:08+08:00,0.0,0.0,0.0,29.5,71.85,1012.2,786.7,63.5,sht20,bh1750,fixed_position_sensor_facing_light,included
2026-09-10T00:33:09+08:00,0.0,0.0,0.0,29.68,71.22,1012.3,780.0,62.5,sht20,bh1750,fixed_position_sensor_facing_light,included
2026-09-10T00:38:11+08:00,0.0,0.0,0.0,29.91,69.61,1012.24,780.0,62.5,sht20,bh1750,fixed_position_sensor_facing_light,included
2026-09-10T00:43:11+08:00,0.0,0.0,0.0,30.1,67.7,1012.25,780.0,62.5,sht20,bh1750,fixed_position_sensor_facing_light,included
2026-09-10T00:48:12+08:00,0.0,0.0,0.0,30.22,67.5,1012.22,770.8,64.5,sht20,bh1750,fixed_position_sensor_facing_light,included
2026-09-10T00:53:13+08:00,0.0,0.0,0.0,30.3,67.02,1012.28,769.2,62.5,sht20,bh1750,fixed_position_sensor_facing_light,included
2026-09-10T00:58:13+08:00,0.0,0.0,0.0,29.82,63.25,1012.13,766.7,62.5,sht20,bh1750,fixed_position_sensor_facing_light,included
2026-09-10T01:03:14+08:00,0.0,0.0,0.0,29.31,58.68,1012.08,755.0,61.5,sht20,bh1750,fixed_position_sensor_facing_light,included
2026-09-10T01:08:14+08:00,0.0,0.0,0.0,29.36,65.79,1012.14,768.3,61.5,sht20,bh1750,fixed_position_sensor_facing_light,included
2026-09-10T01:13:15+08:00,0.0,0.0,0.0,29.46,68.52,1012.0,758.3,61.5,sht20,bh1750,fixed_position_sensor_facing_light,included
2026-09-10T01:18:16+08:00,0.0,0.0,0.0,29.44,70.2,1011.97,769.2,63.5,sht20,bh1750,fixed_position_sensor_facing_light,included
2026-09-10T01:23:16+08:00,0.0,0.0,0.0,29.42,71.96,1011.97,780.0,63.5,sht20,bh1750,fixed_position_sensor_facing_light,included
2026-09-10T01:28:17+08:00,0.0,0.0,0.0,29.52,71.67,1011.74,768.3,62.5,sht20,bh1750,fixed_position_sensor_facing_light,included
2026-09-10T01:33:18+08:00,0.0,0.0,0.0,29.89,69.71,1011.64,775.0,62.5,sht20,bh1750,fixed_position_sensor_facing_light,included
2026-09-10T01:38:18+08:00,0.0,0.0,0.0,30.09,67.84,1011.64,759.2,62.5,sht20,bh1750,fixed_position_sensor_facing_light,included
2026-09-10T01:43:20+08:00,0.0,0.0,0.0,30.11,67.45,1011.76,769.2,62.5,sht20,bh1750,fixed_position_sensor_facing_light,included
2026-09-10T01:48:20+08:00,0.0,0.0,0.0,30.13,67.53,1011.59,770.0,64.5,sht20,bh1750,fixed_position_sensor_facing_light,included
2026-09-10T01:53:21+08:00,0.0,0.0,0.0,30.21,67.13,1011.54,769.2,62.5,sht20,bh1750,fixed_position_sensor_facing_light,included
2026-09-10T01:58:22+08:00,0.0,0.0,0.0,30.25,66.74,1011.57,770.0,62.5,sht20,bh1750,fixed_position_sensor_facing_light,included
2026-09-10T02:03:22+08:00,0.0,0.0,0.0,29.67,62.03,1011.64,767.5,62.5,sht20,bh1750,fixed_position_sensor_facing_light,included
2026-09-10T02:08:23+08:00,0.0,0.0,0.0,29.24,62.95,1011.63,773.3,62.5,sht20,bh1750,fixed_position_sensor_facing_light,included
2026-09-10T02:13:24+08:00,0.0,0.0,0.0,29.32,68.58,1011.71,769.2,63.5,sht20,bh1750,fixed_position_sensor_facing_light,included
2026-09-10T02:18:25+08:00,0.0,0.0,0.0,29.38,70.17,1011.71,769.2,62.5,sht20,bh1750,fixed_position_sensor_facing_light,included
2026-09-10T02:23:25+08:00,0.0,0.0,0.0,29.39,71.85,1011.79,770.0,62.5,sht20,bh1750,fixed_position_sensor_facing_light,included
2026-09-10T02:28:26+08:00,0.0,0.0,0.0,29.41,72.6,1011.68,768.3,63.5,sht20,bh1750,fixed_position_sensor_facing_light,included
2026-09-10T02:33:27+08:00,0.0,0.0,0.0,29.7,70.29,1011.72,781.7,63.5,sht20,bh1750,fixed_position_sensor_facing_light,included
2026-09-10T02:38:27+08:00,0.0,0.0,0.0,30.02,68.33,1011.64,770.8,64.5,sht20,bh1750,fixed_position_sensor_facing_light,included
2026-09-10T02:43:30+08:00,0.0,0.0,0.0,30.1,67.47,1011.67,770.0,63.5,sht20,bh1750,fixed_position_sensor_facing_light,included
2026-09-10T02:48:31+08:00,0.0,0.0,0.0,30.17,67.04,1011.53,765.8,64.5,sht20,bh1750,fixed_position_sensor_facing_light,included
2026-09-10T02:53:31+08:00,0.0,0.0,0.0,30.17,67.04,1011.54,781.7,63.5,sht20,bh1750,fixed_position_sensor_facing_light,included
2026-09-10T02:58:32+08:00,0.0,0.0,0.0,30.22,66.04,1011.64,758.3,62.5,sht20,bh1750,fixed_position_sensor_facing_light,included
2026-09-10T03:03:33+08:00,0.0,0.0,0.0,30.22,66.42,1011.48,770.0,62.5,sht20,bh1750,fixed_position_sensor_facing_light,included
2026-09-10T03:08:33+08:00,0.0,0.0,0.0,30.24,65.95,1011.51,780.0,62.5,sht20,bh1750,fixed_position_sensor_facing_light,included
2026-09-10T03:13:34+08:00,0.0,0.0,0.0,30.18,64.7,1011.54,770.0,62.5,sht20,bh1750,fixed_position_sensor_facing_light,included
2026-09-10T03:18:35+08:00,0.0,0.0,0.0,29.31,61.1,1011.48,768.3,63.5,sht20,bh1750,fixed_position_sensor_facing_light,included
2026-09-10T03:23:36+08:00,0.0,0.0,0.0,29.28,64.54,1011.54,770.8,63.5,sht20,bh1750,fixed_position_sensor_facing_light,included
2026-09-10T03:28:36+08:00,0.0,0.0,0.0,29.47,68.26,1011.68,770.8,62.5,sht20,bh1750,fixed_position_sensor_facing_light,included
2026-09-10T03:33:42+08:00,0.0,0.0,0.0,29.38,70.32,1011.71,768.3,61.5,sht20,bh1750,fixed_position_sensor_facing_light,included
2026-09-10T03:38:43+08:00,0.0,0.0,0.0,29.31,71.93,1011.71,770.0,61.5,sht20,bh1750,fixed_position_sensor_facing_light,included
2026-09-10T03:43:43+08:00,0.0,0.0,0.0,29.56,70.74,1011.65,770.8,61.5,sht20,bh1750,fixed_position_sensor_facing_light,included
2026-09-10T03:48:44+08:00,0.0,0.0,0.0,29.88,68.46,1011.69,760.0,62.5,sht20,bh1750,fixed_position_sensor_facing_light,included
2026-09-10T03:53:45+08:00,0.0,0.0,0.0,30.01,67.62,1011.69,770.0,64.5,sht20,bh1750,fixed_position_sensor_facing_light,included
2026-09-10T03:58:45+08:00,0.0,0.0,0.0,30.12,66.78,1011.67,770.8,62.5,sht20,bh1750,fixed_position_sensor_facing_light,included
2026-09-10T04:03:46+08:00,0.0,0.0,0.0,30.09,66.43,1011.73,770.0,62.5,sht20,bh1750,fixed_position_sensor_facing_light,included
2026-09-10T04:08:47+08:00,0.0,0.0,0.0,30.22,66.05,1011.59,769.2,64.5,sht20,bh1750,fixed_position_sensor_facing_light,included
2026-09-10T04:13:47+08:00,0.0,0.0,0.0,30.25,66.19,1011.63,763.3,62.5,sht20,bh1750,fixed_position_sensor_facing_light,included
2026-09-10T04:18:48+08:00,0.0,0.0,0.0,30.22,65.66,1011.7,771.7,64.5,sht20,bh1750,fixed_position_sensor_facing_light,included
2026-09-10T04:23:48+08:00,0.0,0.0,0.0,30.23,65.49,1011.62,770.8,62.5,sht20,bh1750,fixed_position_sensor_facing_light,included
2026-09-10T04:28:49+08:00,0.0,0.0,0.0,30.2,65.91,1011.76,769.2,62.5,sht20,bh1750,fixed_position_sensor_facing_light,included
2026-09-10T04:33:48+08:00,0.0,0.0,0.0,30.26,65.91,1011.6,770.8,62.5,sht20,bh1750,fixed_position_sensor_facing_light,included
2026-09-10T04:38:48+08:00,0.0,0.0,0.0,30.32,65.64,1011.65,776.7,62.5,sht20,bh1750,fixed_position_sensor_facing_light,included
2026-09-10T04:43:49+08:00,0.0,0.0,0.0,30.33,65.54,1011.73,770.0,62.5,sht20,bh1750,fixed_position_sensor_facing_light,included
2026-09-10T04:48:49+08:00,0.0,0.0,0.0,30.25,65.59,1011.79,770.8,62.5,sht20,bh1750,fixed_position_sensor_facing_light,included
2026-09-10T04:53:50+08:00,0.0,0.0,0.0,30.28,65.69,1011.79,770.0,64.5,sht20,bh1750,fixed_position_sensor_facing_light,included
2026-09-10T04:58:51+08:00,0.0,0.0,0.0,30.26,65.5,1011.79,772.5,64.5,sht20,bh1750,fixed_position_sensor_facing_light,included
2026-09-10T05:03:52+08:00,0.0,0.0,0.0,30.3,65.31,1011.73,770.8,63.5,sht20,bh1750,fixed_position_sensor_facing_light,included
2026-09-10T05:08:53+08:00,0.0,0.0,0.0,29.5,60.17,1011.83,775.8,63.5,sht20,bh1750,fixed_position_sensor_facing_light,included
2026-09-10T05:13:53+08:00,0.0,0.0,0.0,29.23,64.15,1011.85,775.8,63.5,sht20,bh1750,fixed_position_sensor_facing_light,included
2026-09-10T05:18:54+08:00,0.0,0.0,0.0,29.24,67.81,1012.02,780.8,63.5,sht20,bh1750,fixed_position_sensor_facing_light,included
2026-09-10T05:23:54+08:00,0.0,0.0,0.0,29.24,70.24,1011.97,760.8,63.5,sht20,bh1750,fixed_position_sensor_facing_light,included
2026-09-10T05:28:55+08:00,0.0,0.0,0.0,29.2,72.24,1012.08,771.7,63.5,sht20,bh1750,fixed_position_sensor_facing_light,included
2026-09-10T05:33:56+08:00,0.0,0.0,0.0,29.41,71.02,1012.14,770.8,63.5,sht20,bh1750,fixed_position_sensor_facing_light,included
2026-09-10T05:38:57+08:00,0.0,0.0,0.0,29.67,69.54,1012.15,771.7,62.5,sht20,bh1750,fixed_position_sensor_facing_light,included
2026-09-10T05:43:57+08:00,0.0,0.0,0.0,30.0,67.36,1012.19,762.5,64.5,sht20,bh1750,fixed_position_sensor_facing_light,included
2026-09-10T05:48:58+08:00,0.0,0.0,0.0,30.07,67.01,1012.22,772.5,64.5,sht20,bh1750,fixed_position_sensor_facing_light,included
2026-09-10T05:53:58+08:00,0.0,0.0,0.0,30.03,66.27,1012.28,772.5,63.5,sht20,bh1750,fixed_position_sensor_facing_light,included
2026-09-10T05:58:59+08:00,0.0,0.0,0.0,30.09,66.41,1012.28,770.8,62.5,sht20,bh1750,fixed_position_sensor_facing_light,included
2026-09-10T06:03:59+08:00,0.0,0.0,0.0,30.15,66.09,1012.37,762.5,64.5,sht20,bh1750,fixed_position_sensor_facing_light,included
2026-09-10T06:09:00+08:00,0.0,0.0,0.0,30.1,66.42,1012.42,772.5,62.5,sht20,bh1750,fixed_position_sensor_facing_light,included
2026-09-10T06:14:00+08:00,0.0,0.0,0.0,30.13,66.25,1012.51,775.0,64.5,sht20,bh1750,fixed_position_sensor_facing_light,included
2026-09-10T06:19:01+08:00,0.0,0.0,0.0,30.15,66.08,1012.6,772.5,62.5,sht20,bh1750,fixed_position_sensor_facing_light,included
2026-09-10T06:24:02+08:00,0.0,0.0,0.0,30.16,65.65,1012.6,774.2,62.5,sht20,bh1750,fixed_position_sensor_facing_light,included
2026-09-10T06:29:03+08:00,0.0,0.0,0.0,30.22,65.37,1012.63,774.2,62.5,sht20,bh1750,fixed_position_sensor_facing_light,included
2026-09-10T06:34:03+08:00,0.0,0.0,0.0,30.23,65.41,1012.69,772.5,64.5,sht20,bh1750,fixed_position_sensor_facing_light,included
2026-09-10T06:39:05+08:00,0.0,0.0,0.0,30.24,65.21,1012.8,772.5,64.5,sht20,bh1750,fixed_position_sensor_facing_light,included
2026-09-10T06:44:06+08:00,0.0,0.0,0.0,30.25,65.41,1012.86,773.3,63.5,sht20,bh1750,fixed_position_sensor_facing_light,included
2026-09-10T06:49:06+08:00,0.0,0.0,0.0,30.26,65.4,1012.98,773.3,62.5,sht20,bh1750,fixed_position_sensor_facing_light,included
2026-09-10T06:54:07+08:00,0.0,0.0,0.0,30.25,65.14,1013.04,764.2,62.5,sht20,bh1750,fixed_position_sensor_facing_light,included
2026-09-10T06:59:07+08:00,0.0,0.0,0.0,30.26,65.56,1013.11,775.0,62.5,sht20,bh1750,fixed_position_sensor_facing_light,included
2026-09-10T07:04:09+08:00,0.0,0.0,0.0,30.28,65.21,1013.06,762.5,62.5,sht20,bh1750,fixed_position_sensor_facing_light,included
2026-09-10T07:09:09+08:00,0.0,0.0,0.0,30.25,65.52,1013.01,773.3,62.5,sht20,bh1750,fixed_position_sensor_facing_light,included
2026-09-10T07:14:10+08:00,0.0,0.0,0.0,30.23,65.78,1013.11,775.0,62.5,sht20,bh1750,fixed_position_sensor_facing_light,included
2026-09-10T07:19:10+08:00,0.0,0.0,0.0,30.23,65.9,1013.26,775.0,64.5,sht20,bh1750,fixed_position_sensor_facing_light,included
2026-09-10T07:24:12+08:00,0.0,0.0,0.0,29.58,64.74,1013.21,772.5,62.5,sht20,bh1750,fixed_position_sensor_facing_light,included
2026-09-10T07:29:12+08:00,0.0,0.0,0.0,29.06,65.23,1013.25,766.7,61.5,sht20,bh1750,fixed_position_sensor_facing_light,included
2026-09-10T07:34:16+08:00,0.0,0.0,0.0,29.44,71.16,1013.32,773.3,61.5,sht20,bh1750,fixed_position_sensor_facing_light,included
2026-09-10T07:39:16+08:00,0.0,0.0,0.0,29.43,73.61,1013.35,764.2,62.5,sht20,bh1750,fixed_position_sensor_facing_light,included
2026-09-10T07:44:17+08:00,0.0,0.0,0.0,29.75,70.49,1013.3,775.8,63.5,sht20,bh1750,fixed_position_sensor_facing_light,included
2026-09-10T07:49:17+08:00,0.0,0.0,0.0,29.78,71.19,1013.39,774.2,62.5,sht20,bh1750,fixed_position_sensor_facing_light,included
2026-09-10T07:54:18+08:00,0.0,0.0,0.0,29.79,71.37,1013.36,765.0,62.5,sht20,bh1750,fixed_position_sensor_facing_light,included
2026-09-10T07:59:18+08:00,0.0,0.0,0.0,29.93,70.83,1013.39,776.7,62.5,sht20,bh1750,fixed_position_sensor_facing_light,included
2026-09-10T08:04:19+08:00,0.0,0.0,0.0,30.0,69.25,1013.42,787.5,63.5,sht20,bh1750,fixed_position_sensor_facing_light,included
2026-09-10T08:09:20+08:00,0.0,0.0,0.0,30.09,69.25,1013.56,784.2,62.5,sht20,bh1750,fixed_position_sensor_facing_light,included
2026-09-10T08:14:20+08:00,0.0,0.0,0.0,30.13,68.23,1013.43,785.8,64.5,sht20,bh1750,fixed_position_sensor_facing_light,included
2026-09-10T08:19:21+08:00,0.0,0.0,0.0,30.13,68.39,1013.52,795.0,62.5,sht20,bh1750,fixed_position_sensor_facing_light,included
2026-09-10T08:24:22+08:00,0.0,0.0,0.0,30.16,68.96,1013.43,788.3,62.5,sht20,bh1750,fixed_position_sensor_facing_light,included
2026-09-10T08:29:22+08:00,0.0,0.0,0.0,30.2,68.51,1013.46,789.2,63.5,sht20,bh1750,fixed_position_sensor_facing_light,included
2026-09-10T08:34:23+08:00,0.0,0.0,0.0,30.2,68.67,1013.52,785.8,62.5,sht20,bh1750,fixed_position_sensor_facing_light,included
2026-09-10T08:39:23+08:00,0.0,0.0,0.0,30.2,68.94,1013.6,790.8,62.5,sht20,bh1750,fixed_position_sensor_facing_light,included
2026-09-10T08:44:24+08:00,0.0,0.0,0.0,30.24,68.57,1013.65,799.2,62.5,sht20,bh1750,fixed_position_sensor_facing_light,included
2026-09-10T08:49:24+08:00,0.0,0.0,0.0,30.25,68.16,1013.68,785.8,62.5,sht20,bh1750,fixed_position_sensor_facing_light,included
2026-09-10T08:54:25+08:00,0.0,0.0,0.0,30.26,68.2,1013.6,796.7,62.5,sht20,bh1750,fixed_position_sensor_facing_light,included
2026-09-10T08:59:26+08:00,0.0,0.0,0.0,30.28,67.89,1013.71,786.7,62.5,sht20,bh1750,fixed_position_sensor_facing_light,included
2026-09-10T09:04:28+08:00,0.0,0.0,0.0,30.28,67.63,1013.71,785.0,62.5,sht20,bh1750,fixed_position_sensor_facing_light,included
2026-09-10T09:09:28+08:00,0.0,0.0,0.0,30.31,67.44,1013.89,785.0,64.5,sht20,bh1750,fixed_position_sensor_facing_light,included
2026-09-10T09:14:30+08:00,0.0,0.0,0.0,30.3,67.57,1013.83,782.5,64.5,sht20,bh1750,fixed_position_sensor_facing_light,included
2026-09-10T09:19:30+08:00,0.0,0.0,0.0,30.31,67.7,1013.98,783.3,63.5,sht20,bh1750,fixed_position_sensor_facing_light,included
2026-09-10T09:24:31+08:00,0.0,0.0,0.0,30.27,67.59,1014.06,796.7,62.5,sht20,bh1750,fixed_position_sensor_facing_light,included
2026-09-10T09:29:31+08:00,0.0,0.0,0.0,30.28,67.36,1014.03,788.3,64.5,sht20,bh1750,fixed_position_sensor_facing_light,included
2026-09-10T09:34:34+08:00,0.0,0.0,0.0,30.27,67.63,1014.0,791.7,63.5,sht20,bh1750,fixed_position_sensor_facing_light,included
2026-09-10T09:39:34+08:00,0.0,0.0,0.0,30.28,67.78,1014.12,782.5,62.5,sht20,bh1750,fixed_position_sensor_facing_light,included
2026-09-10T09:44:35+08:00,0.0,0.0,0.0,30.27,67.65,1014.09,784.2,62.5,sht20,bh1750,fixed_position_sensor_facing_light,included
2026-09-10T09:49:35+08:00,0.0,0.0,0.0,30.28,68.08,1014.06,785.0,62.5,sht20,bh1750,fixed_position_sensor_facing_light,included
2026-09-10T09:54:36+08:00,0.0,0.0,0.0,30.3,67.85,1014.06,785.0,64.5,sht20,bh1750,fixed_position_sensor_facing_light,included
2026-09-10T09:59:37+08:00,0.0,0.0,0.0,30.28,67.7,1014.03,785.8,62.5,sht20,bh1750,fixed_position_sensor_facing_light,included
2026-09-10T10:04:37+08:00,0.0,0.0,0.0,30.3,67.31,1014.03,784.2,62.5,sht20,bh1750,fixed_position_sensor_facing_light,included
2026-09-10T10:09:37+08:00,0.0,0.0,0.0,30.31,67.35,1014.03,779.2,62.5,sht20,bh1750,fixed_position_sensor_facing_light,included
2026-09-10T10:14:38+08:00,0.0,0.0,0.0,30.31,67.06,1014.09,785.8,62.5,sht20,bh1750,fixed_position_sensor_facing_light,included
2026-09-10T10:19:39+08:00,0.0,0.0,0.0,30.31,67.0,1014.03,788.3,64.5,sht20,bh1750,fixed_position_sensor_facing_light,included
2026-09-10T10:24:39+08:00,0.0,0.0,0.0,30.32,66.91,1013.92,808.3,62.5,sht20,bh1750,fixed_position_sensor_facing_light,included
2026-09-10T10:29:39+08:00,0.0,0.0,0.0,30.34,66.36,1013.95,791.7,62.5,sht20,bh1750,fixed_position_sensor_facing_light,included
2026-09-10T10:34:43+08:00,0.0,0.0,0.0,30.37,66.1,1013.83,785.8,62.5,sht20,bh1750,fixed_position_sensor_facing_light,included
2026-09-10T10:39:43+08:00,0.0,0.0,0.0,30.42,65.65,1013.81,785.8,62.5,sht20,bh1750,fixed_position_sensor_facing_light,included
2026-09-10T10:44:44+08:00,0.0,0.0,0.0,30.44,65.68,1013.75,794.2,64.5,sht20,bh1750,fixed_position_sensor_facing_light,included
2026-09-10T10:49:44+08:00,0.0,0.0,0.0,30.4,65.86,1013.72,785.0,65.5,sht20,bh1750,fixed_position_sensor_facing_light,included
2026-09-10T10:54:45+08:00,0.0,0.0,0.0,30.45,65.78,1013.66,776.7,63.5,sht20,bh1750,fixed_position_sensor_facing_light,included
2026-09-10T10:59:45+08:00,0.0,0.0,0.0,30.44,65.21,1013.52,789.2,62.5,sht20,bh1750,fixed_position_sensor_facing_light,included
2026-09-10T11:04:46+08:00,0.0,0.0,0.0,30.46,65.05,1013.6,784.2,62.5,sht20,bh1750,fixed_position_sensor_facing_light,included
2026-09-10T11:09:47+08:00,0.0,0.0,0.0,30.46,65.09,1013.66,780.0,64.5,sht20,bh1750,fixed_position_sensor_facing_light,included
2026-09-10T11:14:47+08:00,0.0,0.0,0.0,30.42,65.16,1013.78,785.8,65.5,sht20,bh1750,fixed_position_sensor_facing_light,included
2026-09-10T11:19:48+08:00,0.0,0.0,0.0,30.47,64.98,1013.66,795.0,63.5,sht20,bh1750,fixed_position_sensor_facing_light,included
2026-09-10T11:24:48+08:00,0.0,0.0,0.0,30.47,64.76,1013.57,786.7,62.5,sht20,bh1750,fixed_position_sensor_facing_light,included
2026-09-10T11:29:49+08:00,0.0,0.0,0.0,30.44,64.79,1013.57,785.0,64.5,sht20,bh1750,fixed_position_sensor_facing_light,included
2026-09-10T11:34:49+08:00,0.0,0.0,0.0,30.47,64.7,1013.69,791.7,64.5,sht20,bh1750,fixed_position_sensor_facing_light,included
2026-09-10T11:39:50+08:00,0.0,0.0,0.0,30.45,64.88,1013.63,784.2,63.5,sht20,bh1750,fixed_position_sensor_facing_light,included
2026-09-10T11:44:51+08:00,0.0,0.0,0.0,30.47,64.73,1013.84,773.3,62.5,sht20,bh1750,fixed_position_sensor_facing_light,included
2026-09-10T11:49:52+08:00,0.0,0.0,0.0,30.42,65.04,1013.83,782.5,62.5,sht20,bh1750,fixed_position_sensor_facing_light,included
2026-09-10T11:54:53+08:00,0.0,0.0,0.0,30.42,64.83,1013.81,785.0,62.5,sht20,bh1750,fixed_position_sensor_facing_light,included
2026-09-10T11:59:53+08:00,0.0,0.0,0.0,30.41,65.4,1013.6,779.2,64.5,sht20,bh1750,fixed_position_sensor_facing_light,included
2026-09-10T12:04:54+08:00,0.0,0.0,0.0,30.44,65.36,1013.5,782.5,62.5,sht20,bh1750,fixed_position_sensor_facing_light,included
2026-09-10T12:09:55+08:00,0.0,0.0,0.0,30.45,66.05,1013.47,785.0,62.5,sht20,bh1750,fixed_position_sensor_facing_light,included
2026-09-10T12:14:55+08:00,0.0,0.0,0.0,30.39,66.33,1013.38,785.0,64.5,sht20,bh1750,fixed_position_sensor_facing_light,included
2026-09-10T12:19:56+08:00,0.0,0.0,0.0,30.41,66.34,1013.44,784.2,63.5,sht20,bh1750,fixed_position_sensor_facing_light,included
2026-09-10T12:24:56+08:00,0.0,0.0,0.0,30.42,67.01,1013.35,785.0,62.5,sht20,bh1750,fixed_position_sensor_facing_light,included
2026-09-10T12:29:57+08:00,0.0,0.0,0.0,30.44,66.43,1013.21,785.0,64.5,sht20,bh1750,fixed_position_sensor_facing_light,included
2026-09-10T12:34:58+08:00,0.0,0.0,0.0,30.45,67.14,1013.15,785.8,62.5,sht20,bh1750,fixed_position_sensor_facing_light,included
2026-09-10T12:39:58+08:00,0.0,0.0,0.0,30.46,66.78,1013.24,781.7,62.5,sht20,bh1750,fixed_position_sensor_facing_light,included
2026-09-10T12:44:59+08:00,0.0,0.0,0.0,30.46,67.1,1012.98,784.2,62.5,sht20,bh1750,fixed_position_sensor_facing_light,included
2026-09-10T12:50:01+08:00,0.0,0.0,0.0,30.45,67.72,1012.98,785.8,62.5,sht20,bh1750,fixed_position_sensor_facing_light,included
2026-09-10T12:55:02+08:00,0.0,0.0,0.0,30.45,67.27,1012.9,785.8,64.5,sht20,bh1750,fixed_position_sensor_facing_light,included
2026-09-10T13:00:02+08:00,0.0,0.0,0.0,30.45,67.66,1012.98,785.8,63.5,sht20,bh1750,fixed_position_sensor_facing_light,included
2026-09-10T13:05:04+08:00,0.0,0.0,0.0,30.47,67.53,1012.87,785.8,62.5,sht20,bh1750,fixed_position_sensor_facing_light,included
2026-09-10T13:10:05+08:00,0.0,0.0,0.0,30.48,67.61,1012.93,787.5,64.5,sht20,bh1750,fixed_position_sensor_facing_light,included
2026-09-10T13:15:05+08:00,0.0,0.0,0.0,30.5,66.63,1012.75,788.3,65.5,sht20,bh1750,fixed_position_sensor_facing_light,included
2026-09-10T13:20:09+08:00,0.0,0.0,0.0,30.5,66.14,1012.67,788.3,65.5,sht20,bh1750,fixed_position_sensor_facing_light,included
2026-09-10T13:25:09+08:00,0.0,0.0,0.0,30.52,65.29,1012.75,788.3,63.5,sht20,bh1750,fixed_position_sensor_facing_light,included
2026-09-10T13:30:09+08:00,0.0,0.0,0.0,30.59,64.01,1012.58,786.7,62.5,sht20,bh1750,fixed_position_sensor_facing_light,included
2026-09-10T13:35:10+08:00,0.0,0.0,0.0,30.6,63.29,1012.49,777.5,62.5,sht20,bh1750,fixed_position_sensor_facing_light,included
2026-09-10T13:40:11+08:00,0.0,0.0,0.0,30.59,63.24,1012.35,787.5,62.5,sht20,bh1750,fixed_position_sensor_facing_light,included
2026-09-10T13:45:11+08:00,0.0,0.0,0.0,30.57,61.99,1012.44,785.8,64.5,sht20,bh1750,fixed_position_sensor_facing_light,included
2026-09-10T13:50:12+08:00,0.0,0.0,0.0,30.57,61.63,1012.44,786.7,65.5,sht20,bh1750,fixed_position_sensor_facing_light,included
2026-09-10T13:55:13+08:00,0.0,0.0,0.0,30.65,60.72,1012.32,786.7,65.5,sht20,bh1750,fixed_position_sensor_facing_light,included
2026-09-10T14:00:13+08:00,0.0,0.0,0.0,30.64,60.79,1012.47,786.7,65.5,sht20,bh1750,fixed_position_sensor_facing_light,included
2026-09-10T14:05:14+08:00,0.0,0.0,0.0,30.6,61.27,1012.44,785.8,63.5,sht20,bh1750,fixed_position_sensor_facing_light,included
2026-09-10T14:10:14+08:00,0.0,0.0,0.0,30.61,61.1,1012.55,785.8,63.5,sht20,bh1750,fixed_position_sensor_facing_light,included
2026-09-10T14:15:16+08:00,0.0,0.0,0.0,30.59,61.01,1012.32,780.0,64.5,sht20,bh1750,fixed_position_sensor_facing_light,included
2026-09-10T14:20:16+08:00,0.0,0.0,0.0,30.62,61.22,1012.49,785.8,65.5,sht20,bh1750,fixed_position_sensor_facing_light,included
2026-09-10T14:25:17+08:00,0.0,0.0,0.0,30.63,60.24,1012.49,773.3,63.5,sht20,bh1750,fixed_position_sensor_facing_light,included
2026-09-10T14:30:17+08:00,0.0,0.0,0.0,30.65,60.57,1012.35,791.7,64.5,sht20,bh1750,fixed_position_sensor_facing_light,included
2026-09-10T14:35:20+08:00,0.0,0.0,0.0,30.64,60.82,1012.47,775.0,63.5,sht20,bh1750,fixed_position_sensor_facing_light,included
2026-09-10T14:40:20+08:00,0.0,0.0,0.0,30.63,60.49,1012.47,786.7,63.5,sht20,bh1750,fixed_position_sensor_facing_light,included
2026-09-10T14:45:21+08:00,0.0,0.0,0.0,30.69,60.41,1012.44,788.3,62.5,sht20,bh1750,fixed_position_sensor_facing_light,included
2026-09-10T14:50:21+08:00,0.0,0.0,0.0,30.67,60.64,1012.55,785.8,62.5,sht20,bh1750,fixed_position_sensor_facing_light,included
2026-09-10T14:55:22+08:00,0.0,0.0,0.0,30.69,59.93,1012.5,789.2,64.5,sht20,bh1750,fixed_position_sensor_facing_light,included
2026-09-10T15:00:23+08:00,0.0,0.0,0.0,30.69,60.01,1012.61,786.7,65.5,sht20,bh1750,fixed_position_sensor_facing_light,included
2026-09-10T15:05:24+08:00,0.0,0.0,0.0,30.69,60.06,1012.53,783.3,63.5,sht20,bh1750,fixed_position_sensor_facing_light,included
2026-09-10T15:10:25+08:00,0.0,0.0,0.0,30.65,60.57,1012.5,786.7,63.5,sht20,bh1750,fixed_position_sensor_facing_light,included
2026-09-10T15:15:25+08:00,0.0,0.0,0.0,30.7,60.51,1012.55,785.8,64.5,sht20,bh1750,fixed_position_sensor_facing_light,included
2026-09-10T15:20:26+08:00,0.0,0.0,0.0,30.71,60.87,1012.76,786.7,65.5,sht20,bh1750,fixed_position_sensor_facing_light,included
2026-09-10T15:25:26+08:00,0.0,0.0,0.0,30.64,60.8,1012.81,785.0,63.5,sht20,bh1750,fixed_position_sensor_facing_light,included
2026-09-10T15:30:25+08:00,0.0,0.0,0.0,30.68,61.37,1012.76,785.0,62.5,sht20,bh1750,fixed_position_sensor_facing_light,included
2026-09-10T15:35:26+08:00,0.0,0.0,0.0,30.71,61.76,1012.76,786.7,64.5,sht20,bh1750,fixed_position_sensor_facing_light,included
2026-09-10T15:40:26+08:00,0.0,0.0,0.0,30.68,61.79,1012.84,781.7,63.5,sht20,bh1750,fixed_position_sensor_facing_light,included
2026-09-10T15:45:28+08:00,0.0,0.0,0.0,30.71,62.05,1012.9,774.2,62.5,sht20,bh1750,fixed_position_sensor_facing_light,included
2026-09-10T15:50:28+08:00,0.0,0.0,0.0,30.7,61.96,1012.87,775.0,64.5,sht20,bh1750,fixed_position_sensor_facing_light,included
2026-09-10T15:55:29+08:00,0.0,0.0,0.0,30.67,62.31,1012.9,785.8,65.5,sht20,bh1750,fixed_position_sensor_facing_light,included
2026-09-10T16:00:29+08:00,0.0,0.0,0.0,30.75,62.24,1012.93,785.8,63.5,sht20,bh1750,fixed_position_sensor_facing_light,included
2026-09-10T16:05:30+08:00,0.0,0.0,0.0,30.67,62.45,1012.9,785.0,62.5,sht20,bh1750,fixed_position_sensor_facing_light,included
2026-09-10T16:10:31+08:00,0.0,0.0,0.0,30.65,61.96,1013.05,786.7,62.5,sht20,bh1750,fixed_position_sensor_facing_light,included
2026-09-10T16:15:31+08:00,0.0,0.0,0.0,30.65,62.12,1012.96,797.5,62.5,sht20,bh1750,fixed_position_sensor_facing_light,included
2026-09-10T16:20:32+08:00,0.0,0.0,0.0,30.66,62.08,1012.99,785.8,62.5,sht20,bh1750,fixed_position_sensor_facing_light,included
2026-09-10T16:25:32+08:00,0.0,0.0,0.0,30.66,61.86,1013.18,785.8,62.5,sht20,bh1750,fixed_position_sensor_facing_light,included
2026-09-10T16:30:33+08:00,0.0,0.0,0.0,30.67,61.94,1013.15,790.8,62.5,sht20,bh1750,fixed_position_sensor_facing_light,included
2026-09-10T16:35:34+08:00,0.0,0.0,0.0,30.67,62.21,1013.36,785.8,64.5,sht20,bh1750,fixed_position_sensor_facing_light,included
2026-09-10T16:40:34+08:00,0.0,0.0,0.0,30.71,62.03,1013.39,789.2,63.5,sht20,bh1750,fixed_position_sensor_facing_light,included
2026-09-10T16:45:35+08:00,0.0,0.0,0.0,30.66,61.87,1013.42,785.8,62.5,sht20,bh1750,fixed_position_sensor_facing_light,included
2026-09-10T16:50:35+08:00,0.0,0.0,0.0,30.64,61.63,1013.5,784.2,64.5,sht20,bh1750,fixed_position_sensor_facing_light,included
2026-09-10T16:55:36+08:00,0.0,0.0,0.0,30.68,62.15,1013.58,797.5,63.5,sht20,bh1750,fixed_position_sensor_facing_light,included
2026-09-10T17:00:36+08:00,0.0,0.0,0.0,30.68,61.73,1013.67,791.7,62.5,sht20,bh1750,fixed_position_sensor_facing_light,included
2026-09-10T17:05:37+08:00,0.0,0.0,0.0,30.66,62.06,1013.7,785.8,63.5,sht20,bh1750,fixed_position_sensor_facing_light,included
2026-09-10T17:10:38+08:00,0.0,0.0,0.0,30.64,62.61,1013.78,786.7,62.5,sht20,bh1750,fixed_position_sensor_facing_light,included
2026-09-10T17:15:38+08:00,0.0,0.0,0.0,30.63,62.54,1013.93,784.2,62.5,sht20,bh1750,fixed_position_sensor_facing_light,included
2026-09-10T17:20:39+08:00,0.0,0.0,0.0,30.65,62.3,1013.84,785.0,62.5,sht20,bh1750,fixed_position_sensor_facing_light,included
2026-09-10T17:25:39+08:00,0.0,0.0,0.0,30.59,63.33,1013.98,785.0,62.5,sht20,bh1750,fixed_position_sensor_facing_light,included
2026-09-10T17:30:41+08:00,0.0,0.0,0.0,30.62,62.77,1014.16,785.8,62.5,sht20,bh1750,fixed_position_sensor_facing_light,included
2026-09-10T17:35:41+08:00,0.0,0.0,0.0,30.16,59.34,1014.2,785.8,62.5,sht20,bh1750,fixed_position_sensor_facing_light,included
2026-09-10T17:40:42+08:00,0.0,0.0,0.0,29.66,56.74,1014.19,795.0,63.5,sht20,bh1750,fixed_position_sensor_facing_light,included
2026-09-10T17:45:42+08:00,0.0,0.0,0.0,29.66,62.04,1014.07,779.2,62.5,sht20,bh1750,fixed_position_sensor_facing_light,included
2026-09-10T17:50:43+08:00,0.0,0.0,0.0,29.8,65.76,1014.13,787.5,61.5,sht20,bh1750,fixed_position_sensor_facing_light,included
2026-09-10T17:55:43+08:00,0.0,0.0,0.0,29.79,68.87,1014.13,787.5,61.5,sht20,bh1750,fixed_position_sensor_facing_light,included
2026-09-10T18:00:44+08:00,0.0,0.0,0.0,29.91,70.07,1014.25,785.8,61.5,sht20,bh1750,fixed_position_sensor_facing_light,included
2026-09-10T18:05:45+08:00,0.0,0.0,0.0,29.96,70.83,1014.26,790.0,63.5,sht20,bh1750,fixed_position_sensor_facing_light,included
2026-09-10T18:10:45+08:00,0.0,0.0,0.0,29.96,71.9,1014.26,787.5,62.5,sht20,bh1750,fixed_position_sensor_facing_light,included
2026-09-10T18:15:45+08:00,0.0,0.0,0.0,30.18,70.99,1014.32,788.3,64.5,sht20,bh1750,fixed_position_sensor_facing_light,included
2026-09-10T18:20:46+08:00,0.0,0.0,0.0,30.32,71.14,1014.32,787.5,62.5,sht20,bh1750,fixed_position_sensor_facing_light,included
2026-09-10T18:25:47+08:00,0.0,0.0,0.0,30.45,70.01,1014.39,780.8,62.5,sht20,bh1750,fixed_position_sensor_facing_light,included
2026-09-10T18:30:48+08:00,0.0,0.0,0.0,30.48,69.75,1014.27,790.0,64.5,sht20,bh1750,fixed_position_sensor_facing_light,included
2026-09-10T18:35:48+08:00,0.0,0.0,0.0,29.78,63.79,1014.37,787.5,62.5,sht20,bh1750,fixed_position_sensor_facing_light,included
2026-09-10T18:40:49+08:00,0.0,0.0,0.0,29.35,61.12,1014.29,775.8,61.5,sht20,bh1750,fixed_position_sensor_facing_light,included
2026-09-10T18:45:49+08:00,0.0,0.0,0.0,29.66,66.93,1014.33,788.3,61.5,sht20,bh1750,fixed_position_sensor_facing_light,included
2026-09-10T18:50:50+08:00,0.0,0.0,0.0,29.87,68.01,1014.34,789.2,61.5,sht20,bh1750,fixed_position_sensor_facing_light,included
2026-09-10T18:55:51+08:00,0.0,0.0,0.0,30.08,66.04,1014.35,788.3,62.5,sht20,bh1750,fixed_position_sensor_facing_light,included
2026-09-10T19:00:51+08:00,0.0,0.0,0.0,30.19,65.4,1014.35,787.5,63.5,sht20,bh1750,fixed_position_sensor_facing_light,included
2026-09-10T19:05:54+08:00,0.0,0.0,0.0,30.28,64.61,1014.5,791.7,64.5,sht20,bh1750,fixed_position_sensor_facing_light,included
2026-09-10T19:10:55+08:00,0.0,0.0,0.0,30.31,64.74,1014.47,788.3,63.5,sht20,bh1750,fixed_position_sensor_facing_light,included
2026-09-10T19:15:57+08:00,0.0,0.0,0.0,30.34,64.79,1014.53,787.5,64.5,sht20,bh1750,fixed_position_sensor_facing_light,included
2026-09-10T19:20:57+08:00,0.0,0.0,0.0,30.37,64.85,1014.59,793.3,62.5,sht20,bh1750,fixed_position_sensor_facing_light,included
2026-09-10T19:25:57+08:00,0.0,0.0,0.0,30.39,64.93,1014.7,787.5,64.5,sht20,bh1750,fixed_position_sensor_facing_light,included
2026-09-10T19:30:58+08:00,0.0,0.0,0.0,30.41,64.74,1014.73,787.5,62.5,sht20,bh1750,fixed_position_sensor_facing_light,included
2026-09-10T19:35:59+08:00,0.0,0.0,0.0,30.41,64.94,1014.76,786.7,62.5,sht20,bh1750,fixed_position_sensor_facing_light,included
2026-09-10T19:41:00+08:00,0.0,0.0,0.0,30.42,64.97,1014.82,787.5,62.5,sht20,bh1750,fixed_position_sensor_facing_light,included
2026-09-10T19:46:00+08:00,0.0,0.0,0.0,30.46,64.93,1014.91,797.5,64.5,sht20,bh1750,fixed_position_sensor_facing_light,included
2026-09-10T19:51:01+08:00,0.0,0.0,0.0,30.47,64.81,1014.99,800.0,63.5,sht20,bh1750,fixed_position_sensor_facing_light,included
2026-09-10T19:56:02+08:00,0.0,0.0,0.0,30.46,65.18,1015.16,786.7,62.5,sht20,bh1750,fixed_position_sensor_facing_light,included
2026-09-10T20:01:02+08:00,0.0,0.0,0.0,30.48,65.14,1015.22,797.5,62.5,sht20,bh1750,fixed_position_sensor_facing_light,included
2026-09-10T20:06:03+08:00,0.0,0.0,0.0,30.56,65.69,1015.17,789.2,62.5,sht20,bh1750,fixed_position_sensor_facing_light,included
2026-09-10T20:11:04+08:00,0.0,0.0,0.0,29.87,60.06,1015.34,786.7,62.5,sht20,bh1750,fixed_position_sensor_facing_light,included
2026-09-10T20:16:04+08:00,0.0,0.0,0.0,29.41,60.52,1015.39,783.3,63.5,sht20,bh1750,fixed_position_sensor_facing_light,included
2026-09-10T20:21:05+08:00,0.0,0.0,0.0,29.63,66.91,1015.45,790.0,63.5,sht20,bh1750,fixed_position_sensor_facing_light,included
2026-09-10T20:26:06+08:00,0.0,0.0,0.0,29.87,67.68,1015.55,782.5,62.5,sht20,bh1750,fixed_position_sensor_facing_light,included
2026-09-10T20:31:07+08:00,0.0,0.0,0.0,30.01,65.43,1015.58,780.8,64.5,sht20,bh1750,fixed_position_sensor_facing_light,included
2026-09-10T20:36:08+08:00,0.0,0.0,0.0,30.07,64.59,1015.64,769.2,62.5,sht20,bh1750,fixed_position_sensor_facing_light,included
2026-09-10T20:41:08+08:00,0.0,0.0,0.0,30.25,64.03,1015.73,779.2,64.5,sht20,bh1750,fixed_position_sensor_facing_light,included
2026-09-10T20:46:09+08:00,0.0,0.0,0.0,30.3,63.8,1015.71,785.0,64.5,sht20,bh1750,fixed_position_sensor_facing_light,included
2026-09-10T20:51:09+08:00,0.0,0.0,0.0,30.34,63.75,1015.85,779.2,63.5,sht20,bh1750,fixed_position_sensor_facing_light,included
2026-09-10T20:56:10+08:00,0.0,0.0,0.0,30.38,63.52,1015.97,789.2,62.5,sht20,bh1750,fixed_position_sensor_facing_light,included
2026-09-10T21:01:10+08:00,0.0,0.0,0.0,30.35,63.44,1015.88,779.2,64.5,sht20,bh1750,fixed_position_sensor_facing_light,included
2026-09-10T21:06:11+08:00,0.0,0.0,0.0,30.39,63.67,1015.97,778.3,63.5,sht20,bh1750,fixed_position_sensor_facing_light,included
2026-09-10T21:11:12+08:00,0.0,0.0,0.0,30.4,64.25,1016.0,778.3,62.5,sht20,bh1750,fixed_position_sensor_facing_light,included
2026-09-10T21:16:12+08:00,0.0,0.0,0.0,30.4,63.8,1015.97,775.8,62.5,sht20,bh1750,fixed_position_sensor_facing_light,included
2026-09-10T21:21:13+08:00,0.0,0.0,0.0,30.33,64.68,1016.06,766.7,62.5,sht20,bh1750,fixed_position_sensor_facing_light,included
2026-09-10T21:26:13+08:00,0.0,0.0,0.0,30.4,63.88,1016.06,783.3,64.5,sht20,bh1750,fixed_position_sensor_facing_light,included
2026-09-10T21:31:14+08:00,0.0,0.0,0.0,30.31,64.63,1016.03,777.5,64.5,sht20,bh1750,fixed_position_sensor_facing_light,included
2026-09-10T21:36:14+08:00,0.0,0.0,0.0,30.3,65.45,1015.97,779.2,62.5,sht20,bh1750,fixed_position_sensor_facing_light,included
2026-09-10T21:41:15+08:00,0.0,0.0,0.0,30.3,65.43,1016.06,780.0,64.5,sht20,bh1750,fixed_position_sensor_facing_light,included
2026-09-10T21:46:15+08:00,0.0,0.0,0.0,30.3,65.81,1016.0,780.0,62.5,sht20,bh1750,fixed_position_sensor_facing_light,included
2026-09-10T21:51:16+08:00,0.0,0.0,0.0,30.27,65.82,1016.02,780.0,62.5,sht20,bh1750,fixed_position_sensor_facing_light,included
2026-09-10T21:56:16+08:00,0.0,0.0,0.0,30.3,65.59,1016.02,780.0,64.5,sht20,bh1750,fixed_position_sensor_facing_light,included
2026-09-10T22:01:17+08:00,0.0,0.0,0.0,30.3,65.66,1016.03,780.0,62.5,sht20,bh1750,fixed_position_sensor_facing_light,included
2026-09-10T22:06:17+08:00,0.0,0.0,0.0,30.33,65.37,1016.06,779.2,64.5,sht20,bh1750,fixed_position_sensor_facing_light,included
2026-09-10T22:11:18+08:00,0.0,0.0,0.0,30.32,65.42,1016.05,780.0,63.5,sht20,bh1750,fixed_position_sensor_facing_light,included
2026-09-10T22:16:18+08:00,0.0,0.0,0.0,30.32,65.15,1016.16,780.0,62.5,sht20,bh1750,fixed_position_sensor_facing_light,included
2026-09-10T22:21:18+08:00,0.0,0.0,0.0,30.3,65.16,1015.91,779.2,62.5,sht20,bh1750,fixed_position_sensor_facing_light,included
2026-09-10T22:26:19+08:00,0.0,0.0,0.0,30.28,65.33,1015.91,779.2,62.5,sht20,bh1750,fixed_position_sensor_facing_light,included
2026-09-10T22:31:20+08:00,0.0,0.0,0.0,30.32,64.96,1015.97,779.2,62.5,sht20,bh1750,fixed_position_sensor_facing_light,included
2026-09-10T22:36:20+08:00,0.0,0.0,0.0,30.34,64.96,1015.88,770.0,64.5,sht20,bh1750,fixed_position_sensor_facing_light,included
2026-09-10T22:41:21+08:00,0.0,0.0,0.0,30.39,64.63,1015.83,777.5,64.5,sht20,bh1750,fixed_position_sensor_facing_light,included
2026-09-10T22:46:21+08:00,0.0,0.0,0.0,30.37,64.75,1015.8,779.2,63.5,sht20,bh1750,fixed_position_sensor_facing_light,included
2026-09-10T22:51:22+08:00,0.0,0.0,0.0,30.41,64.83,1015.65,780.0,62.5,sht20,bh1750,fixed_position_sensor_facing_light,included
2026-09-10T22:56:23+08:00,0.0,0.0,0.0,30.47,64.22,1015.63,774.2,62.5,sht20,bh1750,fixed_position_sensor_facing_light,included
2026-09-10T23:01:23+08:00,0.0,0.0,0.0,30.47,63.98,1015.63,780.0,64.5,sht20,bh1750,fixed_position_sensor_facing_light,included
2026-09-10T23:06:23+08:00,0.0,0.0,0.0,30.46,64.1,1015.54,785.0,65.5,sht20,bh1750,fixed_position_sensor_facing_light,included
2026-09-10T23:11:24+08:00,0.0,0.0,0.0,30.47,64.27,1015.65,780.0,63.5,sht20,bh1750,fixed_position_sensor_facing_light,included
2026-09-10T23:16:25+08:00,0.0,0.0,0.0,30.44,64.27,1015.68,780.8,62.5,sht20,bh1750,fixed_position_sensor_facing_light,included
2026-09-10T23:21:25+08:00,0.0,0.0,0.0,30.48,63.8,1015.63,780.0,64.5,sht20,bh1750,fixed_position_sensor_facing_light,included
2026-09-10T23:26:25+08:00,0.0,0.0,0.0,30.48,64.05,1015.68,780.8,62.5,sht20,bh1750,fixed_position_sensor_facing_light,included
2026-09-10T23:31:26+08:00,0.0,0.0,0.0,30.42,64.14,1015.54,767.5,62.5,sht20,bh1750,fixed_position_sensor_facing_light,included
2026-09-10T23:36:27+08:00,0.0,0.0,0.0,30.45,63.92,1015.62,788.3,62.5,sht20,bh1750,fixed_position_sensor_facing_light,included
2026-09-10T23:41:27+08:00,0.0,0.0,0.0,30.42,64.23,1015.65,780.0,64.5,sht20,bh1750,fixed_position_sensor_facing_light,included
2026-09-10T23:46:27+08:00,0.0,0.0,0.0,30.44,63.78,1015.65,780.0,63.5,sht20,bh1750,fixed_position_sensor_facing_light,included
2026-09-10T23:51:28+08:00,0.0,0.0,0.0,30.45,63.91,1015.51,780.8,64.5,sht20,bh1750,fixed_position_sensor_facing_light,included
2026-09-10T23:56:29+08:00,0.0,0.0,0.0,30.49,64.23,1015.54,780.8,63.5,sht20,bh1750,fixed_position_sensor_facing_light,included
2026-09-11T00:01:29+08:00,0.0,0.0,0.0,30.5,64.07,1015.48,780.8,62.5,sht20,bh1750,fixed_position_sensor_facing_light,included
2026-09-11T00:06:29+08:00,0.0,0.0,0.0,30.49,64.01,1015.39,768.3,64.5,sht20,bh1750,fixed_position_sensor_facing_light,included
2026-09-11T00:11:32+08:00,0.0,0.0,0.0,30.47,64.07,1015.51,779.2,62.5,sht20,bh1750,fixed_position_sensor_facing_light,included
2026-09-11T00:16:33+08:00,0.0,0.0,0.0,30.44,64.21,1015.45,780.0,62.5,sht20,bh1750,fixed_position_sensor_facing_light,included
2026-09-11T00:21:33+08:00,0.0,0.0,0.0,30.5,63.79,1015.57,777.5,62.5,sht20,bh1750,fixed_position_sensor_facing_light,included
2026-09-11T00:26:34+08:00,0.0,0.0,0.0,30.49,64.09,1015.48,780.0,62.5,sht20,bh1750,fixed_position_sensor_facing_light,included
2026-09-11T00:31:34+08:00,0.0,0.0,0.0,30.5,63.95,1015.39,780.8,62.5,sht20,bh1750,fixed_position_sensor_facing_light,included
2026-09-11T00:36:35+08:00,0.0,0.0,0.0,30.45,64.25,1015.36,778.3,62.5,sht20,bh1750,fixed_position_sensor_facing_light,included
2026-09-11T00:41:35+08:00,0.0,0.0,0.0,30.42,64.3,1015.22,780.0,62.5,sht20,bh1750,fixed_position_sensor_facing_light,included
2026-09-11T00:46:36+08:00,0.0,0.0,0.0,30.47,63.82,1015.16,776.7,62.5,sht20,bh1750,fixed_position_sensor_facing_light,included
2026-09-11T00:51:36+08:00,0.0,0.0,0.0,30.45,64.11,1015.04,780.8,64.5,sht20,bh1750,fixed_position_sensor_facing_light,included
2026-09-11T00:56:37+08:00,0.0,0.0,0.0,30.46,63.77,1014.99,780.0,64.5,sht20,bh1750,fixed_position_sensor_facing_light,included
2026-09-11T01:01:37+08:00,0.0,0.0,0.0,30.47,63.87,1014.99,787.5,63.5,sht20,bh1750,fixed_position_sensor_facing_light,included
2026-09-11T01:06:38+08:00,0.0,0.0,0.0,30.44,64.41,1015.04,791.7,62.5,sht20,bh1750,fixed_position_sensor_facing_light,included
2026-09-11T01:11:38+08:00,0.0,0.0,0.0,30.1,61.76,1015.0,796.7,62.5,sht20,bh1750,fixed_position_sensor_facing_light,included
2026-09-11T01:16:39+08:00,0.0,0.0,0.0,29.92,57.19,1014.97,792.5,61.5,sht20,bh1750,fixed_position_sensor_facing_light,included
2026-09-11T01:22:42+08:00,0.0,0.0,0.0,30.02,63.95,1014.92,790.8,63.5,sht20,bh1750,fixed_position_sensor_facing_light,included
2026-09-11T01:28:13+08:00,0.0,0.0,0.0,30.04,66.66,1014.78,790.8,64.5,sht20,bh1750,fixed_position_sensor_facing_light,included
2026-09-11T01:33:44+08:00,0.0,0.0,0.0,30.01,68.84,1014.75,798.3,62.5,sht20,bh1750,fixed_position_sensor_facing_light,included
2026-09-11T01:38:45+08:00,0.0,0.0,0.0,29.97,70.33,1014.92,790.8,62.5,sht20,bh1750,fixed_position_sensor_facing_light,included
2026-09-11T01:43:45+08:00,0.0,0.0,0.0,30.01,72.09,1014.78,790.8,62.5,sht20,bh1750,fixed_position_sensor_facing_light,included
2026-09-11T01:48:45+08:00,0.0,0.0,0.0,30.06,71.84,1014.81,791.7,63.5,sht20,bh1750,fixed_position_sensor_facing_light,included
2026-09-11T01:53:53+08:00,0.0,0.0,0.0,30.17,72.54,1014.67,795.0,62.5,sht20,bh1750,fixed_position_sensor_facing_light,included
2026-09-11T01:58:54+08:00,0.0,0.0,0.0,30.26,71.62,1014.76,795.8,64.5,sht20,bh1750,fixed_position_sensor_facing_light,included
2026-09-11T02:03:54+08:00,0.0,0.0,0.0,30.34,71.93,1014.7,793.3,63.5,sht20,bh1750,fixed_position_sensor_facing_light,included
2026-09-11T02:08:55+08:00,0.0,0.0,0.0,30.44,71.71,1014.71,792.5,64.5,sht20,bh1750,fixed_position_sensor_facing_light,included
2026-09-11T02:13:55+08:00,0.0,0.0,0.0,30.37,71.81,1014.62,803.3,63.5,sht20,bh1750,fixed_position_sensor_facing_light,included
2026-09-11T02:18:56+08:00,0.0,0.0,0.0,30.42,70.32,1014.53,800.0,62.5,sht20,bh1750,fixed_position_sensor_facing_light,included
2026-09-11T02:23:56+08:00,0.0,0.0,0.0,30.44,70.58,1014.44,790.8,64.5,sht20,bh1750,fixed_position_sensor_facing_light,included
2026-09-11T02:28:57+08:00,0.0,0.0,0.0,30.1,66.09,1014.38,800.8,62.5,sht20,bh1750,fixed_position_sensor_facing_light,included
2026-09-11T02:33:57+08:00,0.0,0.0,0.0,29.42,63.4,1014.47,790.8,62.5,sht20,bh1750,fixed_position_sensor_facing_light,included
2026-09-11T02:38:58+08:00,0.0,0.0,0.0,29.56,68.36,1014.56,795.8,61.5,sht20,bh1750,fixed_position_sensor_facing_light,included
2026-09-11T02:43:59+08:00,0.0,0.0,0.0,29.65,71.16,1014.51,790.0,61.5,sht20,bh1750,fixed_position_sensor_facing_light,included
2026-09-11T02:48:59+08:00,0.0,0.0,0.0,29.44,74.97,1014.59,791.7,63.5,sht20,bh1750,fixed_position_sensor_facing_light,included
2026-09-11T02:54:00+08:00,0.0,0.0,0.0,29.6,75.31,1014.65,791.7,62.5,sht20,bh1750,fixed_position_sensor_facing_light,included
2026-09-11T02:59:01+08:00,0.0,0.0,0.0,29.59,76.62,1014.53,791.7,63.5,sht20,bh1750,fixed_position_sensor_facing_light,included
2026-09-11T03:04:01+08:00,0.0,0.0,0.0,29.64,76.97,1014.65,784.2,63.5,sht20,bh1750,fixed_position_sensor_facing_light,included
2026-09-11T03:09:03+08:00,0.0,0.0,0.0,29.91,75.38,1014.63,793.3,62.5,sht20,bh1750,fixed_position_sensor_facing_light,included
2026-09-11T03:14:03+08:00,0.0,0.0,0.0,30.1,73.25,1014.61,793.3,64.5,sht20,bh1750,fixed_position_sensor_facing_light,included
2026-09-11T03:19:04+08:00,0.0,0.0,0.0,30.22,72.56,1014.61,791.7,62.5,sht20,bh1750,fixed_position_sensor_facing_light,included
2026-09-11T03:24:04+08:00,0.0,0.0,0.0,30.25,72.29,1014.64,803.3,62.5,sht20,bh1750,fixed_position_sensor_facing_light,included
2026-09-11T03:29:05+08:00,0.0,0.0,0.0,30.3,71.86,1014.56,792.5,64.5,sht20,bh1750,fixed_position_sensor_facing_light,included
2026-09-11T03:34:06+08:00,0.0,0.0,0.0,30.32,71.55,1014.64,784.2,62.5,sht20,bh1750,fixed_position_sensor_facing_light,included
2026-09-11T03:39:06+08:00,0.0,0.0,0.0,30.23,72.06,1014.61,786.7,62.5,sht20,bh1750,fixed_position_sensor_facing_light,included
2026-09-11T03:44:07+08:00,0.0,0.0,0.0,30.23,71.63,1014.7,790.0,62.5,sht20,bh1750,fixed_position_sensor_facing_light,included
2026-09-11T03:49:08+08:00,0.0,0.0,0.0,30.26,71.48,1014.64,784.2,62.5,sht20,bh1750,fixed_position_sensor_facing_light,included
2026-09-11T03:54:08+08:00,0.0,0.0,0.0,30.06,68.78,1014.69,791.7,62.5,sht20,bh1750,fixed_position_sensor_facing_light,included
2026-09-11T03:59:09+08:00,0.0,0.0,0.0,29.41,63.69,1014.61,790.8,61.5,sht20,bh1750,fixed_position_sensor_facing_light,included
2026-09-11T04:04:09+08:00,0.0,0.0,0.0,29.26,69.67,1014.84,801.7,62.5,sht20,bh1750,fixed_position_sensor_facing_light,included
2026-09-11T04:09:10+08:00,0.0,0.0,0.0,29.51,72.04,1014.71,791.7,62.5,sht20,bh1750,fixed_position_sensor_facing_light,included
2026-09-11T04:14:10+08:00,0.0,0.0,0.0,29.37,74.7,1014.79,804.2,63.5,sht20,bh1750,fixed_position_sensor_facing_light,included
2026-09-11T04:19:11+08:00,0.0,0.0,0.0,29.3,77.07,1014.76,804.2,63.5,sht20,bh1750,fixed_position_sensor_facing_light,included
2026-09-11T04:24:12+08:00,0.0,0.0,0.0,29.45,77.45,1014.82,791.7,62.5,sht20,bh1750,fixed_position_sensor_facing_light,included
2026-09-11T04:29:13+08:00,0.0,0.0,0.0,29.36,77.62,1014.79,792.5,63.5,sht20,bh1750,fixed_position_sensor_facing_light,included
2026-09-11T04:34:13+08:00,0.0,0.0,0.0,29.71,75.86,1014.8,788.3,63.5,sht20,bh1750,fixed_position_sensor_facing_light,included
2026-09-11T04:39:14+08:00,0.0,0.0,0.0,29.9,74.12,1014.81,793.3,64.5,sht20,bh1750,fixed_position_sensor_facing_light,included
2026-09-11T04:44:15+08:00,0.0,0.0,0.0,30.04,72.98,1014.84,793.3,62.5,sht20,bh1750,fixed_position_sensor_facing_light,included
2026-09-11T04:49:15+08:00,0.0,0.0,0.0,30.03,73.08,1014.81,791.7,62.5,sht20,bh1750,fixed_position_sensor_facing_light,included
2026-09-11T04:54:16+08:00,0.0,0.0,0.0,30.1,72.26,1014.81,793.3,62.5,sht20,bh1750,fixed_position_sensor_facing_light,included
2026-09-11T04:59:16+08:00,0.0,0.0,0.0,30.17,72.07,1014.79,794.2,64.5,sht20,bh1750,fixed_position_sensor_facing_light,included
2026-09-11T05:04:17+08:00,0.0,0.0,0.0,30.22,71.67,1014.73,793.3,64.5,sht20,bh1750,fixed_position_sensor_facing_light,included
2026-09-11T05:09:18+08:00,0.0,0.0,0.0,30.22,71.55,1014.79,791.7,63.5,sht20,bh1750,fixed_position_sensor_facing_light,included
2026-09-11T05:14:19+08:00,0.0,0.0,0.0,30.2,71.56,1014.7,793.3,62.5,sht20,bh1750,fixed_position_sensor_facing_light,included
2026-09-11T05:19:20+08:00,0.0,0.0,0.0,30.19,71.09,1014.73,789.2,62.5,sht20,bh1750,fixed_position_sensor_facing_light,included
2026-09-11T05:24:21+08:00,0.0,0.0,0.0,30.28,70.39,1014.93,792.5,62.5,sht20,bh1750,fixed_position_sensor_facing_light,included
2026-09-11T05:29:21+08:00,0.0,0.0,0.0,30.3,70.81,1014.91,792.5,62.5,sht20,bh1750,fixed_position_sensor_facing_light,included
2026-09-11T05:34:22+08:00,0.0,0.0,0.0,30.33,70.32,1014.98,784.2,64.5,sht20,bh1750,fixed_position_sensor_facing_light,included
2026-09-11T05:39:22+08:00,0.0,0.0,0.0,30.27,70.32,1015.07,793.3,62.5,sht20,bh1750,fixed_position_sensor_facing_light,included
2026-09-11T05:44:23+08:00,0.0,0.0,0.0,30.26,70.58,1015.1,800.8,62.5,sht20,bh1750,fixed_position_sensor_facing_light,included
2026-09-11T05:49:23+08:00,0.0,0.0,0.0,30.3,70.12,1015.16,791.7,62.5,sht20,bh1750,fixed_position_sensor_facing_light,included
2026-09-11T05:54:24+08:00,0.0,0.0,0.0,30.32,70.54,1015.24,804.2,62.5,sht20,bh1750,fixed_position_sensor_facing_light,included
2026-09-11T05:59:25+08:00,0.0,0.0,0.0,30.26,70.53,1015.24,794.2,62.5,sht20,bh1750,fixed_position_sensor_facing_light,included
2026-09-11T06:04:26+08:00,0.0,0.0,0.0,30.24,70.54,1015.15,794.2,64.5,sht20,bh1750,fixed_position_sensor_facing_light,included
2026-09-11T06:09:26+08:00,0.0,0.0,0.0,30.3,70.32,1015.24,792.5,62.5,sht20,bh1750,fixed_position_sensor_facing_light,included
2026-09-11T06:14:27+08:00,0.0,0.0,0.0,30.32,70.49,1015.21,805.8,64.5,sht20,bh1750,fixed_position_sensor_facing_light,included
2026-09-11T06:19:28+08:00,0.0,0.0,0.0,30.35,70.03,1015.22,792.5,62.5,sht20,bh1750,fixed_position_sensor_facing_light,included
2026-09-11T06:24:28+08:00,0.0,0.0,0.0,30.27,70.61,1015.33,803.3,62.5,sht20,bh1750,fixed_position_sensor_facing_light,included
2026-09-11T06:29:29+08:00,0.0,0.0,0.0,29.83,65.03,1015.49,788.3,64.5,sht20,bh1750,fixed_position_sensor_facing_light,included
2026-09-11T06:34:30+08:00,0.0,0.0,0.0,28.93,59.95,1015.37,790.8,63.5,sht20,bh1750,fixed_position_sensor_facing_light,included
2026-09-11T06:39:30+08:00,0.0,0.0,0.0,28.87,64.88,1015.37,793.3,61.5,sht20,bh1750,fixed_position_sensor_facing_light,included
2026-09-11T06:44:31+08:00,0.0,0.0,0.0,29.02,69.5,1015.43,794.2,62.5,sht20,bh1750,fixed_position_sensor_facing_light,included
2026-09-11T06:49:31+08:00,0.0,0.0,0.0,29.15,71.53,1015.38,801.7,61.5,sht20,bh1750,fixed_position_sensor_facing_light,included
2026-09-11T06:54:32+08:00,0.0,0.0,0.0,29.21,73.15,1015.44,790.0,61.5,sht20,bh1750,fixed_position_sensor_facing_light,included
2026-09-11T06:59:33+08:00,0.0,0.0,0.0,29.2,75.77,1015.58,794.2,62.5,sht20,bh1750,fixed_position_sensor_facing_light,included
2026-09-11T07:04:33+08:00,0.0,0.0,0.0,29.09,77.63,1015.49,783.3,61.5,sht20,bh1750,fixed_position_sensor_facing_light,included
2026-09-11T07:09:34+08:00,0.0,0.0,0.0,29.22,77.55,1015.58,803.3,62.5,sht20,bh1750,fixed_position_sensor_facing_light,included
2026-09-11T07:14:35+08:00,0.0,0.0,0.0,29.27,77.47,1015.5,792.5,63.5,sht20,bh1750,fixed_position_sensor_facing_light,included
2026-09-11T07:19:35+08:00,0.0,0.0,0.0,29.54,76.2,1015.59,785.0,63.5,sht20,bh1750,fixed_position_sensor_facing_light,included
2026-09-11T07:24:35+08:00,0.0,0.0,0.0,29.72,75.05,1015.66,794.2,62.5,sht20,bh1750,fixed_position_sensor_facing_light,included
2026-09-11T07:29:36+08:00,0.0,0.0,0.0,29.8,74.37,1015.75,785.0,63.5,sht20,bh1750,fixed_position_sensor_facing_light,included
2026-09-11T07:34:37+08:00,0.0,0.0,0.0,29.93,73.38,1015.64,806.7,64.5,sht20,bh1750,fixed_position_sensor_facing_light,included
2026-09-11T07:39:38+08:00,0.0,0.0,0.0,30.04,73.02,1015.64,795.0,62.5,sht20,bh1750,fixed_position_sensor_facing_light,included
2026-09-11T07:44:39+08:00,0.0,0.0,0.0,29.95,73.06,1015.61,793.3,64.5,sht20,bh1750,fixed_position_sensor_facing_light,included
2026-09-11T07:49:39+08:00,0.0,0.0,0.0,30.02,72.57,1015.67,786.7,64.5,sht20,bh1750,fixed_position_sensor_facing_light,included
2026-09-11T07:54:40+08:00,0.0,0.0,0.0,30.13,72.12,1015.79,794.2,64.5,sht20,bh1750,fixed_position_sensor_facing_light,included
2026-09-11T07:59:41+08:00,0.0,0.0,0.0,30.07,72.06,1015.82,794.2,64.5,sht20,bh1750,fixed_position_sensor_facing_light,included
2026-09-11T08:04:41+08:00,0.0,0.0,0.0,30.15,71.64,1015.85,795.8,62.5,sht20,bh1750,fixed_position_sensor_facing_light,included
2026-09-11T08:09:42+08:00,0.0,0.0,0.0,30.09,71.64,1015.96,794.2,62.5,sht20,bh1750,fixed_position_sensor_facing_light,included
2026-09-11T08:14:42+08:00,0.0,0.0,0.0,30.1,71.61,1015.85,793.3,62.5,sht20,bh1750,fixed_position_sensor_facing_light,included
2026-09-11T08:19:43+08:00,0.0,0.0,0.0,30.17,71.29,1016.05,794.2,62.5,sht20,bh1750,fixed_position_sensor_facing_light,included
2026-09-11T08:24:43+08:00,0.0,0.0,0.0,30.13,71.44,1016.05,795.0,62.5,sht20,bh1750,fixed_position_sensor_facing_light,included
2026-09-11T08:29:44+08:00,0.0,0.0,0.0,30.17,71.21,1016.19,794.2,62.5,sht20,bh1750,fixed_position_sensor_facing_light,included
2026-09-11T08:34:44+08:00,0.0,0.0,0.0,30.19,70.64,1016.19,794.2,62.5,sht20,bh1750,fixed_position_sensor_facing_light,included
2026-09-11T08:39:45+08:00,0.0,0.0,0.0,30.2,70.72,1016.28,796.7,62.5,sht20,bh1750,fixed_position_sensor_facing_light,included
2026-09-11T08:44:46+08:00,0.0,0.0,0.0,30.2,70.67,1016.25,794.2,64.5,sht20,bh1750,fixed_position_sensor_facing_light,included
2026-09-11T08:49:46+08:00,0.0,0.0,0.0,30.19,70.71,1016.13,795.8,63.5,sht20,bh1750,fixed_position_sensor_facing_light,included
2026-09-11T08:54:47+08:00,0.0,0.0,0.0,30.18,70.69,1016.22,795.0,64.5,sht20,bh1750,fixed_position_sensor_facing_light,included
2026-09-11T08:59:47+08:00,0.0,0.0,0.0,30.17,70.61,1016.08,795.0,64.5,sht20,bh1750,fixed_position_sensor_facing_light,included
2026-09-11T09:04:48+08:00,0.0,0.0,0.0,30.15,70.55,1016.22,800.8,65.5,sht20,bh1750,fixed_position_sensor_facing_light,included
2026-09-11T09:09:49+08:00,0.0,0.0,0.0,30.21,70.97,1016.36,795.0,63.5,sht20,bh1750,fixed_position_sensor_facing_light,included
2026-09-11T09:14:49+08:00,0.0,0.0,0.0,30.19,70.59,1016.33,795.8,62.5,sht20,bh1750,fixed_position_sensor_facing_light,included
2026-09-11T09:19:50+08:00,0.0,0.0,0.0,30.22,70.43,1016.45,797.5,62.5,sht20,bh1750,fixed_position_sensor_facing_light,included
2026-09-11T09:24:51+08:00,0.0,0.0,0.0,30.24,70.71,1016.42,794.2,62.5,sht20,bh1750,fixed_position_sensor_facing_light,included
2026-09-11T09:29:51+08:00,0.0,0.0,0.0,30.18,70.96,1016.39,798.3,64.5,sht20,bh1750,fixed_position_sensor_facing_light,included
2026-09-11T09:34:52+08:00,0.0,0.0,0.0,30.21,70.74,1016.48,795.0,62.5,sht20,bh1750,fixed_position_sensor_facing_light,included
2026-09-11T09:39:52+08:00,0.0,0.0,0.0,30.21,70.96,1016.71,794.2,62.5,sht20,bh1750,fixed_position_sensor_facing_light,included
2026-09-11T09:44:53+08:00,0.0,0.0,0.0,30.26,70.78,1016.54,794.2,64.5,sht20,bh1750,fixed_position_sensor_facing_light,included
2026-09-11T09:49:54+08:00,0.0,0.0,0.0,30.23,71.42,1016.54,795.8,62.5,sht20,bh1750,fixed_position_sensor_facing_light,included
2026-09-11T09:54:54+08:00,0.0,0.0,0.0,30.22,71.08,1016.48,794.2,62.5,sht20,bh1750,fixed_position_sensor_facing_light,included
2026-09-11T09:59:57+08:00,0.0,0.0,0.0,30.19,71.2,1016.42,795.8,62.5,sht20,bh1750,fixed_position_sensor_facing_light,included
2026-09-11T10:04:57+08:00,0.0,0.0,0.0,30.25,70.83,1016.33,783.3,64.5,sht20,bh1750,fixed_position_sensor_facing_light,included
2026-09-11T10:09:58+08:00,0.0,0.0,0.0,30.22,71.37,1016.28,796.7,62.5,sht20,bh1750,fixed_position_sensor_facing_light,included
2026-09-11T10:14:58+08:00,0.0,0.0,0.0,30.25,71.02,1016.36,795.8,62.5,sht20,bh1750,fixed_position_sensor_facing_light,included
2026-09-11T10:19:59+08:00,0.0,0.0,0.0,30.26,71.25,1016.22,784.2,62.5,sht20,bh1750,fixed_position_sensor_facing_light,included
2026-09-11T10:24:59+08:00,0.0,0.0,0.0,30.21,71.54,1016.33,797.5,64.5,sht20,bh1750,fixed_position_sensor_facing_light,included
2026-09-11T10:30:00+08:00,0.0,0.0,0.0,30.04,68.29,1016.18,795.8,62.5,sht20,bh1750,fixed_position_sensor_facing_light,included
2026-09-11T10:35:00+08:00,0.0,0.0,0.0,29.39,66.49,1016.36,795.8,62.5,sht20,bh1750,fixed_position_sensor_facing_light,included
2026-09-11T10:40:01+08:00,0.0,0.0,0.0,29.32,71.72,1016.42,802.5,63.5,sht20,bh1750,fixed_position_sensor_facing_light,included
2026-09-11T10:45:05+08:00,0.0,0.0,0.0,29.46,74.49,1016.34,796.7,63.5,sht20,bh1750,fixed_position_sensor_facing_light,included
2026-09-11T10:50:05+08:00,0.0,0.0,0.0,29.42,77.96,1016.34,809.2,63.5,sht20,bh1750,fixed_position_sensor_facing_light,included
2026-09-11T10:55:06+08:00,0.0,0.0,0.0,29.44,79.18,1016.42,798.3,62.5,sht20,bh1750,fixed_position_sensor_facing_light,included
2026-09-11T11:00:07+08:00,0.0,0.0,0.0,29.41,80.91,1016.33,798.3,61.5,sht20,bh1750,fixed_position_sensor_facing_light,included
2026-09-11T11:05:07+08:00,0.0,0.0,0.0,29.48,80.92,1016.51,797.5,61.5,sht20,bh1750,fixed_position_sensor_facing_light,included
2026-09-11T11:10:08+08:00,0.0,0.0,0.0,29.73,78.79,1016.35,798.3,63.5,sht20,bh1750,fixed_position_sensor_facing_light,included
2026-09-11T11:15:09+08:00,0.0,0.0,0.0,30.0,76.98,1016.24,797.5,64.5,sht20,bh1750,fixed_position_sensor_facing_light,included
2026-09-11T11:20:09+08:00,0.0,0.0,0.0,30.05,76.07,1016.15,797.5,62.5,sht20,bh1750,fixed_position_sensor_facing_light,included
2026-09-11T11:25:10+08:00,0.0,0.0,0.0,29.96,77.15,1016.18,846.7,62.5,sht20,bh1750,fixed_position_sensor_facing_light,included
2026-09-11T11:30:10+08:00,0.0,0.0,0.0,30.13,76.24,1016.22,859.2,62.5,sht20,bh1750,fixed_position_sensor_facing_light,included
2026-09-11T11:35:11+08:00,0.0,0.0,0.0,30.12,76.11,1016.05,618.3,63.5,sht20,bh1750,fixed_position_sensor_facing_light,included
2026-09-11T11:40:11+08:00,0.0,0.0,0.0,29.9,76.83,1015.93,617.5,62.5,sht20,bh1750,fixed_position_sensor_facing_light,included
2026-09-11T11:45:12+08:00,0.0,0.0,0.0,29.91,76.75,1015.93,617.5,62.5,sht20,bh1750,fixed_position_sensor_facing_light,included
2026-09-11T11:50:12+08:00,0.0,0.0,0.0,29.71,72.98,1015.98,613.3,63.5,sht20,bh1750,fixed_position_sensor_facing_light,included
2026-09-11T11:55:13+08:00,0.0,0.0,0.0,29.23,68.53,1015.82,616.7,63.5,sht20,bh1750,fixed_position_sensor_facing_light,included
2026-09-11T12:00:15+08:00,0.0,0.0,0.0,29.3,70.41,1015.76,623.3,63.5,sht20,bh1750,fixed_position_sensor_facing_light,included
2026-09-11T12:05:15+08:00,0.0,0.0,0.0,29.59,72.7,1015.8,615.8,63.5,sht20,bh1750,fixed_position_sensor_facing_light,included
2026-09-11T12:10:15+08:00,0.0,0.0,0.0,29.75,73.89,1015.75,608.3,62.5,sht20,bh1750,fixed_position_sensor_facing_light,included
2026-09-11T12:15:16+08:00,0.0,0.0,0.0,29.75,76.19,1015.69,618.3,63.5,sht20,bh1750,fixed_position_sensor_facing_light,included
2026-09-11T12:20:17+08:00,0.0,0.0,0.0,29.83,76.86,1015.66,627.5,62.5,sht20,bh1750,fixed_position_sensor_facing_light,included
2026-09-11T12:25:17+08:00,0.0,0.0,0.0,29.83,77.61,1015.63,617.5,62.5,sht20,bh1750,fixed_position_sensor_facing_light,included
2026-09-11T12:30:17+08:00,0.0,0.0,0.0,29.89,78.5,1015.58,615.8,63.5,sht20,bh1750,fixed_position_sensor_facing_light,included
2026-09-11T12:35:19+08:00,1783.9,496.5,0.4965,29.85,78.8,1015.58,550.8,64.5,sht20,bh1750,fixed_position_sensor_facing_light,included
2026-09-11T12:40:19+08:00,0.0,0.0,0.0,29.73,80.9,1015.49,780.0,62.5,sht20,bh1750,fixed_position_sensor_facing_light,included
2026-09-11T12:45:20+08:00,0.0,0.0,0.0,29.81,79.68,1015.4,779.2,62.5,sht20,bh1750,fixed_position_sensor_facing_light,included
2026-09-11T12:50:20+08:00,0.0,0.0,0.0,29.88,78.44,1015.43,780.8,62.5,sht20,bh1750,fixed_position_sensor_facing_light,included
2026-09-11T12:55:21+08:00,0.0,0.0,0.0,29.95,77.78,1015.29,780.8,62.5,sht20,bh1750,fixed_position_sensor_facing_light,included
2026-09-11T13:00:22+08:00,0.0,0.0,0.0,30.03,77.24,1015.32,774.2,62.5,sht20,bh1750,fixed_position_sensor_facing_light,included
2026-09-11T13:05:22+08:00,0.0,0.0,0.0,29.59,71.74,1015.22,778.3,62.5,sht20,bh1750,fixed_position_sensor_facing_light,included
2026-09-11T13:10:23+08:00,0.0,0.0,0.0,29.15,68.18,1015.2,780.0,63.5,sht20,bh1750,fixed_position_sensor_facing_light,included
2026-09-11T13:15:23+08:00,0.0,0.0,0.0,29.82,61.58,1015.09,790.0,63.5,sht20,bh1750,fixed_position_sensor_facing_light,included
2026-09-11T13:20:24+08:00,0.0,0.0,0.0,28.99,60.76,1015.11,780.8,63.5,sht20,bh1750,fixed_position_sensor_facing_light,included
2026-09-11T13:25:25+08:00,0.0,0.0,0.0,28.69,59.54,1015.02,780.0,61.5,sht20,bh1750,fixed_position_sensor_facing_light,included
2026-09-11T13:30:25+08:00,0.0,0.0,0.0,28.4,58.92,1015.01,780.8,60.5,sht20,bh1750,fixed_position_sensor_facing_light,included
2026-09-11T13:35:26+08:00,0.0,0.0,0.0,28.61,63.2,1014.98,737.5,59.5,sht20,bh1750,fixed_position_sensor_facing_light,included
2026-09-11T13:40:27+08:00,0.0,0.0,0.0,28.89,67.36,1015.02,742.5,60.5,sht20,bh1750,fixed_position_sensor_facing_light,included
2026-09-11T13:45:27+08:00,0.0,0.0,0.0,28.97,69.47,1015.05,735.8,60.5,sht20,bh1750,fixed_position_sensor_facing_light,included
2026-09-11T13:50:34+08:00,0.0,0.0,0.0,29.11,71.35,1015.06,744.2,60.5,sht20,bh1750,fixed_position_sensor_facing_light,included
2026-09-11T13:55:34+08:00,0.0,0.0,0.0,29.14,71.82,1014.84,750.0,61.5,sht20,bh1750,fixed_position_sensor_facing_light,included
2026-09-11T14:00:35+08:00,0.0,0.0,0.0,29.15,73.52,1014.84,742.5,62.5,sht20,bh1750,fixed_position_sensor_facing_light,included
2026-09-11T14:05:35+08:00,0.0,0.0,0.0,29.11,72.87,1014.81,744.2,63.5,sht20,bh1750,fixed_position_sensor_facing_light,included
2026-09-11T14:10:36+08:00,0.0,0.0,0.0,28.64,66.46,1014.76,739.2,63.5,sht20,bh1750,fixed_position_sensor_facing_light,included
2026-09-11T14:15:36+08:00,0.0,0.0,0.0,28.34,63.3,1014.72,738.3,62.5,sht20,bh1750,fixed_position_sensor_facing_light,included
2026-09-11T14:20:39+08:00,0.0,0.0,0.0,28.31,60.35,1014.64,748.3,60.5,sht20,bh1750,fixed_position_sensor_facing_light,included
2026-09-11T14:25:40+08:00,0.0,0.0,0.0,28.37,64.51,1014.7,747.5,62.5,sht20,bh1750,fixed_position_sensor_facing_light,included
2026-09-11T14:30:41+08:00,0.0,0.0,0.0,28.6,68.47,1014.62,740.0,60.5,sht20,bh1750,fixed_position_sensor_facing_light,included
2026-09-11T14:35:41+08:00,0.0,0.0,0.0,28.87,73.17,1014.57,740.0,60.5,sht20,bh1750,fixed_position_sensor_facing_light,included
2026-09-11T14:40:42+08:00,0.0,0.0,0.0,28.98,73.48,1014.54,680.0,60.5,sht20,bh1750,fixed_position_sensor_facing_light,included
2026-09-11T14:45:42+08:00,0.0,0.0,0.0,29.0,78.39,1014.46,685.0,60.5,sht20,bh1750,fixed_position_sensor_facing_light,included
2026-09-11T14:50:43+08:00,0.0,0.0,0.0,29.03,77.76,1014.52,685.8,60.5,sht20,bh1750,fixed_position_sensor_facing_light,included
2026-09-11T14:55:44+08:00,0.0,0.0,0.0,29.57,65.45,1014.45,586.7,62.5,sht20,bh1750,fixed_position_sensor_facing_light,included
2026-09-11T15:00:45+08:00,0.0,0.0,0.0,28.91,64.74,1014.48,595.8,62.5,sht20,bh1750,fixed_position_sensor_facing_light,included
2026-09-11T15:05:45+08:00,0.0,0.0,0.0,28.65,61.88,1014.3,597.5,62.5,sht20,bh1750,fixed_position_sensor_facing_light,included
2026-09-11T15:10:46+08:00,0.0,0.0,0.0,28.71,66.04,1014.39,587.5,62.5,sht20,bh1750,fixed_position_sensor_facing_light,included
2026-09-11T15:15:46+08:00,0.0,0.0,0.0,28.89,71.06,1014.31,517.5,62.5,sht20,bh1750,fixed_position_sensor_facing_light,included
2026-09-11T15:20:47+08:00,0.0,0.0,0.0,28.9,73.12,1014.34,880.0,61.5,sht20,bh1750,fixed_position_sensor_facing_light,included
2026-09-11T15:25:47+08:00,0.0,0.0,0.0,28.99,74.83,1014.4,879.2,62.5,sht20,bh1750,fixed_position_sensor_facing_light,included
2026-09-11T15:30:48+08:00,0.0,0.0,0.0,29.09,75.98,1014.37,877.5,62.5,sht20,bh1750,fixed_position_sensor_facing_light,included
2026-09-11T15:35:49+08:00,0.0,0.0,0.0,29.35,75.25,1014.35,880.0,63.5,sht20,bh1750,fixed_position_sensor_facing_light,included
2026-09-11T15:40:50+08:00,0.0,0.0,0.0,29.41,75.81,1014.62,871.7,62.5,sht20,bh1750,fixed_position_sensor_facing_light,included
2026-09-11T15:45:50+08:00,0.0,0.0,0.0,29.11,69.02,1014.55,865.8,62.5,sht20,bh1750,fixed_position_sensor_facing_light,included
2026-09-11T15:50:51+08:00,0.0,0.0,0.0,28.77,64.3,1014.56,982.5,62.5,sht20,bh1750,fixed_position_sensor_facing_light,included
2026-09-11T15:55:51+08:00,0.0,0.0,0.0,28.59,61.42,1014.59,986.7,61.5,sht20,bh1750,fixed_position_sensor_facing_light,included
2026-09-11T16:00:55+08:00,0.0,0.0,0.0,28.7,65.2,1014.53,984.2,60.5,sht20,bh1750,fixed_position_sensor_facing_light,included
2026-09-11T16:05:55+08:00,0.0,0.0,0.0,28.8,69.39,1014.6,399.2,60.5,sht20,bh1750,fixed_position_sensor_facing_light,included
2026-09-11T16:10:56+08:00,0.0,0.0,0.0,28.82,72.14,1014.57,403.3,60.5,sht20,bh1750,fixed_position_sensor_facing_light,included
2026-09-11T16:15:56+08:00,0.0,0.0,0.0,28.84,72.36,1014.48,400.8,60.5,sht20,bh1750,fixed_position_sensor_facing_light,included
2026-09-11T16:20:57+08:00,0.0,0.0,0.0,28.93,74.89,1014.46,400.8,60.5,sht20,bh1750,fixed_position_sensor_facing_light,included
2026-09-11T16:25:57+08:00,0.0,0.0,0.0,29.05,73.41,1014.46,402.5,60.5,sht20,bh1750,fixed_position_sensor_facing_light,included
2026-09-11T16:30:58+08:00,0.0,0.0,0.0,29.14,73.17,1014.49,401.7,62.5,sht20,bh1750,fixed_position_sensor_facing_light,included
2026-09-11T16:35:59+08:00,0.0,0.0,0.0,29.21,72.69,1014.41,400.8,63.5,sht20,bh1750,fixed_position_sensor_facing_light,included
2026-09-11T16:41:00+08:00,0.0,0.0,0.0,29.26,72.93,1014.41,401.7,62.5,sht20,bh1750,fixed_position_sensor_facing_light,included
2026-09-11T16:46:00+08:00,0.0,0.0,0.0,29.3,72.7,1014.29,401.7,61.5,sht20,bh1750,fixed_position_sensor_facing_light,included
2026-09-11T16:51:01+08:00,0.0,0.0,0.0,29.33,73.03,1014.41,400.8,61.5,sht20,bh1750,fixed_position_sensor_facing_light,included
2026-09-11T16:56:02+08:00,0.0,0.0,0.0,29.37,72.7,1014.53,401.7,61.5,sht20,bh1750,fixed_position_sensor_facing_light,included
2026-09-11T17:01:02+08:00,0.0,0.0,0.0,29.39,72.67,1014.5,402.5,61.5,sht20,bh1750,fixed_position_sensor_facing_light,included
2026-09-11T17:06:02+08:00,0.0,0.0,0.0,29.41,73.05,1014.56,404.2,63.5,sht20,bh1750,fixed_position_sensor_facing_light,included
2026-09-11T17:11:03+08:00,0.0,0.0,0.0,29.45,73.55,1014.44,400.0,62.5,sht20,bh1750,fixed_position_sensor_facing_light,included
2026-09-11T17:16:04+08:00,0.0,0.0,0.0,29.47,73.82,1014.56,402.5,61.5,sht20,bh1750,fixed_position_sensor_facing_light,included
2026-09-11T17:21:04+08:00,0.0,0.0,0.0,29.48,73.52,1014.53,404.2,61.5,sht20,bh1750,fixed_position_sensor_facing_light,included
2026-09-11T17:26:04+08:00,0.0,0.0,0.0,29.53,73.61,1014.62,397.5,61.5,sht20,bh1750,fixed_position_sensor_facing_light,included
2026-09-11T17:31:06+08:00,0.0,0.0,0.0,29.5,73.83,1014.56,399.2,61.5,sht20,bh1750,fixed_position_sensor_facing_light,included
2026-09-11T17:36:07+08:00,0.0,0.0,0.0,29.54,73.53,1014.65,402.5,61.5,sht20,bh1750,fixed_position_sensor_facing_light,included
2026-09-11T17:41:07+08:00,0.0,0.0,0.0,29.53,73.67,1014.65,401.7,63.5,sht20,bh1750,fixed_position_sensor_facing_light,included
2026-09-11T17:46:08+08:00,0.0,0.0,0.0,29.58,73.7,1014.82,399.2,63.5,sht20,bh1750,fixed_position_sensor_facing_light,included
2026-09-11T17:51:08+08:00,0.0,0.0,0.0,29.6,73.9,1014.68,402.5,64.5,sht20,bh1750,fixed_position_sensor_facing_light,included
2026-09-11T17:56:09+08:00,0.0,0.0,0.0,29.58,73.77,1014.68,398.3,62.5,sht20,bh1750,fixed_position_sensor_facing_light,included
2026-09-11T18:01:10+08:00,0.0,0.0,0.0,29.59,74.01,1014.88,402.5,61.5,sht20,bh1750,fixed_position_sensor_facing_light,included
2026-09-11T18:06:11+08:00,0.0,0.0,0.0,29.59,74.01,1014.79,402.5,61.5,sht20,bh1750,fixed_position_sensor_facing_light,included
2026-09-11T18:11:11+08:00,0.0,0.0,0.0,29.62,74.24,1014.85,396.7,63.5,sht20,bh1750,fixed_position_sensor_facing_light,included
2026-09-11T18:16:12+08:00,0.0,0.0,0.0,29.6,73.98,1014.88,402.5,62.5,sht20,bh1750,fixed_position_sensor_facing_light,included
2026-09-11T18:21:12+08:00,0.0,0.0,0.0,29.61,74.01,1014.96,397.5,61.5,sht20,bh1750,fixed_position_sensor_facing_light,included
2026-09-11T18:26:13+08:00,0.0,0.0,0.0,29.58,74.62,1014.94,400.0,61.5,sht20,bh1750,fixed_position_sensor_facing_light,included
2026-09-11T18:31:14+08:00,0.0,0.0,0.0,29.6,74.28,1014.94,403.3,61.5,sht20,bh1750,fixed_position_sensor_facing_light,included
2026-09-11T18:36:14+08:00,0.0,0.0,0.0,29.61,74.19,1014.94,401.7,63.5,sht20,bh1750,fixed_position_sensor_facing_light,included
2026-09-11T18:41:14+08:00,0.0,0.0,0.0,29.61,74.3,1015.13,402.5,63.5,sht20,bh1750,fixed_position_sensor_facing_light,included
2026-09-11T18:46:15+08:00,0.0,0.0,0.0,29.6,74.83,1015.1,402.5,64.5,sht20,bh1750,fixed_position_sensor_facing_light,included
2026-09-11T18:51:16+08:00,0.0,0.0,0.0,29.59,74.58,1015.05,399.2,62.5,sht20,bh1750,fixed_position_sensor_facing_light,included
2026-09-11T18:56:16+08:00,0.0,0.0,0.0,29.59,74.31,1015.05,403.3,61.5,sht20,bh1750,fixed_position_sensor_facing_light,included
2026-09-11T19:01:17+08:00,0.0,0.0,0.0,29.59,74.92,1014.82,402.5,61.5,sht20,bh1750,fixed_position_sensor_facing_light,included
2026-09-11T19:06:17+08:00,0.0,0.0,0.0,29.6,74.75,1014.91,405.0,62.5,sht20,bh1750,fixed_position_sensor_facing_light,included
2026-09-11T19:11:18+08:00,0.0,0.0,0.0,29.62,74.42,1014.99,400.8,62.5,sht20,bh1750,fixed_position_sensor_facing_light,included
2026-09-11T19:16:19+08:00,0.0,0.0,0.0,29.64,74.41,1015.02,403.3,63.5,sht20,bh1750,fixed_position_sensor_facing_light,included
2026-09-11T19:21:19+08:00,0.0,0.0,0.0,29.63,75.15,1015.02,405.0,62.5,sht20,bh1750,fixed_position_sensor_facing_light,included
2026-09-11T19:26:20+08:00,0.0,0.0,0.0,29.62,75.22,1015.07,405.8,61.5,sht20,bh1750,fixed_position_sensor_facing_light,included
2026-09-11T19:31:20+08:00,0.0,0.0,0.0,29.63,74.85,1015.02,403.3,61.5,sht20,bh1750,fixed_position_sensor_facing_light,included
2026-09-11T19:36:21+08:00,0.0,0.0,0.0,29.6,74.77,1014.99,404.2,61.5,sht20,bh1750,fixed_position_sensor_facing_light,included
2026-09-11T19:41:21+08:00,0.0,0.0,0.0,29.6,75.73,1015.13,405.8,61.5,sht20,bh1750,fixed_position_sensor_facing_light,included
2026-09-11T19:46:22+08:00,0.0,0.0,0.0,29.59,75.52,1015.19,409.2,62.5,sht20,bh1750,fixed_position_sensor_facing_light,included
2026-09-11T19:51:22+08:00,0.0,0.0,0.0,29.6,75.56,1015.19,402.5,62.5,sht20,bh1750,fixed_position_sensor_facing_light,included
2026-09-11T19:56:23+08:00,0.0,0.0,0.0,29.62,75.54,1015.22,403.3,61.5,sht20,bh1750,fixed_position_sensor_facing_light,included
2026-09-11T20:01:23+08:00,0.0,0.0,0.0,29.65,75.44,1015.34,408.3,62.5,sht20,bh1750,fixed_position_sensor_facing_light,included
2026-09-11T20:06:24+08:00,0.0,0.0,0.0,29.68,75.13,1015.43,404.2,62.5,sht20,bh1750,fixed_position_sensor_facing_light,included
2026-09-11T20:11:24+08:00,0.0,0.0,0.0,29.66,75.54,1015.37,403.3,63.5,sht20,bh1750,fixed_position_sensor_facing_light,included
2026-09-11T20:16:25+08:00,0.0,0.0,0.0,29.63,75.57,1015.37,402.5,61.5,sht20,bh1750,fixed_position_sensor_facing_light,included
2026-09-11T20:21:25+08:00,0.0,0.0,0.0,29.63,75.55,1015.42,403.3,61.5,sht20,bh1750,fixed_position_sensor_facing_light,included
2026-09-11T20:26:26+08:00,0.0,0.0,0.0,29.63,76.13,1015.37,403.3,61.5,sht20,bh1750,fixed_position_sensor_facing_light,included
2026-09-11T20:31:27+08:00,0.0,0.0,0.0,29.68,75.67,1015.37,403.3,61.5,sht20,bh1750,fixed_position_sensor_facing_light,included
2026-09-11T20:36:27+08:00,0.0,0.0,0.0,29.64,76.02,1015.37,398.3,61.5,sht20,bh1750,fixed_position_sensor_facing_light,included
2026-09-11T20:41:27+08:00,0.0,0.0,0.0,29.64,76.49,1015.42,404.2,63.5,sht20,bh1750,fixed_position_sensor_facing_light,included
2026-09-11T20:46:28+08:00,0.0,0.0,0.0,29.65,76.45,1015.45,403.3,63.5,sht20,bh1750,fixed_position_sensor_facing_light,included
2026-09-11T20:51:29+08:00,0.0,0.0,0.0,29.68,76.48,1015.43,404.2,63.5,sht20,bh1750,fixed_position_sensor_facing_light,included
2026-09-11T20:56:29+08:00,0.0,0.0,0.0,29.66,76.76,1015.54,403.3,62.5,sht20,bh1750,fixed_position_sensor_facing_light,included
2026-09-11T21:01:29+08:00,0.0,0.0,0.0,29.67,76.6,1015.54,404.2,61.5,sht20,bh1750,fixed_position_sensor_facing_light,included
2026-09-11T21:06:30+08:00,0.0,0.0,0.0,29.66,76.7,1015.37,403.3,63.5,sht20,bh1750,fixed_position_sensor_facing_light,included
2026-09-11T21:11:31+08:00,0.0,0.0,0.0,29.71,76.72,1015.37,404.2,63.5,sht20,bh1750,fixed_position_sensor_facing_light,included
2026-09-11T21:16:32+08:00,0.0,0.0,0.0,29.66,77.69,1015.4,403.3,63.5,sht20,bh1750,fixed_position_sensor_facing_light,included
2026-09-11T21:21:33+08:00,0.0,0.0,0.0,29.71,77.29,1015.51,403.3,63.5,sht20,bh1750,fixed_position_sensor_facing_light,included
2026-09-11T21:26:33+08:00,0.0,0.0,0.0,29.72,77.06,1015.4,405.0,63.5,sht20,bh1750,fixed_position_sensor_facing_light,included
2026-09-11T21:31:34+08:00,0.0,0.0,0.0,29.67,76.86,1015.6,404.2,64.5,sht20,bh1750,fixed_position_sensor_facing_light,included
2026-09-11T21:36:35+08:00,0.0,0.0,0.0,29.7,77.17,1015.46,405.8,62.5,sht20,bh1750,fixed_position_sensor_facing_light,included
2026-09-11T21:41:36+08:00,0.0,0.0,0.0,29.64,77.32,1015.54,406.7,61.5,sht20,bh1750,fixed_position_sensor_facing_light,included
2026-09-11T21:46:36+08:00,0.0,0.0,0.0,29.7,77.27,1015.51,405.0,61.5,sht20,bh1750,fixed_position_sensor_facing_light,included
2026-09-11T21:51:37+08:00,0.0,0.0,0.0,29.68,76.87,1015.43,406.7,61.5,sht20,bh1750,fixed_position_sensor_facing_light,included
2026-09-11T21:56:38+08:00,0.0,0.0,0.0,29.71,76.96,1015.48,404.2,61.5,sht20,bh1750,fixed_position_sensor_facing_light,included
2026-09-11T22:01:38+08:00,0.0,0.0,0.0,29.68,77.27,1015.48,404.2,61.5,sht20,bh1750,fixed_position_sensor_facing_light,included
2026-09-11T22:06:39+08:00,0.0,0.0,0.0,29.68,77.72,1015.4,400.0,61.5,sht20,bh1750,fixed_position_sensor_facing_light,included
2026-09-11T22:11:40+08:00,0.0,0.0,0.0,29.67,77.75,1015.31,404.2,61.5,sht20,bh1750,fixed_position_sensor_facing_light,included
2026-09-11T22:16:40+08:00,0.0,0.0,0.0,29.73,77.37,1015.25,399.2,62.5,sht20,bh1750,fixed_position_sensor_facing_light,included
2026-09-11T22:21:41+08:00,0.0,0.0,0.0,29.74,77.78,1015.2,405.8,62.5,sht20,bh1750,fixed_position_sensor_facing_light,included
2026-09-11T22:26:41+08:00,0.0,0.0,0.0,29.71,77.6,1015.08,405.0,61.5,sht20,bh1750,fixed_position_sensor_facing_light,included
2026-09-11T22:31:42+08:00,0.0,0.0,0.0,29.72,77.54,1015.17,398.3,63.5,sht20,bh1750,fixed_position_sensor_facing_light,included
2026-09-11T22:36:42+08:00,0.0,0.0,0.0,29.74,77.44,1015.02,404.2,63.5,sht20,bh1750,fixed_position_sensor_facing_light,included
2026-09-11T22:41:43+08:00,0.0,0.0,0.0,29.74,77.05,1014.96,399.2,64.5,sht20,bh1750,fixed_position_sensor_facing_light,included
2026-09-11T22:46:43+08:00,0.0,0.0,0.0,29.72,77.58,1014.99,404.2,62.5,sht20,bh1750,fixed_position_sensor_facing_light,included
2026-09-11T22:51:44+08:00,0.0,0.0,0.0,29.68,77.8,1014.99,407.5,61.5,sht20,bh1750,fixed_position_sensor_facing_light,included
2026-09-11T22:56:44+08:00,0.0,0.0,0.0,29.7,77.64,1014.96,402.5,63.5,sht20,bh1750,fixed_position_sensor_facing_light,included
2026-09-11T23:01:45+08:00,0.0,0.0,0.0,29.72,78.01,1014.96,399.2,63.5,sht20,bh1750,fixed_position_sensor_facing_light,included
2026-09-11T23:06:45+08:00,0.0,0.0,0.0,29.74,78.23,1014.92,404.2,62.5,sht20,bh1750,fixed_position_sensor_facing_light,included
2026-09-11T23:11:46+08:00,0.0,0.0,0.0,29.74,77.69,1014.83,403.3,62.5,sht20,bh1750,fixed_position_sensor_facing_light,included
2026-09-11T23:16:46+08:00,0.0,0.0,0.0,29.19,67.89,1014.84,405.0,61.5,sht20,bh1750,fixed_position_sensor_facing_light,included
2026-09-11T23:21:47+08:00,0.0,0.0,0.0,28.88,65.59,1014.71,406.7,60.5,sht20,bh1750,fixed_position_sensor_facing_light,included
2026-09-11T23:26:47+08:00,0.0,0.0,0.0,28.7,62.94,1014.82,401.7,60.5,sht20,bh1750,fixed_position_sensor_facing_light,included
2026-09-11T23:31:48+08:00,0.0,0.0,0.0,28.5,61.16,1014.76,405.8,59.5,sht20,bh1750,fixed_position_sensor_facing_light,included
2026-09-11T23:36:48+08:00,0.0,0.0,0.0,28.44,59.11,1014.7,405.0,59.5,sht20,bh1750,fixed_position_sensor_facing_light,included
2026-09-11T23:41:49+08:00,0.0,0.0,0.0,28.3,58.09,1014.81,405.0,59.5,sht20,bh1750,fixed_position_sensor_facing_light,included
2026-09-11T23:46:50+08:00,0.0,0.0,0.0,28.4,64.01,1014.76,405.8,61.5,sht20,bh1750,fixed_position_sensor_facing_light,included
2026-09-11T23:51:50+08:00,0.0,0.0,0.0,28.56,68.33,1014.67,405.8,62.5,sht20,bh1750,fixed_position_sensor_facing_light,included
2026-09-11T23:56:51+08:00,0.0,0.0,0.0,28.67,70.67,1014.74,355.0,60.5,sht20,bh1750,fixed_position_sensor_facing_light,included
2026-09-12T00:01:51+08:00,0.0,0.0,0.0,28.73,73.34,1014.77,353.3,60.5,sht20,bh1750,fixed_position_sensor_facing_light,included
2026-09-12T00:06:52+08:00,0.0,0.0,0.0,28.83,75.2,1014.65,352.5,60.5,sht20,bh1750,fixed_position_sensor_facing_light,included
2026-09-12T00:11:53+08:00,0.0,0.0,0.0,28.84,76.98,1014.8,348.3,60.5,sht20,bh1750,fixed_position_sensor_facing_light,included
2026-09-12T00:16:53+08:00,0.0,0.0,0.0,28.89,77.53,1014.66,355.8,60.5,sht20,bh1750,fixed_position_sensor_facing_light,included
2026-09-12T00:21:54+08:00,0.0,0.0,0.0,28.85,72.39,1014.68,351.7,62.5,sht20,bh1750,fixed_position_sensor_facing_light,included
2026-09-12T00:26:55+08:00,0.0,0.0,0.0,28.59,65.71,1014.65,354.2,61.5,sht20,bh1750,fixed_position_sensor_facing_light,included
2026-09-12T00:31:56+08:00,0.0,0.0,0.0,28.43,62.67,1014.67,350.0,60.5,sht20,bh1750,fixed_position_sensor_facing_light,included
2026-09-12T00:36:56+08:00,0.0,0.0,0.0,28.26,60.64,1014.55,350.0,62.5,sht20,bh1750,fixed_position_sensor_facing_light,included
2026-09-12T00:41:57+08:00,0.0,0.0,0.0,28.32,67.56,1014.49,355.8,62.5,sht20,bh1750,fixed_position_sensor_facing_light,included
2026-09-12T00:46:57+08:00,0.0,0.0,0.0,28.41,69.97,1014.47,349.2,62.5,sht20,bh1750,fixed_position_sensor_facing_light,included
2026-09-12T00:51:58+08:00,0.0,0.0,0.0,28.57,72.32,1014.39,350.0,60.5,sht20,bh1750,fixed_position_sensor_facing_light,included
2026-09-12T00:56:58+08:00,0.0,0.0,0.0,28.63,74.75,1014.27,354.2,60.5,sht20,bh1750,fixed_position_sensor_facing_light,included
2026-09-12T01:01:59+08:00,0.0,0.0,0.0,28.65,75.5,1014.27,349.2,62.5,sht20,bh1750,fixed_position_sensor_facing_light,included
2026-09-12T01:06:59+08:00,0.0,0.0,0.0,28.71,76.62,1014.19,345.0,61.5,sht20,bh1750,fixed_position_sensor_facing_light,included
2026-09-12T01:12:00+08:00,0.0,0.0,0.0,28.7,78.46,1014.22,350.0,62.5,sht20,bh1750,fixed_position_sensor_facing_light,included
2026-09-12T01:17:00+08:00,0.0,0.0,0.0,28.79,78.87,1014.1,350.0,61.5,sht20,bh1750,fixed_position_sensor_facing_light,included
2026-09-12T01:22:01+08:00,0.0,0.0,0.0,28.74,80.23,1014.04,350.0,62.5,sht20,bh1750,fixed_position_sensor_facing_light,included
2026-09-12T01:27:02+08:00,0.0,0.0,0.0,28.73,73.76,1013.99,350.8,62.5,sht20,bh1750,fixed_position_sensor_facing_light,included
2026-09-12T01:32:02+08:00,0.0,0.0,0.0,28.45,67.1,1013.89,344.2,62.5,sht20,bh1750,fixed_position_sensor_facing_light,included
2026-09-12T01:37:03+08:00,0.0,0.0,0.0,28.15,64.17,1013.97,355.0,60.5,sht20,bh1750,fixed_position_sensor_facing_light,included
2026-09-12T01:42:03+08:00,0.0,0.0,0.0,28.13,63.24,1013.74,355.0,59.5,sht20,bh1750,fixed_position_sensor_facing_light,included
2026-09-12T01:47:04+08:00,0.0,0.0,0.0,28.35,69.15,1013.69,355.0,61.5,sht20,bh1750,fixed_position_sensor_facing_light,included
2026-09-12T01:52:05+08:00,0.0,0.0,0.0,28.47,72.94,1013.75,349.2,62.5,sht20,bh1750,fixed_position_sensor_facing_light,included
2026-09-12T01:57:05+08:00,0.0,0.0,0.0,28.55,74.12,1013.81,350.0,61.5,sht20,bh1750,fixed_position_sensor_facing_light,included
2026-09-12T02:02:06+08:00,0.0,0.0,0.0,28.63,75.96,1013.9,350.0,62.5,sht20,bh1750,fixed_position_sensor_facing_light,included
2026-09-12T02:07:07+08:00,0.0,0.0,0.0,28.61,76.35,1013.78,344.2,62.5,sht20,bh1750,fixed_position_sensor_facing_light,included
2026-09-12T02:12:07+08:00,0.0,0.0,0.0,28.67,78.04,1013.93,349.2,61.5,sht20,bh1750,fixed_position_sensor_facing_light,included
2026-09-12T02:17:08+08:00,0.0,0.0,0.0,28.67,78.27,1013.75,345.0,60.5,sht20,bh1750,fixed_position_sensor_facing_light,included
2026-09-12T02:22:09+08:00,0.0,0.0,0.0,28.7,79.58,1013.58,350.0,62.5,sht20,bh1750,fixed_position_sensor_facing_light,included
2026-09-12T02:27:10+08:00,0.0,0.0,0.0,28.77,80.4,1013.55,351.7,61.5,sht20,bh1750,fixed_position_sensor_facing_light,included
2026-09-12T02:32:10+08:00,0.0,0.0,0.0,28.5,69.19,1013.57,344.2,62.5,sht20,bh1750,fixed_position_sensor_facing_light,included
2026-09-12T02:37:11+08:00,0.0,0.0,0.0,28.29,65.16,1013.49,353.3,62.5,sht20,bh1750,fixed_position_sensor_facing_light,included
2026-09-12T02:42:12+08:00,0.0,0.0,0.0,28.18,62.34,1013.52,354.2,60.5,sht20,bh1750,fixed_position_sensor_facing_light,included
2026-09-12T02:47:12+08:00,0.0,0.0,0.0,28.37,69.74,1013.52,350.0,60.5,sht20,bh1750,fixed_position_sensor_facing_light,included
2026-09-12T02:52:13+08:00,0.0,0.0,0.0,28.44,72.67,1013.21,353.3,62.5,sht20,bh1750,fixed_position_sensor_facing_light,included
2026-09-12T02:57:13+08:00,0.0,0.0,0.0,28.54,73.43,1013.21,354.2,62.5,sht20,bh1750,fixed_position_sensor_facing_light,included
2026-09-12T03:02:14+08:00,0.0,0.0,0.0,28.55,76.31,1013.12,349.2,61.5,sht20,bh1750,fixed_position_sensor_facing_light,included
2026-09-12T03:07:14+08:00,0.0,0.0,0.0,28.64,76.84,1013.13,352.5,62.5,sht20,bh1750,fixed_position_sensor_facing_light,included
2026-09-12T03:12:15+08:00,0.0,0.0,0.0,28.69,77.89,1013.16,353.3,62.5,sht20,bh1750,fixed_position_sensor_facing_light,included
2026-09-12T03:17:16+08:00,0.0,0.0,0.0,28.63,79.47,1013.07,346.7,62.5,sht20,bh1750,fixed_position_sensor_facing_light,included
2026-09-12T03:22:16+08:00,0.0,0.0,0.0,28.68,80.43,1013.02,345.0,63.5,sht20,bh1750,fixed_position_sensor_facing_light,included
2026-09-12T03:27:17+08:00,0.0,0.0,0.0,28.75,80.44,1012.99,350.0,63.5,sht20,bh1750,fixed_position_sensor_facing_light,included
2026-09-12T03:32:17+08:00,0.0,0.0,0.0,28.69,76.28,1013.02,349.2,62.5,sht20,bh1750,fixed_position_sensor_facing_light,included
2026-09-12T03:37:18+08:00,0.0,0.0,0.0,28.42,68.23,1012.98,349.2,62.5,sht20,bh1750,fixed_position_sensor_facing_light,included
2026-09-12T03:42:18+08:00,0.0,0.0,0.0,28.27,64.47,1012.98,350.0,60.5,sht20,bh1750,fixed_position_sensor_facing_light,included
2026-09-12T03:47:19+08:00,0.0,0.0,0.0,28.21,66.22,1013.01,348.3,60.5,sht20,bh1750,fixed_position_sensor_facing_light,included
2026-09-12T03:52:20+08:00,0.0,0.0,0.0,28.34,71.48,1013.15,345.8,60.5,sht20,bh1750,fixed_position_sensor_facing_light,included
2026-09-12T03:57:20+08:00,0.0,0.0,0.0,28.41,73.68,1013.06,345.8,60.5,sht20,bh1750,fixed_position_sensor_facing_light,included
2026-09-12T04:02:21+08:00,0.0,0.0,0.0,28.53,74.92,1013.05,350.8,60.5,sht20,bh1750,fixed_position_sensor_facing_light,included
2026-09-12T04:07:21+08:00,0.0,0.0,0.0,28.47,76.57,1012.84,350.0,60.5,sht20,bh1750,fixed_position_sensor_facing_light,included
2026-09-12T04:12:22+08:00,0.0,0.0,0.0,28.59,76.93,1012.9,349.2,60.5,sht20,bh1750,fixed_position_sensor_facing_light,included
2026-09-12T04:17:22+08:00,0.0,0.0,0.0,28.63,78.73,1012.93,350.0,60.5,sht20,bh1750,fixed_position_sensor_facing_light,included
2026-09-12T04:22:23+08:00,0.0,0.0,0.0,28.67,79.91,1012.96,350.0,60.5,sht20,bh1750,fixed_position_sensor_facing_light,included
2026-09-12T04:27:23+08:00,0.0,0.0,0.0,28.63,80.76,1013.1,349.2,60.5,sht20,bh1750,fixed_position_sensor_facing_light,included
2026-09-12T04:32:24+08:00,0.0,0.0,0.0,28.65,81.08,1013.07,350.0,60.5,sht20,bh1750,fixed_position_sensor_facing_light,included
2026-09-12T04:37:25+08:00,0.0,0.0,0.0,28.59,71.02,1013.02,350.0,60.5,sht20,bh1750,fixed_position_sensor_facing_light,included
2026-09-12T04:42:25+08:00,0.0,0.0,0.0,28.21,67.17,1013.01,345.0,60.5,sht20,bh1750,fixed_position_sensor_facing_light,included
2026-09-12T04:47:26+08:00,0.0,0.0,0.0,28.11,64.48,1013.0,350.0,59.5,sht20,bh1750,fixed_position_sensor_facing_light,included
2026-09-12T04:52:27+08:00,0.0,0.0,0.0,28.27,72.04,1013.09,350.0,59.5,sht20,bh1750,fixed_position_sensor_facing_light,included
2026-09-12T04:57:27+08:00,0.0,0.0,0.0,28.35,75.14,1013.12,349.2,61.5,sht20,bh1750,fixed_position_sensor_facing_light,included
2026-09-12T05:02:29+08:00,0.0,0.0,0.0,28.52,76.24,1013.21,350.0,60.5,sht20,bh1750,fixed_position_sensor_facing_light,included
2026-09-12T05:07:29+08:00,0.0,0.0,0.0,28.56,77.53,1013.27,350.0,60.5,sht20,bh1750,fixed_position_sensor_facing_light,included
2026-09-12T05:12:32+08:00,0.0,0.0,0.0,28.57,79.47,1013.3,346.7,60.5,sht20,bh1750,fixed_position_sensor_facing_light,included
2026-09-12T05:17:32+08:00,0.0,0.0,0.0,28.59,80.42,1013.36,353.3,60.5,sht20,bh1750,fixed_position_sensor_facing_light,included
2026-09-12T05:22:33+08:00,0.0,0.0,0.0,28.57,81.65,1013.38,350.0,62.5,sht20,bh1750,fixed_position_sensor_facing_light,included
2026-09-12T05:27:33+08:00,0.0,0.0,0.0,28.57,82.04,1013.38,349.2,62.5,sht20,bh1750,fixed_position_sensor_facing_light,included
2026-09-12T05:32:34+08:00,0.0,0.0,0.0,28.63,83.24,1013.5,350.8,62.5,sht20,bh1750,fixed_position_sensor_facing_light,included
2026-09-12T05:37:34+08:00,0.0,0.0,0.0,28.62,74.85,1013.44,350.0,62.5,sht20,bh1750,fixed_position_sensor_facing_light,included
2026-09-12T05:42:35+08:00,0.0,0.0,0.0,28.35,68.73,1013.4,350.0,61.5,sht20,bh1750,fixed_position_sensor_facing_light,included
2026-09-12T05:47:36+08:00,0.0,0.0,0.0,28.1,65.56,1013.43,349.2,62.5,sht20,bh1750,fixed_position_sensor_facing_light,included
2026-09-12T05:52:37+08:00,0.0,0.0,0.0,28.24,71.9,1013.49,352.5,60.5,sht20,bh1750,fixed_position_sensor_facing_light,included
2026-09-12T05:57:37+08:00,0.0,0.0,0.0,28.37,74.97,1013.49,349.2,60.5,sht20,bh1750,fixed_position_sensor_facing_light,included
2026-09-12T06:02:38+08:00,0.0,0.0,0.0,28.46,76.81,1013.44,350.0,60.5,sht20,bh1750,fixed_position_sensor_facing_light,included
2026-09-12T06:07:38+08:00,0.0,0.0,0.0,28.43,78.27,1013.49,353.3,62.5,sht20,bh1750,fixed_position_sensor_facing_light,included
2026-09-12T06:12:39+08:00,0.0,0.0,0.0,28.52,79.82,1013.5,346.7,60.5,sht20,bh1750,fixed_position_sensor_facing_light,included
2026-09-12T06:17:39+08:00,0.0,0.0,0.0,28.58,79.92,1013.55,350.0,60.5,sht20,bh1750,fixed_position_sensor_facing_light,included
2026-09-12T06:22:40+08:00,0.0,0.0,0.0,28.58,80.49,1013.58,345.8,60.5,sht20,bh1750,fixed_position_sensor_facing_light,included
2026-09-12T06:27:41+08:00,0.0,0.0,0.0,28.63,82.52,1013.64,350.0,60.5,sht20,bh1750,fixed_position_sensor_facing_light,included
2026-09-12T06:32:42+08:00,0.0,0.0,0.0,28.63,82.97,1013.69,350.0,62.5,sht20,bh1750,fixed_position_sensor_facing_light,included
2026-09-12T06:37:42+08:00,0.0,0.0,0.0,28.59,83.84,1013.72,351.7,60.5,sht20,bh1750,fixed_position_sensor_facing_light,included
2026-09-12T06:42:43+08:00,0.0,0.0,0.0,28.49,71.87,1013.69,353.3,60.5,sht20,bh1750,fixed_position_sensor_facing_light,included
2026-09-12T06:47:44+08:00,0.0,0.0,0.0,28.31,67.29,1013.71,345.8,59.5,sht20,bh1750,fixed_position_sensor_facing_light,included
2026-09-12T06:52:44+08:00,0.0,0.0,0.0,28.15,65.23,1013.82,349.2,59.5,sht20,bh1750,fixed_position_sensor_facing_light,included
2026-09-12T06:57:45+08:00,0.0,0.0,0.0,28.3,72.86,1013.63,351.7,61.5,sht20,bh1750,fixed_position_sensor_facing_light,included
2026-09-12T07:02:46+08:00,0.0,0.0,0.0,28.32,75.68,1013.69,350.0,62.5,sht20,bh1750,fixed_position_sensor_facing_light,included
2026-09-12T07:07:46+08:00,0.0,0.0,0.0,28.35,77.92,1013.74,352.5,62.5,sht20,bh1750,fixed_position_sensor_facing_light,included
2026-09-12T07:12:47+08:00,0.0,0.0,0.0,28.45,78.46,1013.8,352.5,62.5,sht20,bh1750,fixed_position_sensor_facing_light,included
2026-09-12T07:17:47+08:00,0.0,0.0,0.0,28.46,79.97,1013.86,349.2,61.5,sht20,bh1750,fixed_position_sensor_facing_light,included
2026-09-12T07:22:48+08:00,0.0,0.0,0.0,28.54,81.06,1013.87,354.2,60.5,sht20,bh1750,fixed_position_sensor_facing_light,included
2026-09-12T07:27:49+08:00,0.0,0.0,0.0,28.6,83.63,1013.87,353.3,60.5,sht20,bh1750,fixed_position_sensor_facing_light,included
2026-09-12T07:32:50+08:00,0.0,0.0,0.0,28.63,83.45,1013.78,352.5,60.5,sht20,bh1750,fixed_position_sensor_facing_light,included
2026-09-12T07:37:50+08:00,0.0,0.0,0.0,28.56,80.34,1013.84,352.5,62.5,sht20,bh1750,fixed_position_sensor_facing_light,included
2026-09-12T07:42:51+08:00,0.0,0.0,0.0,28.46,71.24,1013.72,351.7,60.5,sht20,bh1750,fixed_position_sensor_facing_light,included
2026-09-12T07:47:52+08:00,0.0,0.0,0.0,28.24,67.45,1013.62,350.8,60.5,sht20,bh1750,fixed_position_sensor_facing_light,included
2026-09-12T07:52:52+08:00,0.0,0.0,0.0,28.01,67.2,1013.73,351.7,59.5,sht20,bh1750,fixed_position_sensor_facing_light,included
2026-09-12T07:57:53+08:00,0.0,0.0,0.0,28.15,75.25,1013.82,352.5,61.5,sht20,bh1750,fixed_position_sensor_facing_light,included
2026-09-12T08:02:53+08:00,0.0,0.0,0.0,28.34,76.43,1013.92,355.0,62.5,sht20,bh1750,fixed_position_sensor_facing_light,included
2026-09-12T08:07:54+08:00,0.0,0.0,0.0,28.42,79.02,1013.92,351.7,62.5,sht20,bh1750,fixed_position_sensor_facing_light,included
2026-09-12T08:12:55+08:00,0.0,0.0,0.0,28.45,81.13,1014.01,350.8,62.5,sht20,bh1750,fixed_position_sensor_facing_light,included
2026-09-12T08:17:56+08:00,0.0,0.0,0.0,28.52,81.65,1013.98,355.0,62.5,sht20,bh1750,fixed_position_sensor_facing_light,included
2026-09-12T08:22:56+08:00,0.0,0.0,0.0,28.53,83.52,1013.95,360.8,61.5,sht20,bh1750,fixed_position_sensor_facing_light,included
2026-09-12T08:27:57+08:00,0.0,0.0,0.0,28.57,85.12,1013.89,356.7,60.5,sht20,bh1750,fixed_position_sensor_facing_light,included
2026-09-12T08:32:58+08:00,0.0,0.0,0.0,28.61,85.02,1013.87,355.0,60.5,sht20,bh1750,fixed_position_sensor_facing_light,included
2026-09-12T08:37:58+08:00,0.0,0.0,0.0,28.46,72.32,1013.89,356.7,62.5,sht20,bh1750,fixed_position_sensor_facing_light,included
2026-09-12T08:42:58+08:00,0.0,0.0,0.0,28.25,69.16,1013.83,360.8,60.5,sht20,bh1750,fixed_position_sensor_facing_light,included
2026-09-12T08:47:59+08:00,0.0,0.0,0.0,28.08,65.81,1014.05,356.7,60.5,sht20,bh1750,fixed_position_sensor_facing_light,included
2026-09-12T08:53:00+08:00,0.0,0.0,0.0,28.17,73.06,1013.97,361.7,59.5,sht20,bh1750,fixed_position_sensor_facing_light,included
2026-09-12T08:58:00+08:00,0.0,0.0,0.0,28.27,77.8,1013.94,355.8,59.5,sht20,bh1750,fixed_position_sensor_facing_light,included
2026-09-12T09:03:01+08:00,0.0,0.0,0.0,28.35,79.39,1014.0,357.5,61.5,sht20,bh1750,fixed_position_sensor_facing_light,included
2026-09-12T09:08:02+08:00,0.0,0.0,0.0,28.44,80.85,1014.21,357.5,60.5,sht20,bh1750,fixed_position_sensor_facing_light,included
2026-09-12T09:13:03+08:00,0.0,0.0,0.0,28.44,83.46,1014.24,363.3,60.5,sht20,bh1750,fixed_position_sensor_facing_light,included
2026-09-12T09:18:03+08:00,0.0,0.0,0.0,28.54,84.2,1014.21,370.0,62.5,sht20,bh1750,fixed_position_sensor_facing_light,included
2026-09-12T09:23:04+08:00,0.0,0.0,0.0,28.61,84.67,1014.27,365.8,60.5,sht20,bh1750,fixed_position_sensor_facing_light,included
2026-09-12T09:28:05+08:00,0.0,0.0,0.0,28.62,79.29,1014.13,369.2,60.5,sht20,bh1750,fixed_position_sensor_facing_light,included
2026-09-12T09:33:05+08:00,0.0,0.0,0.0,28.37,71.6,1014.15,370.8,60.5,sht20,bh1750,fixed_position_sensor_facing_light,included
2026-09-12T09:38:06+08:00,0.0,0.0,0.0,28.26,68.02,1014.06,363.3,60.5,sht20,bh1750,fixed_position_sensor_facing_light,included
2026-09-12T09:43:06+08:00,0.0,0.0,0.0,28.1,66.03,1014.11,361.7,59.5,sht20,bh1750,fixed_position_sensor_facing_light,included
2026-09-12T09:48:07+08:00,0.0,0.0,0.0,27.93,65.23,1014.08,361.7,59.5,sht20,bh1750,fixed_position_sensor_facing_light,included
2026-09-12T09:53:08+08:00,0.0,0.0,0.0,27.94,63.0,1014.22,359.2,61.5,sht20,bh1750,fixed_position_sensor_facing_light,included
2026-09-12T09:58:08+08:00,0.0,0.0,0.0,28.17,71.59,1014.14,363.3,61.5,sht20,bh1750,fixed_position_sensor_facing_light,included
2026-09-12T10:03:09+08:00,0.0,0.0,0.0,28.31,75.12,1014.15,365.0,62.5,sht20,bh1750,fixed_position_sensor_facing_light,included
2026-09-12T10:08:09+08:00,0.0,0.0,0.0,28.48,77.61,1014.04,359.2,62.5,sht20,bh1750,fixed_position_sensor_facing_light,included
2026-09-12T10:13:10+08:00,0.0,0.0,0.0,28.62,80.22,1014.19,356.7,62.5,sht20,bh1750,fixed_position_sensor_facing_light,included
2026-09-12T10:18:10+08:00,0.0,0.0,0.0,28.74,81.72,1014.16,362.5,61.5,sht20,bh1750,fixed_position_sensor_facing_light,included
2026-09-12T10:23:11+08:00,0.0,0.0,0.0,28.54,73.67,1014.1,358.3,60.5,sht20,bh1750,fixed_position_sensor_facing_light,included
2026-09-12T10:28:12+08:00,0.0,0.0,0.0,28.28,69.51,1014.15,351.7,60.5,sht20,bh1750,fixed_position_sensor_facing_light,included
2026-09-12T10:33:13+08:00,0.0,0.0,0.0,28.21,66.6,1014.26,359.2,59.5,sht20,bh1750,fixed_position_sensor_facing_light,included
2026-09-12T10:38:13+08:00,0.0,0.0,0.0,28.1,64.84,1014.17,359.2,59.5,sht20,bh1750,fixed_position_sensor_facing_light,included
2026-09-12T10:43:14+08:00,0.0,0.0,0.0,28.1,67.97,1014.28,362.5,59.5,sht20,bh1750,fixed_position_sensor_facing_light,included
2026-09-12T10:48:14+08:00,0.0,0.0,0.0,28.28,73.33,1014.18,366.7,59.5,sht20,bh1750,fixed_position_sensor_facing_light,included
2026-09-12T10:53:15+08:00,0.0,0.0,0.0,28.43,75.37,1014.18,366.7,59.5,sht20,bh1750,fixed_position_sensor_facing_light,included
2026-09-12T10:58:16+08:00,0.0,0.0,0.0,28.55,76.0,1014.18,368.3,60.5,sht20,bh1750,fixed_position_sensor_facing_light,included
2026-09-12T11:03:16+08:00,0.0,0.0,0.0,28.67,78.5,1014.22,373.3,60.5,sht20,bh1750,fixed_position_sensor_facing_light,included
2026-09-12T11:08:17+08:00,0.0,0.0,0.0,28.77,80.36,1014.13,370.8,60.5,sht20,bh1750,fixed_position_sensor_facing_light,included
2026-09-12T11:13:19+08:00,0.0,0.0,0.0,28.55,72.82,1014.18,365.8,62.5,sht20,bh1750,fixed_position_sensor_facing_light,included
2026-09-12T11:18:21+08:00,0.0,0.0,0.0,28.42,67.68,1014.29,365.0,62.5,sht20,bh1750,fixed_position_sensor_facing_light,included
2026-09-12T11:23:22+08:00,0.0,0.0,0.0,28.29,65.11,1014.23,365.8,62.5,sht20,bh1750,fixed_position_sensor_facing_light,included
2026-09-12T11:28:22+08:00,0.0,0.0,0.0,28.29,63.09,1014.12,357.5,62.5,sht20,bh1750,fixed_position_sensor_facing_light,included
2026-09-12T11:33:23+08:00,0.0,0.0,0.0,28.29,64.61,1014.0,363.3,61.5,sht20,bh1750,fixed_position_sensor_facing_light,included
2026-09-12T11:38:24+08:00,0.0,0.0,0.0,28.42,64.18,1014.06,364.2,62.5,sht20,bh1750,fixed_position_sensor_facing_light,included
2026-09-12T11:43:24+08:00,0.0,0.0,0.0,28.2,63.02,1013.97,357.5,60.5,sht20,bh1750,fixed_position_sensor_facing_light,included
2026-09-12T11:48:25+08:00,0.0,0.0,0.0,28.08,61.84,1013.82,360.8,59.5,sht20,bh1750,fixed_position_sensor_facing_light,included
2026-09-12T11:53:25+08:00,0.0,0.0,0.0,28.06,60.75,1013.91,361.7,59.5,sht20,bh1750,fixed_position_sensor_facing_light,included
2026-09-12T11:58:26+08:00,0.0,0.0,0.0,27.95,60.06,1013.7,360.8,59.5,sht20,bh1750,fixed_position_sensor_facing_light,included
2026-09-12T12:03:26+08:00,0.0,0.0,0.0,28.0,62.85,1013.76,360.0,59.5,sht20,bh1750,fixed_position_sensor_facing_light,included
2026-09-12T12:08:27+08:00,0.0,0.0,0.0,28.32,65.3,1013.69,361.7,61.5,sht20,bh1750,fixed_position_sensor_facing_light,included
2026-09-12T12:13:28+08:00,0.0,0.0,0.0,28.53,70.47,1013.69,362.5,62.5,sht20,bh1750,fixed_position_sensor_facing_light,included
2026-09-12T12:18:30+08:00,0.0,0.0,0.0,28.63,72.63,1013.61,359.2,61.5,sht20,bh1750,fixed_position_sensor_facing_light,included
2026-09-12T12:23:31+08:00,0.0,0.0,0.0,28.72,74.55,1013.61,360.0,62.5,sht20,bh1750,fixed_position_sensor_facing_light,included
2026-09-12T12:28:32+08:00,0.0,0.0,0.0,28.68,74.59,1013.47,364.2,61.5,sht20,bh1750,fixed_position_sensor_facing_light,included
2026-09-12T12:33:32+08:00,0.0,0.0,0.0,28.49,67.72,1013.55,411.7,62.5,sht20,bh1750,fixed_position_sensor_facing_light,included
2026-09-12T12:38:33+08:00,0.0,0.0,0.0,28.39,64.77,1013.57,408.3,62.5,sht20,bh1750,fixed_position_sensor_facing_light,included
2026-09-12T12:43:33+08:00,0.0,0.0,0.0,28.2,63.61,1013.57,407.5,60.5,sht20,bh1750,fixed_position_sensor_facing_light,included
2026-09-12T12:48:34+08:00,0.0,0.0,0.0,28.21,61.96,1013.52,408.3,62.5,sht20,bh1750,fixed_position_sensor_facing_light,included
2026-09-12T12:53:35+08:00,0.0,0.0,0.0,28.06,60.99,1013.4,412.5,62.5,sht20,bh1750,fixed_position_sensor_facing_light,included
2026-09-12T12:58:37+08:00,0.0,0.0,0.0,28.18,65.26,1013.46,407.5,62.5,sht20,bh1750,fixed_position_sensor_facing_light,included
2026-09-12T13:03:37+08:00,0.0,0.0,0.0,28.43,63.91,1013.26,409.2,62.5,sht20,bh1750,fixed_position_sensor_facing_light,included
2026-09-12T13:08:38+08:00,0.0,0.0,0.0,28.7,66.67,1013.21,409.2,61.5,sht20,bh1750,fixed_position_sensor_facing_light,included
2026-09-12T13:13:38+08:00,0.0,0.0,0.0,28.87,68.39,1013.19,409.2,60.5,sht20,bh1750,fixed_position_sensor_facing_light,included
2026-09-12T13:18:40+08:00,0.0,0.0,0.0,28.99,70.49,1013.22,408.3,60.5,sht20,bh1750,fixed_position_sensor_facing_light,included
2026-09-12T13:23:41+08:00,0.0,0.0,0.0,29.07,72.03,1013.2,407.5,60.5,sht20,bh1750,fixed_position_sensor_facing_light,included
2026-09-12T13:28:41+08:00,0.0,0.0,0.0,29.12,73.48,1013.17,414.2,60.5,sht20,bh1750,fixed_position_sensor_facing_light,included
2026-09-12T13:33:42+08:00,0.0,0.0,0.0,29.21,74.1,1013.23,408.3,62.5,sht20,bh1750,fixed_position_sensor_facing_light,included
2026-09-12T13:38:45+08:00,0.0,0.0,0.0,29.27,75.23,1013.2,407.5,61.5,sht20,bh1750,fixed_position_sensor_facing_light,included
2026-09-12T13:43:45+08:00,0.0,0.0,0.0,29.34,75.49,1013.32,407.5,61.5,sht20,bh1750,fixed_position_sensor_facing_light,included
2026-09-12T13:48:46+08:00,0.0,0.0,0.0,29.37,76.2,1013.32,406.7,62.5,sht20,bh1750,fixed_position_sensor_facing_light,included
2026-09-12T13:53:46+08:00,0.0,0.0,0.0,29.44,76.9,1013.32,406.7,63.5,sht20,bh1750,fixed_position_sensor_facing_light,included
2026-09-12T13:58:48+08:00,0.0,0.0,0.0,29.48,77.61,1013.32,406.7,63.5,sht20,bh1750,fixed_position_sensor_facing_light,included
2026-09-12T14:03:48+08:00,0.0,0.0,0.0,29.52,78.14,1013.27,404.2,63.5,sht20,bh1750,fixed_position_sensor_facing_light,included
2026-09-12T14:08:48+08:00,0.0,0.0,0.0,29.6,78.53,1013.27,407.5,62.5,sht20,bh1750,fixed_position_sensor_facing_light,included
2026-09-12T14:13:49+08:00,0.0,0.0,0.0,29.59,78.86,1013.1,408.3,63.5,sht20,bh1750,fixed_position_sensor_facing_light,included
2026-09-12T14:18:50+08:00,0.0,0.0,0.0,29.63,79.14,1013.07,408.3,63.5,sht20,bh1750,fixed_position_sensor_facing_light,included
2026-09-12T14:23:50+08:00,0.0,0.0,0.0,29.65,79.35,1013.07,407.5,62.5,sht20,bh1750,fixed_position_sensor_facing_light,included
2026-09-12T14:28:53+08:00,0.0,0.0,0.0,29.71,79.91,1013.05,406.7,61.5,sht20,bh1750,fixed_position_sensor_facing_light,included
2026-09-12T14:33:53+08:00,0.0,0.0,0.0,29.72,80.35,1013.07,406.7,61.5,sht20,bh1750,fixed_position_sensor_facing_light,included
2026-09-12T14:38:53+08:00,0.0,0.0,0.0,29.78,80.94,1013.05,408.3,61.5,sht20,bh1750,fixed_position_sensor_facing_light,included
2026-09-12T14:43:54+08:00,0.0,0.0,0.0,29.82,81.02,1012.97,407.5,63.5,sht20,bh1750,fixed_position_sensor_facing_light,included
2026-09-12T14:48:55+08:00,0.0,0.0,0.0,29.83,81.17,1013.05,407.5,63.5,sht20,bh1750,fixed_position_sensor_facing_light,included
2026-09-12T14:53:58+08:00,0.0,0.0,0.0,29.87,80.97,1012.94,407.5,62.5,sht20,bh1750,fixed_position_sensor_facing_light,included
2026-09-12T14:58:58+08:00,0.0,0.0,0.0,29.9,81.29,1012.82,406.7,61.5,sht20,bh1750,fixed_position_sensor_facing_light,included
2026-09-12T15:03:59+08:00,0.0,0.0,0.0,29.93,81.48,1012.85,406.7,61.5,sht20,bh1750,fixed_position_sensor_facing_light,included
2026-09-12T15:08:59+08:00,0.0,0.0,0.0,29.94,81.53,1012.8,407.5,61.5,sht20,bh1750,fixed_position_sensor_facing_light,included
2026-09-12T15:14:00+08:00,0.0,0.0,0.0,30.0,81.36,1012.86,406.7,61.5,sht20,bh1750,fixed_position_sensor_facing_light,included
2026-09-12T15:19:00+08:00,0.0,0.0,0.0,30.04,81.15,1012.91,406.7,61.5,sht20,bh1750,fixed_position_sensor_facing_light,included
2026-09-12T15:24:01+08:00,0.0,0.0,0.0,29.58,73.22,1012.73,406.7,61.5,sht20,bh1750,fixed_position_sensor_facing_light,included
2026-09-12T15:29:02+08:00,0.0,0.0,0.0,29.51,68.55,1012.75,408.3,61.5,sht20,bh1750,fixed_position_sensor_facing_light,included
2026-09-12T15:34:02+08:00,0.0,0.0,0.0,29.39,68.3,1012.72,404.2,61.5,sht20,bh1750,fixed_position_sensor_facing_light,included
2026-09-12T15:39:03+08:00,0.0,0.0,0.0,29.68,73.31,1012.82,407.5,61.5,sht20,bh1750,fixed_position_sensor_facing_light,included
2026-09-12T15:44:03+08:00,0.0,0.0,0.0,29.79,75.99,1012.7,407.5,60.5,sht20,bh1750,fixed_position_sensor_facing_light,included
2026-09-12T15:49:04+08:00,0.0,0.0,0.0,29.76,79.1,1012.79,408.3,60.5,sht20,bh1750,fixed_position_sensor_facing_light,included
2026-09-12T15:54:05+08:00,0.0,0.0,0.0,29.8,81.33,1012.94,408.3,60.5,sht20,bh1750,fixed_position_sensor_facing_light,included
2026-09-12T15:59:06+08:00,0.0,0.0,0.0,29.83,83.13,1013.05,400.0,60.5,sht20,bh1750,fixed_position_sensor_facing_light,included
2026-09-12T16:04:06+08:00,0.0,0.0,0.0,29.42,72.0,1013.06,405.0,60.5,sht20,bh1750,fixed_position_sensor_facing_light,included
2026-09-12T16:09:07+08:00,0.0,0.0,0.0,29.32,69.57,1013.17,405.0,60.5,sht20,bh1750,fixed_position_sensor_facing_light,included
2026-09-12T16:14:08+08:00,0.0,0.0,0.0,29.22,67.05,1013.14,404.2,61.5,sht20,bh1750,fixed_position_sensor_facing_light,included
2026-09-12T16:19:10+08:00,0.0,0.0,0.0,29.12,64.63,1013.31,400.8,62.5,sht20,bh1750,fixed_position_sensor_facing_light,included
2026-09-12T16:24:10+08:00,0.0,0.0,0.0,29.09,62.79,1013.25,405.0,62.5,sht20,bh1750,fixed_position_sensor_facing_light,included
2026-09-12T16:29:11+08:00,0.0,0.0,0.0,29.07,63.4,1013.2,405.0,61.5,sht20,bh1750,fixed_position_sensor_facing_light,included
2026-09-12T16:34:11+08:00,0.0,0.0,0.0,29.16,65.86,1013.2,405.0,61.5,sht20,bh1750,fixed_position_sensor_facing_light,included
2026-09-12T16:39:12+08:00,0.0,0.0,0.0,29.02,67.68,1013.28,405.0,62.5,sht20,bh1750,fixed_position_sensor_facing_light,included
2026-09-12T16:44:12+08:00,0.0,0.0,0.0,29.17,69.51,1013.29,405.0,63.5,sht20,bh1750,fixed_position_sensor_facing_light,included
2026-09-12T16:49:13+08:00,0.0,0.0,0.0,29.32,69.79,1013.26,407.5,63.5,sht20,bh1750,fixed_position_sensor_facing_light,included
2026-09-12T16:54:14+08:00,0.0,0.0,0.0,29.07,66.06,1013.34,405.0,61.5,sht20,bh1750,fixed_position_sensor_facing_light,included
2026-09-12T16:59:14+08:00,0.0,0.0,0.0,28.9,64.53,1013.39,404.2,61.5,sht20,bh1750,fixed_position_sensor_facing_light,included
2026-09-12T17:04:15+08:00,0.0,0.0,0.0,28.74,64.24,1013.47,404.2,60.5,sht20,bh1750,fixed_position_sensor_facing_light,included
2026-09-12T17:09:15+08:00,0.0,0.0,0.0,28.72,64.72,1013.42,405.0,60.5,sht20,bh1750,fixed_position_sensor_facing_light,included
2026-09-12T17:14:16+08:00,0.0,0.0,0.0,28.8,64.63,1013.55,405.0,60.5,sht20,bh1750,fixed_position_sensor_facing_light,included
2026-09-12T17:19:17+08:00,0.0,0.0,0.0,28.72,64.61,1013.55,404.2,60.5,sht20,bh1750,fixed_position_sensor_facing_light,included
2026-09-12T17:24:18+08:00,0.0,0.0,0.0,28.71,63.17,1013.64,404.2,60.5,sht20,bh1750,fixed_position_sensor_facing_light,included
2026-09-12T17:29:18+08:00,0.0,0.0,0.0,28.65,62.64,1013.64,408.3,60.5,sht20,bh1750,fixed_position_sensor_facing_light,included
2026-09-12T17:34:19+08:00,0.0,0.0,0.0,28.62,61.27,1013.75,402.5,60.5,sht20,bh1750,fixed_position_sensor_facing_light,included
2026-09-12T17:39:20+08:00,0.0,0.0,0.0,28.7,60.47,1013.72,403.3,60.5,sht20,bh1750,fixed_position_sensor_facing_light,included
2026-09-12T17:44:21+08:00,0.0,0.0,0.0,28.59,60.02,1013.72,403.3,60.5,sht20,bh1750,fixed_position_sensor_facing_light,included
2026-09-12T17:49:21+08:00,0.0,0.0,0.0,28.59,61.83,1013.72,404.2,60.5,sht20,bh1750,fixed_position_sensor_facing_light,included
2026-09-12T17:54:22+08:00,0.0,0.0,0.0,28.61,59.47,1013.81,404.2,60.5,sht20,bh1750,fixed_position_sensor_facing_light,included
2026-09-12T17:59:22+08:00,0.0,0.0,0.0,28.62,58.93,1013.75,408.3,60.5,sht20,bh1750,fixed_position_sensor_facing_light,included
2026-09-12T18:04:23+08:00,0.0,0.0,0.0,28.61,58.02,1013.72,407.5,60.5,sht20,bh1750,fixed_position_sensor_facing_light,included
2026-09-12T18:09:24+08:00,0.0,0.0,0.0,28.57,57.75,1013.92,404.2,60.5,sht20,bh1750,fixed_position_sensor_facing_light,included
2026-09-12T18:14:24+08:00,0.0,0.0,0.0,28.55,57.32,1014.01,404.2,62.5,sht20,bh1750,fixed_position_sensor_facing_light,included
2026-09-12T18:19:25+08:00,0.0,0.0,0.0,28.61,56.65,1014.13,403.3,60.5,sht20,bh1750,fixed_position_sensor_facing_light,included
2026-09-12T18:24:26+08:00,0.0,0.0,0.0,28.57,55.49,1014.15,398.3,60.5,sht20,bh1750,fixed_position_sensor_facing_light,included
2026-09-12T18:29:26+08:00,0.0,0.0,0.0,28.53,55.15,1014.12,404.2,60.5,sht20,bh1750,fixed_position_sensor_facing_light,included
2026-09-12T18:34:27+08:00,0.0,0.0,0.0,28.56,55.42,1014.21,402.5,62.5,sht20,bh1750,fixed_position_sensor_facing_light,included
2026-09-12T18:39:27+08:00,0.0,0.0,0.0,29.11,57.96,1014.23,355.0,62.5,sht20,bh1750,fixed_position_sensor_facing_light,included
2026-09-12T18:44:28+08:00,0.0,0.0,0.0,29.27,60.02,1014.44,355.8,63.5,sht20,bh1750,fixed_position_sensor_facing_light,included
2026-09-12T18:49:28+08:00,0.0,0.0,0.0,29.45,61.12,1014.39,357.5,62.5,sht20,bh1750,fixed_position_sensor_facing_light,included
2026-09-12T18:54:29+08:00,0.0,0.0,0.0,29.56,62.15,1014.56,357.5,61.5,sht20,bh1750,fixed_position_sensor_facing_light,included
2026-09-12T18:59:29+08:00,0.0,0.0,0.0,29.66,62.99,1014.57,357.5,61.5,sht20,bh1750,fixed_position_sensor_facing_light,included
2026-09-12T19:04:30+08:00,0.0,0.0,0.0,29.66,63.79,1014.54,355.0,61.5,sht20,bh1750,fixed_position_sensor_facing_light,included
2026-09-12T19:09:30+08:00,0.0,0.0,0.0,29.76,64.59,1014.51,358.3,63.5,sht20,bh1750,fixed_position_sensor_facing_light,included
2026-09-12T19:14:31+08:00,0.0,0.0,0.0,29.76,65.37,1014.54,357.5,64.5,sht20,bh1750,fixed_position_sensor_facing_light,included
2026-09-12T19:19:31+08:00,0.0,0.0,0.0,29.82,65.78,1014.63,358.3,62.5,sht20,bh1750,fixed_position_sensor_facing_light,included
2026-09-12T19:24:32+08:00,0.0,0.0,0.0,29.85,66.68,1014.66,353.3,62.5,sht20,bh1750,fixed_position_sensor_facing_light,included
2026-09-12T19:29:33+08:00,0.0,0.0,0.0,29.89,67.22,1014.72,358.3,63.5,sht20,bh1750,fixed_position_sensor_facing_light,included
2026-09-12T19:34:33+08:00,0.0,0.0,0.0,29.95,67.57,1014.63,358.3,62.5,sht20,bh1750,fixed_position_sensor_facing_light,included
2026-09-12T19:39:36+08:00,0.0,0.0,0.0,30.03,68.64,1014.69,358.3,64.5,sht20,bh1750,fixed_position_sensor_facing_light,included
2026-09-12T19:44:36+08:00,0.0,0.0,0.0,30.13,68.84,1014.64,354.2,62.5,sht20,bh1750,fixed_position_sensor_facing_light,included
2026-09-12T19:49:37+08:00,0.0,0.0,0.0,30.15,69.48,1014.58,360.0,64.5,sht20,bh1750,fixed_position_sensor_facing_light,included
2026-09-12T19:54:37+08:00,0.0,0.0,0.0,30.2,69.57,1014.79,359.2,62.5,sht20,bh1750,fixed_position_sensor_facing_light,included
2026-09-12T19:59:38+08:00,0.0,0.0,0.0,30.23,69.8,1014.84,359.2,64.5,sht20,bh1750,fixed_position_sensor_facing_light,included
2026-09-12T20:04:38+08:00,0.0,0.0,0.0,30.22,70.16,1014.87,359.2,62.5,sht20,bh1750,fixed_position_sensor_facing_light,included
2026-09-12T20:09:39+08:00,0.0,0.0,0.0,30.26,70.54,1014.85,359.2,64.5,sht20,bh1750,fixed_position_sensor_facing_light,included
2026-09-12T20:14:39+08:00,0.0,0.0,0.0,30.28,71.15,1014.95,360.0,64.5,sht20,bh1750,fixed_position_sensor_facing_light,included
2026-09-12T20:19:40+08:00,0.0,0.0,0.0,30.33,71.42,1014.91,359.2,65.5,sht20,bh1750,fixed_position_sensor_facing_light,included
2026-09-12T20:24:40+08:00,0.0,0.0,0.0,30.36,71.48,1014.99,358.3,63.5,sht20,bh1750,fixed_position_sensor_facing_light,included
2026-09-12T20:29:41+08:00,0.0,0.0,0.0,30.39,71.99,1014.91,363.3,62.5,sht20,bh1750,fixed_position_sensor_facing_light,included
2026-09-12T20:34:41+08:00,0.0,0.0,0.0,30.46,71.74,1014.91,361.7,62.5,sht20,bh1750,fixed_position_sensor_facing_light,included
2026-09-12T20:39:43+08:00,0.0,0.0,0.0,30.47,72.19,1014.88,365.0,64.5,sht20,bh1750,fixed_position_sensor_facing_light,included
2026-09-12T20:44:43+08:00,0.0,0.0,0.0,30.49,72.2,1014.94,359.2,62.5,sht20,bh1750,fixed_position_sensor_facing_light,included
2026-09-12T20:49:44+08:00,0.0,0.0,0.0,30.48,72.33,1014.94,359.2,64.5,sht20,bh1750,fixed_position_sensor_facing_light,included
2026-09-12T20:54:44+08:00,0.0,0.0,0.0,30.53,72.44,1014.89,359.2,63.5,sht20,bh1750,fixed_position_sensor_facing_light,included
2026-09-12T20:59:45+08:00,0.0,0.0,0.0,30.52,72.9,1014.99,360.0,62.5,sht20,bh1750,fixed_position_sensor_facing_light,included
2026-09-12T21:04:45+08:00,0.0,0.0,0.0,30.51,73.14,1014.94,359.2,64.5,sht20,bh1750,fixed_position_sensor_facing_light,included
2026-09-12T21:09:46+08:00,0.0,0.0,0.0,30.52,73.1,1015.05,360.8,65.5,sht20,bh1750,fixed_position_sensor_facing_light,included
2026-09-12T21:14:46+08:00,0.0,0.0,0.0,30.54,72.86,1015.11,363.3,63.5,sht20,bh1750,fixed_position_sensor_facing_light,included
2026-09-12T21:19:47+08:00,0.0,0.0,0.0,30.51,73.11,1015.16,364.2,62.5,sht20,bh1750,fixed_position_sensor_facing_light,included
2026-09-12T21:24:48+08:00,0.0,0.0,0.0,30.5,73.96,1015.25,360.0,62.5,sht20,bh1750,fixed_position_sensor_facing_light,included
2026-09-12T21:29:48+08:00,0.0,0.0,0.0,30.6,73.38,1015.34,359.2,62.5,sht20,bh1750,fixed_position_sensor_facing_light,included
2026-09-12T21:34:48+08:00,0.0,0.0,0.0,30.54,73.94,1015.4,359.2,62.5,sht20,bh1750,fixed_position_sensor_facing_light,included
2026-09-12T21:39:49+08:00,0.0,0.0,0.0,30.54,74.51,1015.48,360.8,64.5,sht20,bh1750,fixed_position_sensor_facing_light,included
2026-09-12T21:44:50+08:00,0.0,0.0,0.0,30.64,73.9,1015.43,360.0,63.5,sht20,bh1750,fixed_position_sensor_facing_light,included
2026-09-12T21:49:50+08:00,0.0,0.0,0.0,30.62,74.25,1015.46,359.2,62.5,sht20,bh1750,fixed_position_sensor_facing_light,included
2026-09-12T21:54:51+08:00,0.0,0.0,0.0,30.68,73.8,1015.37,360.0,62.5,sht20,bh1750,fixed_position_sensor_facing_light,included
2026-09-12T21:59:51+08:00,0.0,0.0,0.0,30.61,74.15,1015.25,360.0,62.5,sht20,bh1750,fixed_position_sensor_facing_light,included
2026-09-12T22:04:52+08:00,0.0,0.0,0.0,30.59,74.63,1015.31,360.8,62.5,sht20,bh1750,fixed_position_sensor_facing_light,included
2026-09-12T22:09:52+08:00,0.0,0.0,0.0,30.61,74.59,1015.23,360.0,64.5,sht20,bh1750,fixed_position_sensor_facing_light,included
2026-09-12T22:14:53+08:00,0.0,0.0,0.0,30.7,74.03,1015.29,360.8,63.5,sht20,bh1750,fixed_position_sensor_facing_light,included
2026-09-12T22:19:53+08:00,0.0,0.0,0.0,30.69,74.42,1015.26,360.0,62.5,sht20,bh1750,fixed_position_sensor_facing_light,included
2026-09-12T22:24:54+08:00,0.0,0.0,0.0,30.67,74.41,1015.23,360.8,62.5,sht20,bh1750,fixed_position_sensor_facing_light,included
2026-09-12T22:29:54+08:00,0.0,0.0,0.0,30.67,74.54,1015.14,360.0,62.5,sht20,bh1750,fixed_position_sensor_facing_light,included
2026-09-12T22:34:55+08:00,0.0,0.0,0.0,30.74,74.23,1015.08,360.8,62.5,sht20,bh1750,fixed_position_sensor_facing_light,included
2026-09-12T22:39:59+08:00,0.0,0.0,0.0,30.77,74.31,1015.17,360.0,62.5,sht20,bh1750,fixed_position_sensor_facing_light,included
2026-09-12T22:44:59+08:00,0.0,0.0,0.0,30.71,74.54,1015.05,363.3,62.5,sht20,bh1750,fixed_position_sensor_facing_light,included
2026-09-12T22:50:00+08:00,0.0,0.0,0.0,30.7,75.06,1014.92,360.0,62.5,sht20,bh1750,fixed_position_sensor_facing_light,included
2026-09-12T22:55:00+08:00,0.0,0.0,0.0,30.78,74.37,1014.86,360.0,64.5,sht20,bh1750,fixed_position_sensor_facing_light,included
2026-09-12T23:00:01+08:00,0.0,0.0,0.0,30.72,74.81,1014.94,362.5,63.5,sht20,bh1750,fixed_position_sensor_facing_light,included
2026-09-12T23:05:02+08:00,0.0,0.0,0.0,30.72,74.67,1014.83,360.0,62.5,sht20,bh1750,fixed_position_sensor_facing_light,included
2026-09-12T23:10:03+08:00,0.0,0.0,0.0,30.6,75.52,1014.83,360.8,62.5,sht20,bh1750,fixed_position_sensor_facing_light,included
2026-09-12T23:15:03+08:00,0.0,0.0,0.0,30.65,75.57,1014.97,360.8,62.5,sht20,bh1750,fixed_position_sensor_facing_light,included
2026-09-12T23:20:03+08:00,0.0,0.0,0.0,30.7,75.33,1014.74,365.8,64.5,sht20,bh1750,fixed_position_sensor_facing_light,included
2026-09-12T23:25:04+08:00,0.0,0.0,0.0,30.67,75.6,1014.69,366.7,63.5,sht20,bh1750,fixed_position_sensor_facing_light,included
2026-09-12T23:30:05+08:00,0.0,0.0,0.0,30.76,75.31,1014.66,360.8,62.5,sht20,bh1750,fixed_position_sensor_facing_light,included
2026-09-12T23:35:05+08:00,0.0,0.0,0.0,30.7,75.64,1014.54,361.7,62.5,sht20,bh1750,fixed_position_sensor_facing_light,included
2026-09-12T23:40:05+08:00,0.0,0.0,0.0,30.72,75.77,1014.4,360.8,62.5,sht20,bh1750,fixed_position_sensor_facing_light,included
2026-09-12T23:45:06+08:00,0.0,0.0,0.0,30.7,75.73,1014.43,360.0,64.5,sht20,bh1750,fixed_position_sensor_facing_light,included
2026-09-12T23:50:07+08:00,0.0,0.0,0.0,30.75,75.58,1014.43,363.3,65.5,sht20,bh1750,fixed_position_sensor_facing_light,included
2026-09-12T23:55:07+08:00,0.0,0.0,0.0,30.79,75.05,1014.4,360.0,63.5,sht20,bh1750,fixed_position_sensor_facing_light,included
2026-09-13T00:00:08+08:00,0.0,0.0,0.0,30.7,75.51,1014.25,360.8,65.5,sht20,bh1750,fixed_position_sensor_facing_light,included
2026-09-13T00:05:08+08:00,0.0,0.0,0.0,30.72,76.35,1014.22,360.0,63.5,sht20,bh1750,fixed_position_sensor_facing_light,included
2026-09-13T00:10:09+08:00,0.0,0.0,0.0,30.78,75.92,1014.46,360.8,62.5,sht20,bh1750,fixed_position_sensor_facing_light,included
2026-09-13T00:15:10+08:00,0.0,0.0,0.0,30.75,75.93,1014.28,365.0,64.5,sht20,bh1750,fixed_position_sensor_facing_light,included
2026-09-13T00:20:10+08:00,0.0,0.0,0.0,30.71,76.31,1014.43,360.0,63.5,sht20,bh1750,fixed_position_sensor_facing_light,included
2026-09-13T00:25:11+08:00,0.0,0.0,0.0,30.77,76.01,1014.46,360.8,64.5,sht20,bh1750,fixed_position_sensor_facing_light,included
2026-09-13T00:30:11+08:00,0.0,0.0,0.0,30.68,76.7,1014.34,360.8,65.5,sht20,bh1750,fixed_position_sensor_facing_light,included
2026-09-13T00:35:12+08:00,0.0,0.0,0.0,30.72,76.16,1014.22,360.8,63.5,sht20,bh1750,fixed_position_sensor_facing_light,included
2026-09-13T00:40:13+08:00,0.0,0.0,0.0,30.79,75.66,1014.11,359.2,65.5,sht20,bh1750,fixed_position_sensor_facing_light,included
2026-09-13T00:45:13+08:00,0.0,0.0,0.0,30.78,75.82,1014.19,361.7,63.5,sht20,bh1750,fixed_position_sensor_facing_light,included
2026-09-13T00:50:14+08:00,0.0,0.0,0.0,30.71,75.44,1013.96,360.0,62.5,sht20,bh1750,fixed_position_sensor_facing_light,included
2026-09-13T00:55:14+08:00,0.0,0.0,0.0,30.8,75.59,1014.02,360.0,62.5,sht20,bh1750,fixed_position_sensor_facing_light,included
2026-09-13T01:00:15+08:00,0.0,0.0,0.0,30.81,75.61,1014.05,360.8,62.5,sht20,bh1750,fixed_position_sensor_facing_light,included
2026-09-13T01:05:15+08:00,0.0,0.0,0.0,30.72,76.22,1013.93,360.0,62.5,sht20,bh1750,fixed_position_sensor_facing_light,included
2026-09-13T01:10:16+08:00,0.0,0.0,0.0,30.76,75.95,1013.84,360.0,62.5,sht20,bh1750,fixed_position_sensor_facing_light,included
2026-09-13T01:15:16+08:00,0.0,0.0,0.0,30.74,75.73,1013.84,360.8,64.5,sht20,bh1750,fixed_position_sensor_facing_light,included
2026-09-13T01:20:17+08:00,0.0,0.0,0.0,30.79,75.96,1013.85,360.0,65.5,sht20,bh1750,fixed_position_sensor_facing_light,included
2026-09-13T01:25:18+08:00,0.0,0.0,0.0,30.75,76.2,1013.82,360.0,63.5,sht20,bh1750,fixed_position_sensor_facing_light,included
2026-09-13T01:30:18+08:00,0.0,0.0,0.0,30.82,75.97,1013.73,365.8,62.5,sht20,bh1750,fixed_position_sensor_facing_light,included
2026-09-13T01:35:19+08:00,0.0,0.0,0.0,30.78,75.86,1013.61,359.2,62.5,sht20,bh1750,fixed_position_sensor_facing_light,included
2026-09-13T01:40:20+08:00,0.0,0.0,0.0,30.76,76.15,1013.61,365.8,62.5,sht20,bh1750,fixed_position_sensor_facing_light,included
2026-09-13T01:45:21+08:00,0.0,0.0,0.0,30.79,76.27,1013.51,360.8,64.5,sht20,bh1750,fixed_position_sensor_facing_light,included
2026-09-13T01:50:21+08:00,0.0,0.0,0.0,30.71,76.39,1013.5,360.8,65.5,sht20,bh1750,fixed_position_sensor_facing_light,included
2026-09-13T01:55:22+08:00,0.0,0.0,0.0,30.71,76.26,1013.42,360.0,63.5,sht20,bh1750,fixed_position_sensor_facing_light,included
2026-09-13T02:00:23+08:00,0.0,0.0,0.0,30.74,76.5,1013.45,360.0,64.5,sht20,bh1750,fixed_position_sensor_facing_light,included
2026-09-13T02:05:23+08:00,0.0,0.0,0.0,30.71,76.89,1013.55,359.2,63.5,sht20,bh1750,fixed_position_sensor_facing_light,included
2026-09-13T02:10:24+08:00,0.0,0.0,0.0,30.8,76.19,1013.56,360.0,65.5,sht20,bh1750,fixed_position_sensor_facing_light,included
2026-09-13T02:15:24+08:00,0.0,0.0,0.0,30.72,76.14,1013.48,360.0,63.5,sht20,bh1750,fixed_position_sensor_facing_light,included
2026-09-13T02:20:25+08:00,0.0,0.0,0.0,30.76,76.05,1013.48,360.0,63.5,sht20,bh1750,fixed_position_sensor_facing_light,included
2026-09-13T02:25:25+08:00,0.0,0.0,0.0,30.77,75.89,1013.48,360.0,62.5,sht20,bh1750,fixed_position_sensor_facing_light,included
2026-09-13T02:30:26+08:00,0.0,0.0,0.0,30.71,76.67,1013.36,360.0,64.5,sht20,bh1750,fixed_position_sensor_facing_light,included
2026-09-13T02:35:26+08:00,0.0,0.0,0.0,30.74,76.44,1013.51,360.0,63.5,sht20,bh1750,fixed_position_sensor_facing_light,included
2026-09-13T02:40:27+08:00,0.0,0.0,0.0,30.68,76.64,1013.42,361.7,62.5,sht20,bh1750,fixed_position_sensor_facing_light,included
2026-09-13T02:45:27+08:00,0.0,0.0,0.0,30.7,76.84,1013.36,364.2,64.5,sht20,bh1750,fixed_position_sensor_facing_light,included
2026-09-13T02:50:28+08:00,0.0,0.0,0.0,30.3,69.26,1013.23,360.8,64.5,sht20,bh1750,fixed_position_sensor_facing_light,included
2026-09-13T02:55:29+08:00,0.0,0.0,0.0,29.93,65.7,1013.31,358.3,62.5,sht20,bh1750,fixed_position_sensor_facing_light,included
2026-09-13T03:00:29+08:00,0.0,0.0,0.0,29.61,63.04,1013.24,353.3,61.5,sht20,bh1750,fixed_position_sensor_facing_light,included
2026-09-13T03:05:30+08:00,0.0,0.0,0.0,29.42,61.06,1013.2,356.7,61.5,sht20,bh1750,fixed_position_sensor_facing_light,included
2026-09-13T03:10:30+08:00,0.0,0.0,0.0,29.27,59.83,1013.26,356.7,62.5,sht20,bh1750,fixed_position_sensor_facing_light,included
2026-09-13T03:15:31+08:00,0.0,0.0,0.0,29.12,57.25,1013.43,356.7,61.5,sht20,bh1750,fixed_position_sensor_facing_light,included
2026-09-13T03:20:31+08:00,0.0,0.0,0.0,29.06,55.49,1013.43,355.8,62.5,sht20,bh1750,fixed_position_sensor_facing_light,included
2026-09-13T03:25:32+08:00,0.0,0.0,0.0,28.95,56.49,1013.45,356.7,62.5,sht20,bh1750,fixed_position_sensor_facing_light,included
2026-09-13T03:30:33+08:00,0.0,0.0,0.0,28.77,54.32,1013.33,355.8,62.5,sht20,bh1750,fixed_position_sensor_facing_light,included
2026-09-13T03:35:33+08:00,0.0,0.0,0.0,28.72,53.05,1013.42,356.7,61.5,sht20,bh1750,fixed_position_sensor_facing_light,included
2026-09-13T03:40:34+08:00,0.0,0.0,0.0,28.6,51.78,1013.38,355.8,62.5,sht20,bh1750,fixed_position_sensor_facing_light,included
2026-09-13T03:45:34+08:00,0.0,0.0,0.0,28.44,51.41,1013.44,356.7,60.5,sht20,bh1750,fixed_position_sensor_facing_light,included
2026-09-13T03:50:35+08:00,0.0,0.0,0.0,28.37,50.83,1013.35,355.8,60.5,sht20,bh1750,fixed_position_sensor_facing_light,included
2026-09-13T03:55:35+08:00,0.0,0.0,0.0,28.35,50.04,1013.29,360.8,59.5,sht20,bh1750,fixed_position_sensor_facing_light,included
2026-09-13T04:00:36+08:00,0.0,0.0,0.0,28.33,49.75,1013.26,356.7,59.5,sht20,bh1750,fixed_position_sensor_facing_light,included
2026-09-13T04:05:37+08:00,0.0,0.0,0.0,28.26,49.07,1013.2,356.7,59.5,sht20,bh1750,fixed_position_sensor_facing_light,included
2026-09-13T04:10:37+08:00,0.0,0.0,0.0,28.15,49.11,1013.08,355.8,61.5,sht20,bh1750,fixed_position_sensor_facing_light,included
2026-09-13T04:15:38+08:00,0.0,0.0,0.0,27.98,48.23,1013.28,355.8,62.5,sht20,bh1750,fixed_position_sensor_facing_light,included
2026-09-13T04:20:39+08:00,0.0,0.0,0.0,28.33,55.81,1013.38,356.7,62.5,sht20,bh1750,fixed_position_sensor_facing_light,included
2026-09-13T04:25:39+08:00,0.0,0.0,0.0,28.6,59.57,1013.18,359.2,60.5,sht20,bh1750,fixed_position_sensor_facing_light,included
2026-09-13T04:30:40+08:00,0.0,0.0,0.0,28.76,62.3,1013.3,356.7,60.5,sht20,bh1750,fixed_position_sensor_facing_light,included
2026-09-13T04:35:41+08:00,0.0,0.0,0.0,28.83,64.63,1013.28,356.7,62.5,sht20,bh1750,fixed_position_sensor_facing_light,included
2026-09-13T04:40:41+08:00,0.0,0.0,0.0,28.95,66.81,1013.28,357.5,61.5,sht20,bh1750,fixed_position_sensor_facing_light,included
2026-09-13T04:45:42+08:00,0.0,0.0,0.0,28.79,60.86,1013.3,351.7,60.5,sht20,bh1750,fixed_position_sensor_facing_light,included
2026-09-13T04:50:42+08:00,0.0,0.0,0.0,28.56,57.52,1013.3,356.7,62.5,sht20,bh1750,fixed_position_sensor_facing_light,included
2026-09-13T04:55:43+08:00,0.0,0.0,0.0,28.5,55.37,1013.24,355.8,60.5,sht20,bh1750,fixed_position_sensor_facing_light,included
2026-09-13T05:00:44+08:00,0.0,0.0,0.0,28.34,54.01,1013.35,350.8,62.5,sht20,bh1750,fixed_position_sensor_facing_light,included
2026-09-13T05:05:44+08:00,0.0,0.0,0.0,28.28,52.59,1013.29,355.8,62.5,sht20,bh1750,fixed_position_sensor_facing_light,included
2026-09-13T05:10:45+08:00,0.0,0.0,0.0,28.16,51.71,1013.31,355.8,62.5,sht20,bh1750,fixed_position_sensor_facing_light,included
2026-09-13T05:15:46+08:00,0.0,0.0,0.0,28.01,51.24,1013.19,356.7,62.5,sht20,bh1750,fixed_position_sensor_facing_light,included
2026-09-13T05:20:47+08:00,0.0,0.0,0.0,28.06,54.1,1013.19,355.8,62.5,sht20,bh1750,fixed_position_sensor_facing_light,included
2026-09-13T05:25:48+08:00,0.0,0.0,0.0,28.39,59.64,1013.29,356.7,62.5,sht20,bh1750,fixed_position_sensor_facing_light,included
2026-09-13T05:30:48+08:00,0.0,0.0,0.0,28.6,60.92,1013.33,355.8,61.5,sht20,bh1750,fixed_position_sensor_facing_light,included
2026-09-13T05:35:49+08:00,0.0,0.0,0.0,28.65,64.32,1013.27,356.7,62.5,sht20,bh1750,fixed_position_sensor_facing_light,included
2026-09-13T05:40:50+08:00,0.0,0.0,0.0,28.79,67.07,1013.25,362.5,62.5,sht20,bh1750,fixed_position_sensor_facing_light,included
2026-09-13T05:45:50+08:00,0.0,0.0,0.0,28.82,69.02,1013.36,356.7,61.5,sht20,bh1750,fixed_position_sensor_facing_light,included
2026-09-13T05:50:51+08:00,0.0,0.0,0.0,28.78,61.86,1013.36,356.7,60.5,sht20,bh1750,fixed_position_sensor_facing_light,included
2026-09-13T05:55:52+08:00,0.0,0.0,0.0,28.53,58.51,1013.5,354.2,62.5,sht20,bh1750,fixed_position_sensor_facing_light,included
2026-09-13T06:00:52+08:00,0.0,0.0,0.0,28.39,56.0,1013.6,355.8,60.5,sht20,bh1750,fixed_position_sensor_facing_light,included
2026-09-13T06:05:53+08:00,0.0,0.0,0.0,28.29,54.16,1013.52,353.3,60.5,sht20,bh1750,fixed_position_sensor_facing_light,included
2026-09-13T06:10:54+08:00,0.0,0.0,0.0,28.21,52.68,1013.62,355.8,59.5,sht20,bh1750,fixed_position_sensor_facing_light,included
2026-09-13T06:15:54+08:00,0.0,0.0,0.0,28.05,51.75,1013.56,356.7,59.5,sht20,bh1750,fixed_position_sensor_facing_light,included
2026-09-13T06:20:55+08:00,0.0,0.0,0.0,28.32,58.4,1013.66,357.5,59.5,sht20,bh1750,fixed_position_sensor_facing_light,included
2026-09-13T06:25:55+08:00,0.0,0.0,0.0,28.49,61.31,1013.72,356.7,61.5,sht20,bh1750,fixed_position_sensor_facing_light,included
2026-09-13T06:30:56+08:00,0.0,0.0,0.0,28.67,63.95,1013.81,351.7,62.5,sht20,bh1750,fixed_position_sensor_facing_light,included
2026-09-13T06:35:57+08:00,0.0,0.0,0.0,28.7,66.21,1013.73,353.3,61.5,sht20,bh1750,fixed_position_sensor_facing_light,included
2026-09-13T06:40:57+08:00,0.0,0.0,0.0,28.76,68.1,1013.9,352.5,60.5,sht20,bh1750,fixed_position_sensor_facing_light,included
2026-09-13T06:45:58+08:00,0.0,0.0,0.0,28.92,68.71,1013.88,353.3,62.5,sht20,bh1750,fixed_position_sensor_facing_light,included
2026-09-13T06:50:58+08:00,0.0,0.0,0.0,28.76,61.28,1013.99,351.7,62.5,sht20,bh1750,fixed_position_sensor_facing_light,included
2026-09-13T06:55:59+08:00,0.0,0.0,0.0,28.62,58.18,1014.07,352.5,61.5,sht20,bh1750,fixed_position_sensor_facing_light,included
2026-09-13T07:01:00+08:00,0.0,0.0,0.0,28.52,55.93,1013.98,353.3,60.5,sht20,bh1750,fixed_position_sensor_facing_light,included
2026-09-13T07:06:00+08:00,0.0,0.0,0.0,28.42,54.17,1014.03,351.7,60.5,sht20,bh1750,fixed_position_sensor_facing_light,included
2026-09-13T07:11:01+08:00,0.0,0.0,0.0,28.27,52.88,1014.0,352.5,60.5,sht20,bh1750,fixed_position_sensor_facing_light,included
2026-09-13T07:16:02+08:00,0.0,0.0,0.0,28.27,51.88,1013.91,353.3,61.5,sht20,bh1750,fixed_position_sensor_facing_light,included
2026-09-13T07:21:03+08:00,0.0,0.0,0.0,28.15,50.94,1014.06,358.3,60.5,sht20,bh1750,fixed_position_sensor_facing_light,included
2026-09-13T07:26:04+08:00,0.0,0.0,0.0,28.18,50.11,1014.17,355.8,59.5,sht20,bh1750,fixed_position_sensor_facing_light,included
2026-09-13T07:31:04+08:00,0.0,0.0,0.0,28.32,57.07,1014.15,360.8,61.5,sht20,bh1750,fixed_position_sensor_facing_light,included
2026-09-13T07:36:05+08:00,0.0,0.0,0.0,28.53,60.47,1014.24,355.8,62.5,sht20,bh1750,fixed_position_sensor_facing_light,included
2026-09-13T07:41:06+08:00,0.0,0.0,0.0,28.71,63.63,1014.25,355.8,61.5,sht20,bh1750,fixed_position_sensor_facing_light,included
2026-09-13T07:46:06+08:00,0.0,0.0,0.0,28.78,65.19,1014.42,357.5,60.5,sht20,bh1750,fixed_position_sensor_facing_light,included
2026-09-13T07:51:07+08:00,0.0,0.0,0.0,28.98,66.65,1014.4,355.0,62.5,sht20,bh1750,fixed_position_sensor_facing_light,included
2026-09-13T07:56:07+08:00,0.0,0.0,0.0,28.88,62.11,1014.48,358.3,61.5,sht20,bh1750,fixed_position_sensor_facing_light,included
2026-09-13T08:01:09+08:00,0.0,0.0,0.0,28.64,59.1,1014.36,356.7,62.5,sht20,bh1750,fixed_position_sensor_facing_light,included
2026-09-13T08:06:09+08:00,0.0,0.0,0.0,28.52,56.61,1014.44,356.7,62.5,sht20,bh1750,fixed_position_sensor_facing_light,included
2026-09-13T08:11:10+08:00,0.0,0.0,0.0,28.41,55.41,1014.38,356.7,62.5,sht20,bh1750,fixed_position_sensor_facing_light,included
2026-09-13T08:16:10+08:00,0.0,0.0,0.0,28.2,54.02,1014.49,356.7,62.5,sht20,bh1750,fixed_position_sensor_facing_light,included
2026-09-13T08:21:13+08:00,0.0,0.0,0.0,28.16,53.49,1014.52,358.3,62.5,sht20,bh1750,fixed_position_sensor_facing_light,included
2026-09-13T08:26:14+08:00,0.0,0.0,0.0,28.11,53.12,1014.46,363.3,60.5,sht20,bh1750,fixed_position_sensor_facing_light,included
2026-09-13T08:31:15+08:00,0.0,0.0,0.0,28.01,52.47,1014.51,359.2,61.5,sht20,bh1750,fixed_position_sensor_facing_light,included
2026-09-13T08:36:15+08:00,0.0,0.0,0.0,28.02,52.73,1014.63,357.5,62.5,sht20,bh1750,fixed_position_sensor_facing_light,included
2026-09-13T08:41:17+08:00,0.0,0.0,0.0,27.94,51.7,1014.63,360.0,60.5,sht20,bh1750,fixed_position_sensor_facing_light,included
2026-09-13T08:46:17+08:00,0.0,0.0,0.0,27.96,50.37,1014.66,355.8,61.5,sht20,bh1750,fixed_position_sensor_facing_light,included
2026-09-13T08:51:18+08:00,0.0,0.0,0.0,27.88,52.43,1014.77,364.2,59.5,sht20,bh1750,fixed_position_sensor_facing_light,included
2026-09-13T08:56:18+08:00,0.0,0.0,0.0,28.03,52.21,1014.69,366.7,59.5,sht20,bh1750,fixed_position_sensor_facing_light,included
2026-09-13T09:01:19+08:00,0.0,0.0,0.0,27.93,50.69,1014.74,362.5,59.5,sht20,bh1750,fixed_position_sensor_facing_light,included
2026-09-13T09:06:20+08:00,0.0,0.0,0.0,27.87,49.86,1014.77,363.3,59.5,sht20,bh1750,fixed_position_sensor_facing_light,included
2026-09-13T09:11:20+08:00,0.0,0.0,0.0,27.81,49.55,1014.85,363.3,59.5,sht20,bh1750,fixed_position_sensor_facing_light,included
2026-09-13T09:16:21+08:00,0.0,0.0,0.0,27.72,49.08,1014.91,363.3,60.5,sht20,bh1750,fixed_position_sensor_facing_light,included
2026-09-13T09:21:21+08:00,0.0,0.0,0.0,27.72,48.76,1014.85,364.2,59.5,sht20,bh1750,fixed_position_sensor_facing_light,included
2026-09-13T09:26:21+08:00,0.0,0.0,0.0,27.68,48.02,1014.82,360.8,59.5,sht20,bh1750,fixed_position_sensor_facing_light,included
2026-09-13T09:31:22+08:00,0.0,0.0,0.0,27.69,48.49,1014.79,364.2,59.5,sht20,bh1750,fixed_position_sensor_facing_light,included
2026-09-13T09:36:23+08:00,0.0,0.0,0.0,27.61,48.65,1014.67,364.2,59.5,sht20,bh1750,fixed_position_sensor_facing_light,included
2026-09-13T09:41:24+08:00,0.0,0.0,0.0,27.69,47.97,1014.68,365.0,61.5,sht20,bh1750,fixed_position_sensor_facing_light,included
2026-09-13T09:46:24+08:00,0.0,0.0,0.0,27.54,48.24,1014.87,364.2,61.5,sht20,bh1750,fixed_position_sensor_facing_light,included
2026-09-13T09:51:25+08:00,0.0,0.0,0.0,27.86,53.52,1014.59,364.2,59.5,sht20,bh1750,fixed_position_sensor_facing_light,included
2026-09-13T09:56:25+08:00,3133.5,867.8,0.8678,28.28,57.81,1014.64,778.3,59.5,sht20,bh1750,fixed_position_sensor_facing_light,included
2026-09-13T10:01:26+08:00,1816.0,506.1,0.5061,28.28,62.73,1014.49,610.0,59.5,sht20,bh1750,fixed_position_sensor_facing_light,included
2026-09-13T10:06:27+08:00,1815.8,505.3,0.5053,28.49,64.05,1014.59,612.5,61.5,sht20,bh1750,fixed_position_sensor_facing_light,included
2026-09-13T10:11:28+08:00,1815.2,504.3,0.5043,28.67,63.95,1014.56,611.7,62.5,sht20,bh1750,fixed_position_sensor_facing_light,included
2026-09-13T10:16:28+08:00,1814.6,504.8,0.5048,28.58,58.95,1014.68,612.5,62.5,sht20,bh1750,fixed_position_sensor_facing_light,included
2026-09-13T10:21:29+08:00,1815.9,505.9,0.5059,28.31,55.29,1014.55,602.5,62.5,sht20,bh1750,fixed_position_sensor_facing_light,included
2026-09-13T10:26:29+08:00,1815.3,506.5,0.5065,28.24,55.69,1014.58,720.8,62.5,sht20,bh1750,fixed_position_sensor_facing_light,included
2026-09-13T10:31:30+08:00,1815.0,505.4,0.5054,28.15,54.86,1014.55,723.3,62.5,sht20,bh1750,fixed_position_sensor_facing_light,included
2026-09-13T10:36:30+08:00,1816.3,505.4,0.5054,28.21,54.17,1014.49,718.3,62.5,sht20,bh1750,fixed_position_sensor_facing_light,included
2026-09-13T10:41:31+08:00,1814.1,505.9,0.5059,28.41,52.62,1014.44,717.5,61.5,sht20,bh1750,fixed_position_sensor_facing_light,included
2026-09-13T10:46:31+08:00,1816.0,506.6,0.5066,28.33,51.85,1014.46,718.3,60.5,sht20,bh1750,fixed_position_sensor_facing_light,included
2026-09-13T10:51:33+08:00,1818.4,504.6,0.5046,28.45,51.44,1014.53,723.3,61.5,sht20,bh1750,fixed_position_sensor_facing_light,included
2026-09-13T10:56:34+08:00,1815.8,507.2,0.5072,28.43,52.25,1014.5,720.0,62.5,sht20,bh1750,fixed_position_sensor_facing_light,included
2026-09-13T11:01:34+08:00,1818.5,505.9,0.5059,28.45,51.21,1014.38,727.5,62.5,sht20,bh1750,fixed_position_sensor_facing_light,included
2026-09-13T11:06:35+08:00,1820.5,506.3,0.5063,28.61,52.01,1014.24,718.3,61.5,sht20,bh1750,fixed_position_sensor_facing_light,included
2026-09-13T11:11:36+08:00,1814.3,506.0,0.506,29.19,53.45,1014.41,718.3,62.5,sht20,bh1750,fixed_position_sensor_facing_light,included
2026-09-13T11:16:37+08:00,1813.8,505.6,0.5056,29.42,55.48,1014.24,717.5,61.5,sht20,bh1750,fixed_position_sensor_facing_light,included
2026-09-13T11:21:37+08:00,1814.4,503.9,0.5039,29.59,56.05,1014.19,715.0,61.5,sht20,bh1750,fixed_position_sensor_facing_light,included
2026-09-13T11:26:38+08:00,1813.1,504.2,0.5042,29.73,57.06,1014.19,715.8,61.5,sht20,bh1750,fixed_position_sensor_facing_light,included
2026-09-13T11:31:38+08:00,1812.0,503.7,0.5037,29.83,57.63,1014.17,715.0,63.5,sht20,bh1750,fixed_position_sensor_facing_light,included
2026-09-13T11:36:39+08:00,1810.1,503.7,0.5037,29.91,58.26,1013.97,713.3,64.5,sht20,bh1750,fixed_position_sensor_facing_light,included
2026-09-13T11:41:39+08:00,1811.3,503.2,0.5032,30.04,58.64,1014.0,705.0,62.5,sht20,bh1750,fixed_position_sensor_facing_light,included
2026-09-13T11:46:40+08:00,1807.5,502.9,0.5029,30.17,58.61,1013.86,713.3,63.5,sht20,bh1750,fixed_position_sensor_facing_light,included
2026-09-13T11:51:41+08:00,1805.3,502.8,0.5028,30.19,59.01,1013.74,703.3,64.5,sht20,bh1750,fixed_position_sensor_facing_light,included
2026-09-13T11:56:42+08:00,1807.9,502.1,0.5021,30.31,59.65,1013.83,712.5,62.5,sht20,bh1750,fixed_position_sensor_facing_light,included
2026-09-13T12:01:42+08:00,1804.3,501.8,0.5018,30.38,60.22,1013.75,720.0,64.5,sht20,bh1750,fixed_position_sensor_facing_light,included
2026-09-13T12:06:42+08:00,1801.8,502.0,0.502,30.41,61.02,1013.66,712.5,62.5,sht20,bh1750,fixed_position_sensor_facing_light,included
2026-09-13T12:11:43+08:00,1805.6,501.5,0.5015,30.4,61.26,1013.57,712.5,62.5,sht20,bh1750,fixed_position_sensor_facing_light,included
2026-09-13T12:16:44+08:00,1801.8,501.0,0.501,30.46,61.41,1013.55,707.5,62.5,sht20,bh1750,fixed_position_sensor_facing_light,included
2026-09-13T12:21:44+08:00,1800.4,501.8,0.5018,30.64,61.05,1013.36,710.8,62.5,sht20,bh1750,fixed_position_sensor_facing_light,included
2026-09-13T12:26:44+08:00,1802.9,500.9,0.5009,30.67,61.87,1013.42,703.3,63.5,sht20,bh1750,fixed_position_sensor_facing_light,included
2026-09-13T12:31:45+08:00,1801.0,500.8,0.5008,30.62,62.15,1013.36,699.2,62.5,sht20,bh1750,fixed_position_sensor_facing_light,included
2026-09-13T12:36:46+08:00,1798.0,501.5,0.5015,30.77,61.72,1013.27,710.0,62.5,sht20,bh1750,fixed_position_sensor_facing_light,included
2026-09-13T12:41:46+08:00,1797.0,500.9,0.5009,30.79,62.11,1013.19,700.0,62.5,sht20,bh1750,fixed_position_sensor_facing_light,included
2026-09-13T12:46:46+08:00,1798.6,500.2,0.5002,30.82,62.21,1013.22,706.7,62.5,sht20,bh1750,fixed_position_sensor_facing_light,included
2026-09-13T12:51:47+08:00,1799.9,501.8,0.5018,30.78,62.47,1013.22,786.7,62.5,sht20,bh1750,fixed_position_sensor_facing_light,included
2026-09-13T12:56:48+08:00,1804.3,502.4,0.5024,30.95,62.92,1013.08,781.7,62.5,sht20,bh1750,fixed_position_sensor_facing_light,included
2026-09-13T13:01:49+08:00,1802.2,501.9,0.5019,30.97,63.57,1013.0,782.5,62.5,sht20,bh1750,fixed_position_sensor_facing_light,included
2026-09-13T13:06:50+08:00,1801.9,501.9,0.5019,30.91,65.01,1012.94,776.7,62.5,sht20,bh1750,fixed_position_sensor_facing_light,included
2026-09-13T13:11:50+08:00,1803.6,501.8,0.5018,30.08,56.79,1012.77,780.8,62.5,sht20,bh1750,fixed_position_sensor_facing_light,included
2026-09-13T13:16:51+08:00,1802.4,502.6,0.5026,29.67,54.55,1012.85,782.5,61.5,sht20,bh1750,fixed_position_sensor_facing_light,included
2026-09-13T13:21:51+08:00,1801.8,503.1,0.5031,29.63,54.52,1012.61,782.5,62.5,sht20,bh1750,fixed_position_sensor_facing_light,included
2026-09-13T13:26:52+08:00,1808.8,505.4,0.5054,29.54,54.46,1012.61,783.3,63.5,sht20,bh1750,fixed_position_sensor_facing_light,included
2026-09-13T13:31:53+08:00,1810.9,504.3,0.5043,29.59,53.68,1012.55,784.2,62.5,sht20,bh1750,fixed_position_sensor_facing_light,included
2026-09-13T13:36:54+08:00,1809.9,503.8,0.5038,29.49,53.36,1012.58,780.8,61.5,sht20,bh1750,fixed_position_sensor_facing_light,included
2026-09-13T13:41:54+08:00,1809.4,503.8,0.5038,29.38,53.96,1012.43,782.5,60.5,sht20,bh1750,fixed_position_sensor_facing_light,included
2026-09-13T13:46:55+08:00,1788.4,498.4,0.4984,29.38,53.92,1012.43,875.8,60.5,sht20,bh1750,fixed_position_sensor_facing_light,included
2026-09-13T13:51:55+08:00,1786.9,498.2,0.4982,29.36,53.42,1012.32,871.7,60.5,sht20,bh1750,fixed_position_sensor_facing_light,included
2026-09-13T13:56:56+08:00,1780.5,496.2,0.4962,29.54,52.22,1012.23,857.5,60.5,sht20,bh1750,fixed_position_sensor_facing_light,included
2026-09-13T14:01:56+08:00,1783.6,495.8,0.4958,29.63,52.1,1012.32,852.5,60.5,sht20,bh1750,fixed_position_sensor_facing_light,included
2026-09-13T14:06:57+08:00,1785.0,495.9,0.4959,29.78,50.35,1012.27,851.7,61.5,sht20,bh1750,fixed_position_sensor_facing_light,included
2026-09-13T14:11:58+08:00,1779.9,496.0,0.496,29.95,49.53,1012.22,859.2,63.5,sht20,bh1750,fixed_position_sensor_facing_light,included
2026-09-13T14:16:58+08:00,1780.6,495.3,0.4953,29.93,49.24,1012.13,851.7,63.5,sht20,bh1750,fixed_position_sensor_facing_light,included
2026-09-13T14:21:59+08:00,1779.2,497.1,0.4971,29.95,48.88,1012.1,859.2,64.5,sht20,bh1750,fixed_position_sensor_facing_light,included
2026-09-13T14:26:59+08:00,1715.4,477.4,0.4774,29.86,48.89,1012.07,189.2,62.5,sht20,bh1750,fixed_position_sensor_facing_light,included
2026-09-13T14:32:00+08:00,1709.3,475.6,0.4756,30.39,47.54,1012.02,223.3,62.5,sht20,bh1750,fixed_position_sensor_facing_light,included
2026-09-13T14:37:01+08:00,1711.7,476.2,0.4762,29.77,48.67,1011.92,260.8,61.5,sht20,bh1750,fixed_position_sensor_facing_light,included
2026-09-13T14:42:01+08:00,1717.3,477.1,0.4771,29.58,48.53,1011.94,255.0,61.5,sht20,bh1750,fixed_position_sensor_facing_light,included
2026-09-13T14:47:02+08:00,1744.1,485.3,0.4853,29.6,48.66,1011.89,598.3,62.5,sht20,bh1750,fixed_position_sensor_facing_light,included
2026-09-13T14:52:02+08:00,1744.4,486.0,0.486,29.65,47.76,1011.8,562.5,63.5,sht20,bh1750,fixed_position_sensor_facing_light,included
2026-09-13T14:57:04+08:00,1743.8,486.0,0.486,29.6,47.13,1011.8,561.7,62.5,sht20,bh1750,fixed_position_sensor_facing_light,included
2026-09-13T15:02:04+08:00,1750.8,487.2,0.4872,29.53,48.27,1011.97,569.2,61.5,sht20,bh1750,fixed_position_sensor_facing_light,included
2026-09-13T15:07:05+08:00,1752.9,487.6,0.4876,29.49,48.57,1011.94,561.7,61.5,sht20,bh1750,fixed_position_sensor_facing_light,included
2026-09-13T15:12:05+08:00,1750.9,488.0,0.488,29.5,48.1,1011.91,564.2,61.5,sht20,bh1750,fixed_position_sensor_facing_light,included
2026-09-13T15:17:06+08:00,1753.1,488.3,0.4883,29.47,48.76,1011.91,560.0,61.5,sht20,bh1750,fixed_position_sensor_facing_light,included
2026-09-13T15:22:07+08:00,1748.6,488.0,0.488,29.37,49.89,1011.97,566.7,60.5,sht20,bh1750,fixed_position_sensor_facing_light,included
2026-09-13T15:27:08+08:00,1755.3,488.7,0.4887,29.54,50.34,1011.94,559.2,61.5,sht20,bh1750,fixed_position_sensor_facing_light,included
2026-09-13T15:32:08+08:00,1608.7,448.1,0.4481,29.5,49.19,1011.97,119.2,61.5,sht20,bh1750,fixed_position_sensor_facing_light,included
2026-09-13T15:37:09+08:00,1755.0,489.8,0.4898,29.53,48.6,1012.0,554.2,61.5,sht20,bh1750,fixed_position_sensor_facing_light,included
2026-09-13T15:42:09+08:00,1755.2,488.8,0.4888,29.44,48.47,1012.03,557.5,60.5,sht20,bh1750,fixed_position_sensor_facing_light,included
2026-09-13T15:47:10+08:00,1759.4,489.5,0.4895,29.45,49.49,1012.11,556.7,61.5,sht20,bh1750,fixed_position_sensor_facing_light,included
2026-09-13T15:52:11+08:00,1755.0,488.2,0.4882,29.64,53.8,1012.29,556.7,62.5,sht20,bh1750,fixed_position_sensor_facing_light,included
2026-09-13T15:57:11+08:00,1754.1,488.9,0.4889,29.7,52.33,1012.32,555.8,63.5,sht20,bh1750,fixed_position_sensor_facing_light,included
2026-09-13T16:02:11+08:00,1756.1,488.1,0.4881,29.6,50.83,1012.29,556.7,62.5,sht20,bh1750,fixed_position_sensor_facing_light,included
2026-09-13T16:07:12+08:00,1754.7,488.5,0.4885,29.57,49.66,1012.41,556.7,63.5,sht20,bh1750,fixed_position_sensor_facing_light,included
2026-09-13T16:12:13+08:00,1756.6,489.3,0.4893,29.53,49.56,1012.46,551.7,61.5,sht20,bh1750,fixed_position_sensor_facing_light,included
2026-09-13T16:17:13+08:00,1756.6,488.6,0.4886,29.53,48.99,1012.55,556.7,61.5,sht20,bh1750,fixed_position_sensor_facing_light,included
2026-09-13T16:22:14+08:00,1756.6,489.5,0.4895,29.49,48.7,1012.52,557.5,62.5,sht20,bh1750,fixed_position_sensor_facing_light,included
2026-09-13T16:27:15+08:00,1752.5,489.7,0.4897,29.43,48.8,1012.66,557.5,63.5,sht20,bh1750,fixed_position_sensor_facing_light,included
2026-09-13T16:32:15+08:00,1753.9,490.5,0.4905,29.39,47.89,1012.52,557.5,62.5,sht20,bh1750,fixed_position_sensor_facing_light,included
2026-09-13T16:37:16+08:00,1757.6,489.6,0.4896,29.32,48.24,1012.57,557.5,61.5,sht20,bh1750,fixed_position_sensor_facing_light,included
2026-09-13T16:42:16+08:00,1754.4,490.9,0.4909,29.33,47.11,1012.66,549.2,60.5,sht20,bh1750,fixed_position_sensor_facing_light,included
2026-09-13T16:47:17+08:00,1755.5,489.4,0.4894,29.28,46.75,1012.63,556.7,62.5,sht20,bh1750,fixed_position_sensor_facing_light,included
2026-09-13T16:52:17+08:00,1761.7,489.9,0.4899,29.29,47.6,1012.66,557.5,63.5,sht20,bh1750,fixed_position_sensor_facing_light,included
2026-09-13T16:57:18+08:00,1758.4,488.9,0.4889,29.21,46.73,1012.69,561.7,63.5,sht20,bh1750,fixed_position_sensor_facing_light,included
2026-09-13T17:02:19+08:00,1758.3,491.3,0.4913,29.22,46.15,1012.66,557.5,63.5,sht20,bh1750,fixed_position_sensor_facing_light,included
2026-09-13T17:07:19+08:00,1765.2,489.9,0.4899,29.19,46.27,1012.74,556.7,63.5,sht20,bh1750,fixed_position_sensor_facing_light,included
2026-09-13T17:12:20+08:00,1759.2,491.4,0.4914,29.16,46.19,1012.86,555.8,61.5,sht20,bh1750,fixed_position_sensor_facing_light,included
2026-09-13T17:17:21+08:00,1757.5,492.4,0.4924,29.14,45.97,1013.03,557.5,60.5,sht20,bh1750,fixed_position_sensor_facing_light,included
2026-09-13T17:22:22+08:00,1757.4,490.1,0.4901,29.11,46.12,1012.94,564.2,60.5,sht20,bh1750,fixed_position_sensor_facing_light,included
2026-09-13T17:27:22+08:00,1766.9,489.7,0.4897,29.05,45.95,1013.14,549.2,60.5,sht20,bh1750,fixed_position_sensor_facing_light,included
2026-09-13T17:32:23+08:00,1766.0,490.3,0.4903,28.98,45.04,1013.13,555.0,60.5,sht20,bh1750,fixed_position_sensor_facing_light,included
2026-09-13T17:37:24+08:00,1760.3,491.0,0.491,29.0,45.66,1013.19,559.2,62.5,sht20,bh1750,fixed_position_sensor_facing_light,included
2026-09-13T17:42:25+08:00,1763.0,492.9,0.4929,28.94,44.64,1013.22,557.5,61.5,sht20,bh1750,fixed_position_sensor_facing_light,included
2026-09-13T17:47:25+08:00,1763.0,490.4,0.4904,28.95,44.83,1013.19,562.5,60.5,sht20,bh1750,fixed_position_sensor_facing_light,included
2026-09-13T17:52:26+08:00,1766.4,490.9,0.4909,28.87,45.26,1013.3,558.3,60.5,sht20,bh1750,fixed_position_sensor_facing_light,included
2026-09-13T17:57:26+08:00,1768.6,491.7,0.4917,28.87,45.63,1013.28,557.5,60.5,sht20,bh1750,fixed_position_sensor_facing_light,included
2026-09-13T18:02:27+08:00,1764.8,492.0,0.492,28.84,45.57,1013.33,562.5,60.5,sht20,bh1750,fixed_position_sensor_facing_light,included
2026-09-13T18:07:28+08:00,1763.3,490.1,0.4901,28.94,48.02,1013.51,557.5,62.5,sht20,bh1750,fixed_position_sensor_facing_light,included
2026-09-13T18:12:28+08:00,1769.2,492.3,0.4923,28.93,47.27,1013.59,556.7,62.5,sht20,bh1750,fixed_position_sensor_facing_light,included
2026-09-13T18:17:29+08:00,1765.9,492.0,0.492,28.95,46.69,1013.73,557.5,61.5,sht20,bh1750,fixed_position_sensor_facing_light,included
2026-09-13T18:22:30+08:00,1765.7,492.3,0.4923,28.93,46.41,1013.61,556.7,62.5,sht20,bh1750,fixed_position_sensor_facing_light,included
2026-09-13T18:27:31+08:00,1767.4,492.0,0.492,28.94,46.61,1013.82,556.7,61.5,sht20,bh1750,fixed_position_sensor_facing_light,included
2026-09-13T18:32:32+08:00,1773.1,493.0,0.493,28.95,46.56,1013.73,556.7,60.5,sht20,bh1750,fixed_position_sensor_facing_light,included
2026-09-13T18:37:32+08:00,1762.3,492.1,0.4921,28.94,45.53,1013.9,556.7,60.5,sht20,bh1750,fixed_position_sensor_facing_light,included
2026-09-13T18:42:33+08:00,1760.7,491.9,0.4919,28.93,45.96,1013.88,553.3,60.5,sht20,bh1750,fixed_position_sensor_facing_light,included
2026-09-13T18:47:34+08:00,1761.5,492.3,0.4923,28.93,45.44,1014.02,556.7,60.5,sht20,bh1750,fixed_position_sensor_facing_light,included
2026-09-13T18:52:34+08:00,1770.1,491.9,0.4919,28.93,45.8,1014.08,557.5,60.5,sht20,bh1750,fixed_position_sensor_facing_light,included
2026-09-13T18:57:35+08:00,1768.5,491.3,0.4913,28.89,45.75,1014.11,554.2,60.5,sht20,bh1750,fixed_position_sensor_facing_light,included
2026-09-13T19:02:35+08:00,1768.4,492.6,0.4926,28.91,45.38,1014.19,556.7,62.5,sht20,bh1750,fixed_position_sensor_facing_light,included
2026-09-13T19:07:36+08:00,1765.0,491.4,0.4914,28.89,45.06,1014.28,556.7,62.5,sht20,bh1750,fixed_position_sensor_facing_light,included
2026-09-13T19:12:36+08:00,1768.0,491.6,0.4916,28.92,47.33,1014.16,557.5,60.5,sht20,bh1750,fixed_position_sensor_facing_light,included
2026-09-13T19:17:37+08:00,1763.8,490.6,0.4906,29.16,52.66,1014.4,555.0,60.5,sht20,bh1750,fixed_position_sensor_facing_light,included
2026-09-13T19:22:38+08:00,1768.1,491.6,0.4916,29.17,53.69,1014.61,556.7,60.5,sht20,bh1750,fixed_position_sensor_facing_light,included
2026-09-13T19:27:38+08:00,1769.8,491.9,0.4919,29.15,51.71,1014.61,557.5,60.5,sht20,bh1750,fixed_position_sensor_facing_light,included
2026-09-13T19:32:39+08:00,1762.7,491.1,0.4911,29.11,49.35,1014.66,556.7,60.5,sht20,bh1750,fixed_position_sensor_facing_light,included
2026-09-13T19:37:39+08:00,1766.6,489.5,0.4895,29.11,49.37,1014.75,560.8,60.5,sht20,bh1750,fixed_position_sensor_facing_light,included
2026-09-13T19:42:40+08:00,1763.5,491.8,0.4918,29.08,49.07,1014.84,549.2,60.5,sht20,bh1750,fixed_position_sensor_facing_light,included
2026-09-13T19:47:40+08:00,1761.2,490.5,0.4905,29.08,48.44,1014.97,565.0,62.5,sht20,bh1750,fixed_position_sensor_facing_light,included
2026-09-13T19:52:41+08:00,1766.2,492.0,0.492,29.09,48.24,1014.97,556.7,62.5,sht20,bh1750,fixed_position_sensor_facing_light,included
2026-09-13T19:57:42+08:00,1764.1,491.9,0.4919,29.09,48.15,1015.14,555.8,62.5,sht20,bh1750,fixed_position_sensor_facing_light,included
2026-09-13T20:02:43+08:00,1767.9,490.7,0.4907,29.12,48.36,1015.17,556.7,62.5,sht20,bh1750,fixed_position_sensor_facing_light,included
2026-09-13T20:07:43+08:00,1760.6,491.2,0.4912,29.19,48.05,1015.32,565.0,63.5,sht20,bh1750,fixed_position_sensor_facing_light,included
2026-09-13T20:12:44+08:00,1763.4,489.8,0.4898,29.19,48.19,1015.41,552.5,63.5,sht20,bh1750,fixed_position_sensor_facing_light,included
2026-09-13T20:17:45+08:00,1761.1,489.9,0.4899,29.16,48.59,1015.49,564.2,63.5,sht20,bh1750,fixed_position_sensor_facing_light,included
2026-09-13T20:22:47+08:00,1763.0,491.0,0.491,29.23,48.08,1015.58,551.7,61.5,sht20,bh1750,fixed_position_sensor_facing_light,included
2026-09-13T20:27:48+08:00,1760.3,490.3,0.4902,29.21,48.15,1015.67,556.7,60.5,sht20,bh1750,fixed_position_sensor_facing_light,included
2026-09-13T20:32:48+08:00,1763.3,489.7,0.4897,29.2,48.02,1015.73,555.8,62.5,sht20,bh1750,fixed_position_sensor_facing_light,included
2026-09-13T20:37:49+08:00,1764.5,490.2,0.4902,29.2,46.99,1015.7,560.0,62.5,sht20,bh1750,fixed_position_sensor_facing_light,included
2026-09-13T20:42:50+08:00,1758.5,488.8,0.4888,29.28,46.96,1015.7,560.0,63.5,sht20,bh1750,fixed_position_sensor_facing_light,included
2026-09-13T20:47:50+08:00,1763.4,490.4,0.4904,29.27,47.17,1015.73,557.5,63.5,sht20,bh1750,fixed_position_sensor_facing_light,included
2026-09-13T20:52:51+08:00,1761.0,490.5,0.4905,29.28,46.86,1015.85,558.3,63.5,sht20,bh1750,fixed_position_sensor_facing_light,included
2026-09-13T20:57:52+08:00,1762.2,490.5,0.4905,29.3,48.05,1015.93,559.2,63.5,sht20,bh1750,fixed_position_sensor_facing_light,included
2026-09-13T21:02:53+08:00,1758.0,490.3,0.4903,29.29,47.46,1015.85,557.5,63.5,sht20,bh1750,fixed_position_sensor_facing_light,included
2026-09-13T21:07:53+08:00,1761.5,491.0,0.491,29.34,50.44,1015.76,557.5,63.5,sht20,bh1750,fixed_position_sensor_facing_light,included
2026-09-13T21:12:54+08:00,1758.7,490.3,0.4903,29.44,51.17,1015.91,560.8,63.5,sht20,bh1750,fixed_position_sensor_facing_light,included
2026-09-13T21:17:54+08:00,1758.8,490.7,0.4907,29.37,49.29,1015.91,559.2,62.5,sht20,bh1750,fixed_position_sensor_facing_light,included
2026-09-13T21:22:57+08:00,1759.5,489.8,0.4898,29.33,48.45,1015.7,556.7,61.5,sht20,bh1750,fixed_position_sensor_facing_light,included
2026-09-13T21:27:57+08:00,1758.7,490.1,0.4901,29.29,47.87,1015.82,557.5,62.5,sht20,bh1750,fixed_position_sensor_facing_light,included
2026-09-13T21:32:59+08:00,1757.1,490.2,0.4902,29.28,48.31,1015.93,560.0,61.5,sht20,bh1750,fixed_position_sensor_facing_light,included
2026-09-13T21:37:59+08:00,1759.5,490.3,0.4903,29.34,47.71,1015.76,565.8,61.5,sht20,bh1750,fixed_position_sensor_facing_light,included
2026-09-13T21:43:00+08:00,1756.5,490.3,0.4903,29.33,47.5,1015.76,561.7,61.5,sht20,bh1750,fixed_position_sensor_facing_light,included
2026-09-13T21:48:01+08:00,1760.5,490.4,0.4904,29.3,46.98,1015.82,558.3,60.5,sht20,bh1750,fixed_position_sensor_facing_light,included
2026-09-13T21:53:01+08:00,1759.9,490.3,0.4903,29.28,47.55,1015.67,555.0,62.5,sht20,bh1750,fixed_position_sensor_facing_light,included
2026-09-13T21:58:02+08:00,1760.3,489.6,0.4896,29.31,46.67,1015.56,558.3,61.5,sht20,bh1750,fixed_position_sensor_facing_light,included
2026-09-13T22:03:03+08:00,1764.3,489.5,0.4895,29.31,46.67,1015.59,558.3,61.5,sht20,bh1750,fixed_position_sensor_facing_light,included
2026-09-13T22:08:03+08:00,1762.6,490.2,0.4902,29.29,46.56,1015.59,557.5,61.5,sht20,bh1750,fixed_position_sensor_facing_light,included
2026-09-13T22:13:07+08:00,1761.5,489.4,0.4894,29.27,46.67,1015.5,557.5,62.5,sht20,bh1750,fixed_position_sensor_facing_light,included
2026-09-13T22:18:07+08:00,1755.4,489.7,0.4897,29.28,46.51,1015.32,557.5,63.5,sht20,bh1750,fixed_position_sensor_facing_light,included
2026-09-13T22:23:08+08:00,1760.1,490.6,0.4906,29.32,46.41,1015.24,557.5,61.5,sht20,bh1750,fixed_position_sensor_facing_light,included
2026-09-13T22:28:08+08:00,1754.1,490.7,0.4907,29.24,45.93,1015.35,557.5,60.5,sht20,bh1750,fixed_position_sensor_facing_light,included
2026-09-13T22:33:09+08:00,1763.9,490.2,0.4902,29.27,46.46,1015.32,556.7,60.5,sht20,bh1750,fixed_position_sensor_facing_light,included
2026-09-13T22:38:10+08:00,1759.4,489.1,0.4891,29.29,46.38,1015.18,550.8,60.5,sht20,bh1750,fixed_position_sensor_facing_light,included
2026-09-13T22:43:10+08:00,1758.9,490.6,0.4906,29.22,45.89,1015.32,557.5,60.5,sht20,bh1750,fixed_position_sensor_facing_light,included
2026-09-13T22:48:11+08:00,1756.8,490.3,0.4903,29.22,45.93,1015.38,560.8,60.5,sht20,bh1750,fixed_position_sensor_facing_light,included
2026-09-13T22:53:11+08:00,1758.3,490.4,0.4904,29.29,45.71,1015.47,558.3,62.5,sht20,bh1750,fixed_position_sensor_facing_light,included
2026-09-13T22:58:12+08:00,1755.5,489.4,0.4894,29.27,44.88,1015.47,564.2,61.5,sht20,bh1750,fixed_position_sensor_facing_light,included
2026-09-13T23:03:13+08:00,1757.2,491.2,0.4912,29.3,44.42,1015.56,556.7,62.5,sht20,bh1750,fixed_position_sensor_facing_light,included
2026-09-13T23:08:13+08:00,1757.1,489.5,0.4895,29.19,45.06,1015.52,559.2,61.5,sht20,bh1750,fixed_position_sensor_facing_light,included
2026-09-13T23:13:14+08:00,1761.2,490.3,0.4903,29.28,44.61,1015.47,555.0,60.5,sht20,bh1750,fixed_position_sensor_facing_light,included
2026-09-13T23:18:14+08:00,1753.6,489.6,0.4896,29.23,44.51,1015.47,555.8,60.5,sht20,bh1750,fixed_position_sensor_facing_light,included
2026-09-13T23:23:15+08:00,1762.9,490.4,0.4904,29.3,44.35,1015.41,555.0,60.5,sht20,bh1750,fixed_position_sensor_facing_light,included
2026-09-13T23:28:16+08:00,1761.2,489.9,0.4899,29.32,44.36,1015.38,555.8,60.5,sht20,bh1750,fixed_position_sensor_facing_light,included
2026-09-13T23:33:16+08:00,1755.6,490.5,0.4905,29.31,44.29,1015.35,557.5,62.5,sht20,bh1750,fixed_position_sensor_facing_light,included
2026-09-13T23:38:17+08:00,1759.0,489.7,0.4897,29.33,43.94,1015.36,555.0,63.5,sht20,bh1750,fixed_position_sensor_facing_light,included
2026-09-13T23:43:18+08:00,1760.0,489.7,0.4897,29.28,43.72,1015.61,554.2,61.5,sht20,bh1750,fixed_position_sensor_facing_light,included
2026-09-13T23:48:19+08:00,1757.1,489.1,0.4891,29.23,43.71,1015.5,556.7,61.5,sht20,bh1750,fixed_position_sensor_facing_light,included
2026-09-13T23:53:19+08:00,1761.2,491.3,0.4913,29.26,43.52,1015.44,556.7,62.5,sht20,bh1750,fixed_position_sensor_facing_light,included
2026-09-13T23:58:20+08:00,1761.6,489.9,0.4899,29.26,43.74,1015.41,556.7,63.5,sht20,bh1750,fixed_position_sensor_facing_light,included
2026-09-14T00:03:23+08:00,1759.1,490.0,0.49,29.21,43.13,1015.32,555.8,63.5,sht20,bh1750,fixed_position_sensor_facing_light,included
2026-09-14T00:08:23+08:00,1759.6,491.9,0.4919,29.14,43.85,1015.38,555.8,63.5,sht20,bh1750,fixed_position_sensor_facing_light,included
2026-09-14T00:13:24+08:00,1760.9,491.0,0.491,29.17,43.48,1015.38,555.8,61.5,sht20,bh1750,fixed_position_sensor_facing_light,included
2026-09-14T00:18:24+08:00,1762.1,490.5,0.4905,29.11,43.06,1015.43,555.8,61.5,sht20,bh1750,fixed_position_sensor_facing_light,included
2026-09-14T00:23:25+08:00,1758.8,489.8,0.4898,29.15,42.71,1015.35,547.5,60.5,sht20,bh1750,fixed_position_sensor_facing_light,included
2026-09-14T00:28:26+08:00,1760.0,490.7,0.4907,29.15,42.79,1015.43,556.7,60.5,sht20,bh1750,fixed_position_sensor_facing_light,included
2026-09-14T00:33:26+08:00,1753.5,491.0,0.491,29.04,43.19,1015.4,556.7,60.5,sht20,bh1750,fixed_position_sensor_facing_light,included
2026-09-14T00:38:27+08:00,1760.8,490.1,0.4901,29.04,43.76,1015.37,552.5,60.5,sht20,bh1750,fixed_position_sensor_facing_light,included
2026-09-14T00:43:27+08:00,1765.2,489.8,0.4898,29.01,42.84,1015.43,556.7,60.5,sht20,bh1750,fixed_position_sensor_facing_light,included
2026-09-14T00:48:28+08:00,1759.6,491.3,0.4913,28.94,42.95,1015.4,549.2,60.5,sht20,bh1750,fixed_position_sensor_facing_light,included
2026-09-14T00:53:29+08:00,1760.9,491.1,0.4911,28.9,42.29,1015.2,555.0,62.5,sht20,bh1750,fixed_position_sensor_facing_light,included
2026-09-14T00:58:29+08:00,1762.3,491.3,0.4913,28.86,42.3,1015.28,548.3,60.5,sht20,bh1750,fixed_position_sensor_facing_light,included
2026-09-14T01:03:30+08:00,1761.7,490.2,0.4902,28.79,42.74,1015.05,563.3,60.5,sht20,bh1750,fixed_position_sensor_facing_light,included
2026-09-14T01:08:31+08:00,1765.2,492.0,0.492,28.8,42.44,1015.14,555.8,60.5,sht20,bh1750,fixed_position_sensor_facing_light,included
2026-09-14T01:13:31+08:00,1773.8,492.3,0.4922,28.77,42.45,1015.16,555.8,60.5,sht20,bh1750,fixed_position_sensor_facing_light,included
2026-09-14T01:18:31+08:00,1765.6,491.0,0.491,28.72,42.9,1015.07,555.0,62.5,sht20,bh1750,fixed_position_sensor_facing_light,included
2026-09-14T01:23:32+08:00,1765.9,492.4,0.4924,28.7,42.52,1015.02,555.0,62.5,sht20,bh1750,fixed_position_sensor_facing_light,included
2026-09-14T01:28:33+08:00,1769.1,491.4,0.4914,28.69,42.43,1014.96,555.0,62.5,sht20,bh1750,fixed_position_sensor_facing_light,included
2026-09-14T01:33:33+08:00,1765.3,492.5,0.4925,28.63,42.55,1014.88,555.0,62.5,sht20,bh1750,fixed_position_sensor_facing_light,included
2026-09-14T01:38:34+08:00,1762.1,491.3,0.4913,28.63,42.22,1014.94,555.0,60.5,sht20,bh1750,fixed_position_sensor_facing_light,included
2026-09-14T01:43:35+08:00,1762.3,492.1,0.4921,28.67,42.13,1014.79,555.8,60.5,sht20,bh1750,fixed_position_sensor_facing_light,included
2026-09-14T01:48:35+08:00,1766.4,493.3,0.4933,28.62,41.87,1014.7,555.0,60.5,sht20,bh1750,fixed_position_sensor_facing_light,included
2026-09-14T01:53:36+08:00,1764.6,492.1,0.4921,28.58,42.2,1014.62,558.3,61.5,sht20,bh1750,fixed_position_sensor_facing_light,included
2026-09-14T01:58:36+08:00,1768.1,491.7,0.4917,28.56,42.0,1014.7,554.2,62.5,sht20,bh1750,fixed_position_sensor_facing_light,included
2026-09-14T02:03:37+08:00,1768.8,492.3,0.4923,28.55,42.16,1014.64,555.8,62.5,sht20,bh1750,fixed_position_sensor_facing_light,included
2026-09-14T02:08:37+08:00,1766.5,492.2,0.4922,28.54,42.08,1014.5,555.8,62.5,sht20,bh1750,fixed_position_sensor_facing_light,included
2026-09-14T02:13:38+08:00,1764.5,491.9,0.4919,28.5,41.95,1014.47,559.2,62.5,sht20,bh1750,fixed_position_sensor_facing_light,included
2026-09-14T02:18:39+08:00,1763.9,491.8,0.4918,28.48,42.72,1014.47,560.0,60.5,sht20,bh1750,fixed_position_sensor_facing_light,included
2026-09-14T02:23:39+08:00,1766.0,492.3,0.4923,28.54,42.52,1014.47,555.8,62.5,sht20,bh1750,fixed_position_sensor_facing_light,included
2026-09-14T02:28:40+08:00,1765.9,492.6,0.4926,28.48,42.71,1014.47,564.2,62.5,sht20,bh1750,fixed_position_sensor_facing_light,included
2026-09-14T02:33:41+08:00,1772.0,493.0,0.493,28.47,41.96,1014.32,555.0,62.5,sht20,bh1750,fixed_position_sensor_facing_light,included
2026-09-14T02:38:42+08:00,1769.4,493.8,0.4938,28.45,42.09,1014.38,555.0,60.5,sht20,bh1750,fixed_position_sensor_facing_light,included
2026-09-14T02:43:42+08:00,1771.5,494.2,0.4942,28.45,41.94,1014.29,555.8,59.5,sht20,bh1750,fixed_position_sensor_facing_light,included
2026-09-14T02:48:43+08:00,1774.3,493.2,0.4932,28.45,41.58,1014.5,555.0,61.5,sht20,bh1750,fixed_position_sensor_facing_light,included
2026-09-14T02:53:43+08:00,1771.3,492.4,0.4924,28.44,42.13,1014.44,550.0,62.5,sht20,bh1750,fixed_position_sensor_facing_light,included
2026-09-14T02:58:44+08:00,1771.8,494.3,0.4943,28.34,42.48,1014.23,554.2,60.5,sht20,bh1750,fixed_position_sensor_facing_light,included
2026-09-14T03:03:45+08:00,1773.3,493.6,0.4936,28.39,42.28,1014.38,554.2,61.5,sht20,bh1750,fixed_position_sensor_facing_light,included
2026-09-14T03:08:45+08:00,1772.0,492.7,0.4927,28.37,42.32,1014.35,554.2,62.5,sht20,bh1750,fixed_position_sensor_facing_light,included
2026-09-14T03:13:45+08:00,1770.9,494.4,0.4944,28.34,41.58,1014.26,555.8,62.5,sht20,bh1750,fixed_position_sensor_facing_light,included
2026-09-14T03:18:46+08:00,1772.0,493.7,0.4937,28.31,41.44,1014.23,555.0,60.5,sht20,bh1750,fixed_position_sensor_facing_light,included
2026-09-14T03:23:47+08:00,1771.7,493.9,0.4939,28.3,41.29,1014.2,555.0,59.5,sht20,bh1750,fixed_position_sensor_facing_light,included
2026-09-14T03:28:50+08:00,1771.2,495.0,0.495,28.32,41.39,1014.23,555.0,59.5,sht20,bh1750,fixed_position_sensor_facing_light,included
2026-09-14T03:33:51+08:00,1771.6,493.1,0.4931,28.3,41.39,1014.17,554.2,59.5,sht20,bh1750,fixed_position_sensor_facing_light,included
2026-09-14T03:38:54+08:00,1768.3,493.7,0.4937,28.29,40.68,1014.41,553.3,59.5,sht20,bh1750,fixed_position_sensor_facing_light,included
2026-09-14T03:43:55+08:00,1775.1,493.5,0.4935,28.29,41.13,1014.32,555.8,59.5,sht20,bh1750,fixed_position_sensor_facing_light,included
2026-09-14T03:48:55+08:00,1775.3,493.6,0.4936,28.27,40.94,1014.35,555.0,59.5,sht20,bh1750,fixed_position_sensor_facing_light,included
2026-09-14T03:53:57+08:00,1771.8,493.2,0.4932,28.29,41.16,1014.32,555.0,59.5,sht20,bh1750,fixed_position_sensor_facing_light,included
2026-09-14T03:58:57+08:00,1773.5,493.2,0.4932,28.26,41.24,1014.29,558.3,59.5,sht20,bh1750,fixed_position_sensor_facing_light,included
2026-09-14T04:03:58+08:00,1769.9,494.7,0.4947,28.21,41.39,1014.2,555.0,59.5,sht20,bh1750,fixed_position_sensor_facing_light,included
2026-09-14T04:08:58+08:00,1770.3,493.0,0.493,28.21,40.75,1014.26,555.0,61.5,sht20,bh1750,fixed_position_sensor_facing_light,included
2026-09-14T04:13:59+08:00,1770.8,492.7,0.4927,28.5,46.33,1014.18,555.8,60.5,sht20,bh1750,fixed_position_sensor_facing_light,included
2026-09-14T04:19:00+08:00,1765.0,493.0,0.493,28.69,48.35,1014.19,554.2,60.5,sht20,bh1750,fixed_position_sensor_facing_light,included
2026-09-14T04:24:01+08:00,1762.0,494.2,0.4942,28.8,50.35,1014.13,555.0,62.5,sht20,bh1750,fixed_position_sensor_facing_light,included
2026-09-14T04:29:01+08:00,1767.0,491.0,0.491,28.91,52.6,1014.31,550.8,62.5,sht20,bh1750,fixed_position_sensor_facing_light,included
2026-09-14T04:34:03+08:00,1765.4,491.6,0.4916,29.08,53.36,1014.2,554.2,62.5,sht20,bh1750,fixed_position_sensor_facing_light,included
2026-09-14T04:39:04+08:00,1764.0,490.2,0.4902,29.2,54.09,1014.2,550.0,61.5,sht20,bh1750,fixed_position_sensor_facing_light,included
2026-09-14T04:44:05+08:00,1764.7,491.2,0.4912,28.92,48.9,1014.31,555.0,62.5,sht20,bh1750,fixed_position_sensor_facing_light,included
2026-09-14T04:49:05+08:00,1766.1,490.7,0.4907,28.8,47.62,1014.22,555.0,62.5,sht20,bh1750,fixed_position_sensor_facing_light,included
2026-09-14T04:54:06+08:00,1765.3,491.3,0.4913,28.68,46.34,1014.39,554.2,62.5,sht20,bh1750,fixed_position_sensor_facing_light,included
2026-09-14T04:59:06+08:00,1768.9,491.1,0.4911,28.63,45.05,1014.3,555.8,60.5,sht20,bh1750,fixed_position_sensor_facing_light,included
2026-09-14T05:04:07+08:00,1767.6,492.2,0.4922,28.61,44.11,1014.04,555.0,60.5,sht20,bh1750,fixed_position_sensor_facing_light,included
2026-09-14T05:09:08+08:00,1766.2,491.9,0.4919,28.47,43.66,1014.06,547.5,61.5,sht20,bh1750,fixed_position_sensor_facing_light,included
2026-09-14T05:14:09+08:00,1769.8,492.4,0.4924,28.47,43.0,1014.09,555.8,60.5,sht20,bh1750,fixed_position_sensor_facing_light,included
2026-09-14T05:19:13+08:00,1768.4,494.5,0.4945,28.44,42.51,1014.24,555.0,61.5,sht20,bh1750,fixed_position_sensor_facing_light,included
2026-09-14T05:24:17+08:00,1768.2,492.7,0.4927,28.43,43.11,1014.18,555.8,62.5,sht20,bh1750,fixed_position_sensor_facing_light,included
2026-09-14T05:29:18+08:00,1770.2,494.7,0.4947,28.4,42.39,1014.06,556.7,60.5,sht20,bh1750,fixed_position_sensor_facing_light,included
2026-09-14T05:34:19+08:00,1767.9,494.3,0.4943,28.35,42.36,1013.97,548.3,59.5,sht20,bh1750,fixed_position_sensor_facing_light,included
2026-09-14T05:39:19+08:00,1768.3,492.3,0.4923,28.33,41.87,1014.06,557.5,59.5,sht20,bh1750,fixed_position_sensor_facing_light,included
2026-09-14T05:44:19+08:00,1772.6,493.4,0.4934,28.32,42.13,1014.15,555.0,61.5,sht20,bh1750,fixed_position_sensor_facing_light,included
2026-09-14T05:49:20+08:00,1767.0,492.7,0.4927,28.28,42.22,1014.06,563.3,62.5,sht20,bh1750,fixed_position_sensor_facing_light,included
2026-09-14T05:54:21+08:00,1766.6,494.0,0.494,28.2,41.26,1014.14,549.2,62.5,sht20,bh1750,fixed_position_sensor_facing_light,included
2026-09-14T05:59:22+08:00,1773.7,494.2,0.4942,28.37,44.8,1014.0,554.2,62.5,sht20,bh1750,fixed_position_sensor_facing_light,included
2026-09-14T06:04:23+08:00,1776.3,494.3,0.4943,28.64,47.86,1013.95,555.0,62.5,sht20,bh1750,fixed_position_sensor_facing_light,included
2026-09-14T06:09:24+08:00,1768.4,492.9,0.4929,28.75,51.75,1014.28,555.0,62.5,sht20,bh1750,fixed_position_sensor_facing_light,included
2026-09-14T06:14:24+08:00,1761.9,493.1,0.4931,28.89,53.42,1014.22,555.8,61.5,sht20,bh1750,fixed_position_sensor_facing_light,included
2026-09-14T06:19:25+08:00,1769.7,492.9,0.4929,29.0,55.84,1014.31,549.2,60.5,sht20,bh1750,fixed_position_sensor_facing_light,included
2026-09-14T06:24:25+08:00,1770.7,491.2,0.4912,29.09,56.41,1014.2,555.8,60.5,sht20,bh1750,fixed_position_sensor_facing_light,included
2026-09-14T06:29:26+08:00,1770.1,491.3,0.4913,29.22,56.91,1014.35,546.7,60.5,sht20,bh1750,fixed_position_sensor_facing_light,included
2026-09-14T06:34:27+08:00,1761.3,491.5,0.4915,28.9,51.5,1014.08,559.2,60.5,sht20,bh1750,fixed_position_sensor_facing_light,included
2026-09-14T06:39:28+08:00,1768.7,491.2,0.4912,28.85,49.34,1014.28,555.8,60.5,sht20,bh1750,fixed_position_sensor_facing_light,included
2026-09-14T06:44:28+08:00,1761.8,491.7,0.4917,28.7,48.29,1014.24,554.2,60.5,sht20,bh1750,fixed_position_sensor_facing_light,included
2026-09-14T06:49:29+08:00,1767.4,491.8,0.4918,28.65,46.97,1014.21,555.0,61.5,sht20,bh1750,fixed_position_sensor_facing_light,included
2026-09-14T06:54:30+08:00,1771.6,493.9,0.4939,28.56,46.67,1014.24,554.2,60.5,sht20,bh1750,fixed_position_sensor_facing_light,included
2026-09-14T06:59:30+08:00,1763.8,491.3,0.4913,28.52,45.96,1014.18,560.0,60.5,sht20,bh1750,fixed_position_sensor_facing_light,included
2026-09-14T07:04:31+08:00,1771.1,493.0,0.493,28.57,45.54,1014.39,554.2,60.5,sht20,bh1750,fixed_position_sensor_facing_light,included
2026-09-14T07:09:35+08:00,1771.0,493.6,0.4936,28.47,45.06,1014.32,555.0,61.5,sht20,bh1750,fixed_position_sensor_facing_light,included
2026-09-14T07:14:35+08:00,1770.6,494.0,0.494,28.41,45.24,1014.35,555.8,60.5,sht20,bh1750,fixed_position_sensor_facing_light,included
2026-09-14T07:19:36+08:00,1769.2,492.3,0.4923,28.34,44.92,1014.35,561.7,59.5,sht20,bh1750,fixed_position_sensor_facing_light,included
2026-09-14T07:24:36+08:00,1771.2,493.5,0.4935,28.34,45.3,1014.44,557.5,59.5,sht20,bh1750,fixed_position_sensor_facing_light,included
2026-09-14T07:29:37+08:00,1768.3,493.3,0.4933,28.31,45.39,1014.26,558.3,61.5,sht20,bh1750,fixed_position_sensor_facing_light,included
2026-09-14T07:34:37+08:00,1772.3,494.1,0.4941,28.29,45.89,1014.4,555.8,62.5,sht20,bh1750,fixed_position_sensor_facing_light,included
2026-09-14T07:39:38+08:00,1773.8,494.2,0.4942,28.26,45.1,1014.38,554.2,62.5,sht20,bh1750,fixed_position_sensor_facing_light,included
2026-09-14T07:44:38+08:00,1775.7,493.9,0.4939,28.2,45.45,1014.49,558.3,62.5,sht20,bh1750,fixed_position_sensor_facing_light,included
2026-09-14T07:49:39+08:00,1773.5,494.1,0.4941,28.18,45.65,1014.43,558.3,62.5,sht20,bh1750,fixed_position_sensor_facing_light,included
2026-09-14T07:54:40+08:00,1777.8,494.2,0.4942,28.19,45.38,1014.46,552.5,62.5,sht20,bh1750,fixed_position_sensor_facing_light,included
2026-09-14T07:59:40+08:00,1775.5,494.6,0.4946,28.14,44.82,1014.28,557.5,60.5,sht20,bh1750,fixed_position_sensor_facing_light,included
2026-09-14T08:04:41+08:00,1771.7,494.0,0.494,28.16,45.38,1014.37,559.2,59.5,sht20,bh1750,fixed_position_sensor_facing_light,included
2026-09-14T08:09:42+08:00,1779.0,495.2,0.4952,28.15,45.68,1014.49,559.2,59.5,sht20,bh1750,fixed_position_sensor_facing_light,included
2026-09-14T08:14:42+08:00,1772.9,496.8,0.4968,28.14,45.65,1014.34,557.5,61.5,sht20,bh1750,fixed_position_sensor_facing_light,included
2026-09-14T08:19:42+08:00,1777.3,494.6,0.4946,28.16,45.62,1014.4,559.2,61.5,sht20,bh1750,fixed_position_sensor_facing_light,included
2026-09-14T08:24:43+08:00,1776.6,494.3,0.4943,28.19,45.64,1014.17,560.8,59.5,sht20,bh1750,fixed_position_sensor_facing_light,included
2026-09-14T08:29:44+08:00,1772.0,494.3,0.4943,28.2,45.88,1014.23,560.8,59.5,sht20,bh1750,fixed_position_sensor_facing_light,included
2026-09-14T08:34:44+08:00,1773.6,494.8,0.4948,28.2,46.11,1014.29,561.7,59.5,sht20,bh1750,fixed_position_sensor_facing_light,included
2026-09-14T08:39:45+08:00,1774.5,495.5,0.4955,28.17,45.61,1014.26,562.5,59.5,sht20,bh1750,fixed_position_sensor_facing_light,included
2026-09-14T08:44:45+08:00,1776.0,495.3,0.4953,28.2,45.12,1014.37,562.5,59.5,sht20,bh1750,fixed_position_sensor_facing_light,included
2026-09-14T08:49:46+08:00,1777.1,494.4,0.4944,28.19,45.45,1014.37,563.3,59.5,sht20,bh1750,fixed_position_sensor_facing_light,included
2026-09-14T08:54:47+08:00,1775.3,494.0,0.494,28.19,45.32,1014.37,564.2,59.5,sht20,bh1750,fixed_position_sensor_facing_light,included
2026-09-14T08:59:47+08:00,1775.8,494.3,0.4942,28.16,45.42,1014.43,571.7,59.5,sht20,bh1750,fixed_position_sensor_facing_light,included
2026-09-14T09:04:48+08:00,1777.0,494.4,0.4944,28.16,44.63,1014.52,557.5,59.5,sht20,bh1750,fixed_position_sensor_facing_light,included
2026-09-14T09:09:48+08:00,1776.1,494.7,0.4947,28.15,44.07,1014.46,565.8,59.5,sht20,bh1750,fixed_position_sensor_facing_light,included
2026-09-14T09:14:49+08:00,1779.6,494.6,0.4946,28.13,44.35,1014.43,556.7,59.5,sht20,bh1750,fixed_position_sensor_facing_light,included
2026-09-14T09:19:49+08:00,1771.4,495.2,0.4952,28.11,44.04,1014.54,550.0,61.5,sht20,bh1750,fixed_position_sensor_facing_light,included
2026-09-14T09:24:50+08:00,1776.4,496.5,0.4965,28.09,43.76,1014.72,556.7,59.5,sht20,bh1750,fixed_position_sensor_facing_light,included
2026-09-14T09:29:51+08:00,1774.6,494.5,0.4945,28.02,42.78,1014.66,562.5,59.5,sht20,bh1750,fixed_position_sensor_facing_light,included
2026-09-14T09:34:51+08:00,1779.3,495.3,0.4952,28.04,43.28,1014.54,573.3,61.5,sht20,bh1750,fixed_position_sensor_facing_light,included
2026-09-14T09:39:52+08:00,1775.1,496.7,0.4967,28.04,43.66,1014.57,566.7,59.5,sht20,bh1750,fixed_position_sensor_facing_light,included
2026-09-14T09:44:52+08:00,1778.0,495.8,0.4958,28.02,43.69,1014.6,565.8,61.5,sht20,bh1750,fixed_position_sensor_facing_light,included
2026-09-14T09:49:53+08:00,1778.8,494.6,0.4946,28.01,43.29,1014.6,566.7,62.5,sht20,bh1750,fixed_position_sensor_facing_light,included
2026-09-14T09:54:53+08:00,1779.9,495.2,0.4952,28.0,43.44,1014.69,563.3,62.5,sht20,bh1750,fixed_position_sensor_facing_light,included
2026-09-14T09:59:54+08:00,1779.2,494.8,0.4948,28.09,43.22,1014.69,564.2,62.5,sht20,bh1750,fixed_position_sensor_facing_light,included
2026-09-14T10:04:54+08:00,1775.6,494.3,0.4943,28.0,43.19,1014.57,567.5,62.5,sht20,bh1750,fixed_position_sensor_facing_light,included
2026-09-14T10:09:55+08:00,1778.7,494.9,0.4949,28.04,44.28,1014.51,570.0,62.5,sht20,bh1750,fixed_position_sensor_facing_light,included
2026-09-14T10:14:56+08:00,1776.8,494.6,0.4946,28.18,47.44,1014.72,561.7,62.5,sht20,bh1750,fixed_position_sensor_facing_light,included
2026-09-14T10:19:56+08:00,1780.5,494.6,0.4946,28.19,46.15,1014.61,574.2,60.5,sht20,bh1750,fixed_position_sensor_facing_light,included
2026-09-14T10:24:57+08:00,1776.8,495.3,0.4953,28.12,46.54,1014.37,566.7,59.5,sht20,bh1750,fixed_position_sensor_facing_light,included
2026-09-14T10:29:57+08:00,1777.4,494.9,0.4949,28.13,45.77,1014.23,560.8,59.5,sht20,bh1750,fixed_position_sensor_facing_light,included
2026-09-14T10:34:58+08:00,1781.7,495.4,0.4954,28.13,45.49,1014.26,564.2,59.5,sht20,bh1750,fixed_position_sensor_facing_light,included
2026-09-14T10:39:59+08:00,1777.7,495.8,0.4958,28.13,45.31,1014.11,565.0,59.5,sht20,bh1750,fixed_position_sensor_facing_light,included
2026-09-14T10:44:59+08:00,1774.1,496.8,0.4968,28.12,44.17,1013.94,565.0,59.5,sht20,bh1750,fixed_position_sensor_facing_light,included
2026-09-14T10:50:00+08:00,1777.4,495.0,0.495,28.1,44.2,1013.85,566.7,61.5,sht20,bh1750,fixed_position_sensor_facing_light,included
2026-09-14T10:55:00+08:00,1775.7,494.7,0.4947,28.1,44.57,1013.79,570.0,59.5,sht20,bh1750,fixed_position_sensor_facing_light,included
2026-09-14T11:00:01+08:00,1774.1,494.2,0.4942,28.05,44.12,1013.82,565.0,59.5,sht20,bh1750,fixed_position_sensor_facing_light,included
2026-09-14T11:05:01+08:00,1780.3,495.7,0.4957,28.03,43.36,1013.7,565.8,59.5,sht20,bh1750,fixed_position_sensor_facing_light,included
2026-09-14T11:10:02+08:00,1779.6,494.6,0.4946,28.26,46.61,1013.62,564.2,59.5,sht20,bh1750,fixed_position_sensor_facing_light,included
2026-09-14T11:15:03+08:00,1777.0,495.1,0.4951,28.41,47.71,1013.47,564.2,59.5,sht20,bh1750,fixed_position_sensor_facing_light,included
2026-09-14T11:20:06+08:00,1768.1,493.7,0.4937,28.4,46.14,1013.49,555.8,59.5,sht20,bh1750,fixed_position_sensor_facing_light,included
2026-09-14T11:25:07+08:00,1773.0,493.2,0.4932,28.25,45.83,1013.31,562.5,61.5,sht20,bh1750,fixed_position_sensor_facing_light,included
2026-09-14T11:30:08+08:00,1777.1,493.4,0.4934,28.23,45.09,1013.31,562.5,60.5,sht20,bh1750,fixed_position_sensor_facing_light,included
2026-09-14T11:35:09+08:00,1771.2,495.0,0.495,28.21,44.77,1013.29,562.5,59.5,sht20,bh1750,fixed_position_sensor_facing_light,included
2026-09-14T11:40:10+08:00,1775.8,494.2,0.4942,28.17,43.97,1013.2,562.5,59.5,sht20,bh1750,fixed_position_sensor_facing_light,included
2026-09-14T11:45:11+08:00,1777.6,493.2,0.4933,28.18,44.32,1013.14,560.8,59.5,sht20,bh1750,fixed_position_sensor_facing_light,included
2026-09-14T11:50:12+08:00,1774.0,494.0,0.494,28.14,44.33,1013.03,552.5,61.5,sht20,bh1750,fixed_position_sensor_facing_light,included
2026-09-14T11:55:12+08:00,1778.1,494.4,0.4944,28.12,43.85,1013.11,560.0,62.5,sht20,bh1750,fixed_position_sensor_facing_light,included
2026-09-14T12:00:13+08:00,1777.7,495.1,0.4951,28.18,43.71,1012.92,560.8,62.5,sht20,bh1750,fixed_position_sensor_facing_light,included
2026-09-14T12:05:13+08:00,1773.4,494.4,0.4944,28.17,43.42,1012.86,557.5,62.5,sht20,bh1750,fixed_position_sensor_facing_light,included
2026-09-14T12:10:14+08:00,1780.0,494.5,0.4945,28.16,43.6,1012.74,559.2,62.5,sht20,bh1750,fixed_position_sensor_facing_light,included
2026-09-14T12:15:15+08:00,1770.9,494.1,0.4941,28.17,43.55,1012.63,557.5,60.5,sht20,bh1750,fixed_position_sensor_facing_light,included
2026-09-14T12:20:15+08:00,1777.8,494.5,0.4945,28.15,43.14,1012.51,559.2,61.5,sht20,bh1750,fixed_position_sensor_facing_light,included
2026-09-14T12:25:15+08:00,1777.0,494.0,0.494,28.13,43.21,1012.45,558.3,62.5,sht20,bh1750,fixed_position_sensor_facing_light,included
2026-09-14T12:30:16+08:00,1779.3,494.7,0.4947,28.11,42.84,1012.25,557.5,62.5,sht20,bh1750,fixed_position_sensor_facing_light,included
2026-09-14T12:35:17+08:00,1776.1,495.3,0.4953,28.09,42.68,1012.22,557.5,60.5,sht20,bh1750,fixed_position_sensor_facing_light,included
2026-09-14T12:40:17+08:00,1776.5,494.1,0.4941,28.15,43.24,1012.17,555.8,61.5,sht20,bh1750,fixed_position_sensor_facing_light,included
2026-09-14T12:45:17+08:00,1772.1,494.5,0.4945,28.11,43.52,1012.08,557.5,60.5,sht20,bh1750,fixed_position_sensor_facing_light,included
2026-09-14T12:50:18+08:00,1776.2,495.8,0.4958,28.16,42.89,1012.11,556.7,59.5,sht20,bh1750,fixed_position_sensor_facing_light,included
2026-09-14T12:55:19+08:00,1771.5,493.7,0.4937,28.17,42.9,1012.28,556.7,59.5,sht20,bh1750,fixed_position_sensor_facing_light,included
2026-09-14T13:00:19+08:00,1776.6,493.8,0.4938,28.45,46.19,1012.35,548.3,61.5,sht20,bh1750,fixed_position_sensor_facing_light,included
2026-09-14T13:05:20+08:00,1770.3,493.0,0.493,28.32,44.49,1012.26,556.7,61.5,sht20,bh1750,fixed_position_sensor_facing_light,included
2026-09-14T13:10:20+08:00,1773.8,494.2,0.4942,28.26,43.26,1012.23,556.7,62.5,sht20,bh1750,fixed_position_sensor_facing_light,included
2026-09-14T13:15:21+08:00,1768.0,494.2,0.4942,28.2,43.42,1012.31,564.2,62.5,sht20,bh1750,fixed_position_sensor_facing_light,included
2026-09-14T13:20:21+08:00,1766.7,494.0,0.494,28.19,43.56,1012.08,557.5,60.5,sht20,bh1750,fixed_position_sensor_facing_light,included
2026-09-14T13:25:22+08:00,1777.2,494.5,0.4945,28.24,43.76,1012.0,553.3,61.5,sht20,bh1750,fixed_position_sensor_facing_light,included
2026-09-14T13:30:22+08:00,1779.5,495.3,0.4952,28.2,43.32,1012.08,558.3,62.5,sht20,bh1750,fixed_position_sensor_facing_light,included
2026-09-14T13:35:23+08:00,1773.0,494.6,0.4946,28.25,43.42,1012.02,558.3,62.5,sht20,bh1750,fixed_position_sensor_facing_light,included
2026-09-14T13:40:23+08:00,1774.2,494.3,0.4943,28.23,42.81,1011.91,551.7,62.5,sht20,bh1750,fixed_position_sensor_facing_light,included
2026-09-14T13:45:24+08:00,1777.0,495.0,0.495,28.25,44.56,1011.79,559.2,62.5,sht20,bh1750,fixed_position_sensor_facing_light,included
2026-09-14T13:50:24+08:00,1778.9,494.3,0.4943,28.28,45.57,1011.82,557.5,62.5,sht20,bh1750,fixed_position_sensor_facing_light,included
2026-09-14T13:55:25+08:00,1776.4,494.8,0.4948,28.31,45.96,1011.77,559.2,62.5,sht20,bh1750,fixed_position_sensor_facing_light,included
2026-09-14T14:00:26+08:00,1770.9,493.9,0.4939,28.3,46.64,1012.0,563.3,60.5,sht20,bh1750,fixed_position_sensor_facing_light,included
2026-09-14T14:05:26+08:00,1773.0,495.3,0.4953,28.39,46.86,1011.77,558.3,60.5,sht20,bh1750,fixed_position_sensor_facing_light,included
2026-09-14T14:10:27+08:00,1774.3,495.0,0.495,28.39,46.72,1011.8,557.5,59.5,sht20,bh1750,fixed_position_sensor_facing_light,included
2026-09-14T14:15:28+08:00,1774.0,493.3,0.4933,28.56,48.6,1011.86,565.8,59.5,sht20,bh1750,fixed_position_sensor_facing_light,included
2026-09-14T14:20:28+08:00,1773.0,493.7,0.4937,28.8,50.56,1011.95,552.5,60.5,sht20,bh1750,fixed_position_sensor_facing_light,included
2026-09-14T14:25:29+08:00,1765.4,492.6,0.4926,28.7,48.1,1012.01,557.5,60.5,sht20,bh1750,fixed_position_sensor_facing_light,included
2026-09-14T14:30:29+08:00,1771.0,493.6,0.4936,28.52,46.27,1011.92,562.5,60.5,sht20,bh1750,fixed_position_sensor_facing_light,included
2026-09-14T14:35:30+08:00,1768.3,492.6,0.4926,28.57,47.59,1012.0,556.7,59.5,sht20,bh1750,fixed_position_sensor_facing_light,included
2026-09-14T14:40:30+08:00,1764.3,493.0,0.493,28.58,47.41,1011.8,556.7,61.5,sht20,bh1750,fixed_position_sensor_facing_light,included
2026-09-14T14:45:31+08:00,1772.9,494.0,0.494,28.6,47.66,1011.83,555.0,62.5,sht20,bh1750,fixed_position_sensor_facing_light,included
2026-09-14T14:50:31+08:00,1773.0,492.9,0.4929,28.59,47.65,1011.95,563.3,60.5,sht20,bh1750,fixed_position_sensor_facing_light,included
2026-09-14T14:55:32+08:00,1771.0,494.4,0.4944,28.6,47.01,1011.89,555.8,62.5,sht20,bh1750,fixed_position_sensor_facing_light,included
2026-09-14T15:00:33+08:00,1774.2,492.6,0.4926,28.6,46.44,1011.89,559.2,60.5,sht20,bh1750,fixed_position_sensor_facing_light,included
2026-09-14T15:05:33+08:00,1763.1,492.0,0.492,28.62,46.59,1011.77,560.0,62.5,sht20,bh1750,fixed_position_sensor_facing_light,included
2026-09-14T15:10:34+08:00,1773.4,491.2,0.4912,28.61,46.83,1011.72,555.8,62.5,sht20,bh1750,fixed_position_sensor_facing_light,included
2026-09-14T15:15:34+08:00,1767.1,493.8,0.4938,28.67,46.78,1011.75,555.8,62.5,sht20,bh1750,fixed_position_sensor_facing_light,included
2026-09-14T15:20:35+08:00,1769.0,492.5,0.4925,28.68,46.61,1011.61,554.2,62.5,sht20,bh1750,fixed_position_sensor_facing_light,included
2026-09-14T15:25:35+08:00,1772.3,494.3,0.4942,28.59,46.35,1011.64,555.0,62.5,sht20,bh1750,fixed_position_sensor_facing_light,included
2026-09-14T15:30:36+08:00,1766.7,492.8,0.4928,28.6,45.83,1011.58,548.3,62.5,sht20,bh1750,fixed_position_sensor_facing_light,included
2026-09-14T15:35:36+08:00,1766.4,491.3,0.4913,28.54,45.99,1011.64,561.7,60.5,sht20,bh1750,fixed_position_sensor_facing_light,included
2026-09-14T15:40:37+08:00,1767.4,492.2,0.4922,28.57,46.0,1011.69,560.0,60.5,sht20,bh1750,fixed_position_sensor_facing_light,included
2026-09-14T15:45:37+08:00,1765.2,491.5,0.4915,28.56,46.25,1011.86,563.3,60.5,sht20,bh1750,fixed_position_sensor_facing_light,included
2026-09-14T15:50:38+08:00,1773.2,492.2,0.4922,28.57,45.96,1011.89,556.7,59.5,sht20,bh1750,fixed_position_sensor_facing_light,included
2026-09-14T15:55:39+08:00,1768.2,491.0,0.491,28.52,45.64,1011.92,554.2,59.5,sht20,bh1750,fixed_position_sensor_facing_light,included
2026-09-14T16:00:39+08:00,1768.8,492.4,0.4924,28.54,46.41,1011.95,555.0,59.5,sht20,bh1750,fixed_position_sensor_facing_light,included
2026-09-14T16:05:40+08:00,1775.5,494.4,0.4944,28.57,45.9,1011.98,555.0,59.5,sht20,bh1750,fixed_position_sensor_facing_light,included
2026-09-14T16:10:40+08:00,1770.7,492.3,0.4923,28.54,46.3,1012.12,547.5,59.5,sht20,bh1750,fixed_position_sensor_facing_light,included
2026-09-14T16:15:41+08:00,1771.4,493.4,0.4934,28.56,46.68,1011.97,546.7,59.5,sht20,bh1750,fixed_position_sensor_facing_light,included
2026-09-14T16:20:42+08:00,1771.9,493.5,0.4935,28.5,45.99,1011.86,548.3,59.5,sht20,bh1750,fixed_position_sensor_facing_light,included
2026-09-14T16:25:42+08:00,1772.7,493.3,0.4933,28.46,45.52,1011.71,555.0,59.5,sht20,bh1750,fixed_position_sensor_facing_light,included
2026-09-14T16:30:43+08:00,1767.0,493.2,0.4932,28.49,45.8,1011.83,555.0,59.5,sht20,bh1750,fixed_position_sensor_facing_light,included
2026-09-14T16:35:44+08:00,1771.8,495.0,0.495,28.53,45.83,1011.92,549.2,59.5,sht20,bh1750,fixed_position_sensor_facing_light,included
2026-09-14T16:40:44+08:00,1769.4,494.4,0.4944,28.5,45.03,1012.09,553.3,59.5,sht20,bh1750,fixed_position_sensor_facing_light,included
2026-09-14T16:45:45+08:00,1766.3,492.8,0.4928,28.52,46.55,1012.15,554.2,59.5,sht20,bh1750,fixed_position_sensor_facing_light,included
2026-09-14T16:50:45+08:00,1767.4,491.5,0.4915,28.52,45.96,1012.2,555.0,59.5,sht20,bh1750,fixed_position_sensor_facing_light,included
2026-09-14T16:55:46+08:00,1774.4,492.0,0.492,28.54,46.31,1012.38,550.0,61.5,sht20,bh1750,fixed_position_sensor_facing_light,included
2026-09-14T17:00:47+08:00,1774.3,493.0,0.493,28.58,46.37,1012.61,546.7,62.5,sht20,bh1750,fixed_position_sensor_facing_light,included
2026-09-14T17:05:47+08:00,1770.8,493.7,0.4937,28.59,47.2,1012.73,554.2,60.5,sht20,bh1750,fixed_position_sensor_facing_light,included
2026-09-14T17:10:48+08:00,1768.0,492.3,0.4923,28.54,46.83,1012.7,562.5,60.5,sht20,bh1750,fixed_position_sensor_facing_light,included
2026-09-14T17:15:48+08:00,1771.8,493.3,0.4933,28.56,46.71,1012.78,555.8,60.5,sht20,bh1750,fixed_position_sensor_facing_light,included
2026-09-14T17:20:49+08:00,1771.7,492.4,0.4924,28.58,47.72,1012.73,555.8,62.5,sht20,bh1750,fixed_position_sensor_facing_light,included
2026-09-14T17:25:49+08:00,1769.9,493.1,0.4931,28.58,47.17,1012.9,550.0,62.5,sht20,bh1750,fixed_position_sensor_facing_light,included
2026-09-14T17:30:50+08:00,1767.4,492.5,0.4925,28.58,47.64,1013.06,560.8,62.5,sht20,bh1750,fixed_position_sensor_facing_light,included
2026-09-14T17:35:50+08:00,1766.6,492.5,0.4925,28.53,47.28,1013.06,550.8,60.5,sht20,bh1750,fixed_position_sensor_facing_light,included
2026-09-14T17:40:51+08:00,1768.8,492.5,0.4925,28.52,46.21,1012.78,555.0,62.5,sht20,bh1750,fixed_position_sensor_facing_light,included
2026-09-14T17:45:51+08:00,1770.2,492.7,0.4927,28.49,46.06,1012.84,547.5,60.5,sht20,bh1750,fixed_position_sensor_facing_light,included
2026-09-14T17:50:53+08:00,1768.1,493.6,0.4936,28.52,46.06,1012.93,548.3,59.5,sht20,bh1750,fixed_position_sensor_facing_light,included
2026-09-14T17:55:53+08:00,1769.2,492.2,0.4922,28.58,48.18,1012.99,560.8,60.5,sht20,bh1750,fixed_position_sensor_facing_light,included
2026-09-14T18:00:56+08:00,1770.7,492.2,0.4922,28.63,48.27,1013.21,555.0,61.5,sht20,bh1750,fixed_position_sensor_facing_light,included
2026-09-14T18:05:57+08:00,1769.4,492.5,0.4925,28.6,48.98,1013.15,555.0,62.5,sht20,bh1750,fixed_position_sensor_facing_light,included
2026-09-14T18:10:57+08:00,1766.6,492.5,0.4925,28.63,50.21,1013.12,548.3,62.5,sht20,bh1750,fixed_position_sensor_facing_light,included
2026-09-14T18:16:00+08:00,1770.3,492.0,0.492,28.65,49.54,1013.21,548.3,60.5,sht20,bh1750,fixed_position_sensor_facing_light,included
2026-09-14T18:21:01+08:00,1769.8,492.2,0.4922,28.65,50.56,1013.33,555.0,62.5,sht20,bh1750,fixed_position_sensor_facing_light,included
2026-09-14T18:26:02+08:00,1766.2,492.1,0.4921,28.58,46.98,1013.35,556.7,60.5,sht20,bh1750,fixed_position_sensor_facing_light,included
2026-09-14T18:31:03+08:00,1771.0,492.3,0.4923,28.55,45.73,1013.44,555.0,60.5,sht20,bh1750,fixed_position_sensor_facing_light,included
2026-09-14T18:36:03+08:00,1771.0,493.1,0.4931,28.56,45.89,1013.38,555.0,62.5,sht20,bh1750,fixed_position_sensor_facing_light,included
2026-09-14T18:41:06+08:00,1766.0,493.8,0.4938,28.53,45.07,1013.47,555.0,62.5,sht20,bh1750,fixed_position_sensor_facing_light,included
2026-09-14T18:46:07+08:00,1769.8,492.3,0.4923,28.49,44.66,1013.63,555.8,62.5,sht20,bh1750,fixed_position_sensor_facing_light,included
2026-09-14T18:51:07+08:00,1772.3,493.8,0.4938,28.47,44.58,1013.57,555.0,60.5,sht20,bh1750,fixed_position_sensor_facing_light,included
2026-09-14T18:56:08+08:00,1770.3,493.2,0.4933,28.44,43.77,1013.77,554.2,60.5,sht20,bh1750,fixed_position_sensor_facing_light,included
2026-09-14T19:01:08+08:00,1772.5,494.7,0.4947,28.41,43.45,1014.0,555.0,59.5,sht20,bh1750,fixed_position_sensor_facing_light,included
2026-09-14T19:06:09+08:00,1769.5,493.8,0.4938,28.43,43.16,1014.03,556.7,61.5,sht20,bh1750,fixed_position_sensor_facing_light,included
2026-09-14T19:11:09+08:00,1774.9,492.9,0.4929,28.37,43.12,1013.83,549.2,60.5,sht20,bh1750,fixed_position_sensor_facing_light,included
2026-09-14T19:16:10+08:00,1769.8,494.2,0.4942,28.34,42.38,1013.83,555.8,62.5,sht20,bh1750,fixed_position_sensor_facing_light,included
2026-09-14T19:21:10+08:00,1773.3,493.7,0.4937,28.33,42.61,1013.97,552.5,62.5,sht20,bh1750,fixed_position_sensor_facing_light,included
2026-09-14T19:26:11+08:00,1773.8,492.0,0.492,28.31,42.77,1013.86,553.3,60.5,sht20,bh1750,fixed_position_sensor_facing_light,included
2026-09-14T19:31:11+08:00,1774.3,494.2,0.4942,28.3,42.57,1013.86,564.2,59.5,sht20,bh1750,fixed_position_sensor_facing_light,included
2026-09-14T19:36:12+08:00,1776.4,493.2,0.4933,28.27,42.1,1013.94,555.8,59.5,sht20,bh1750,fixed_position_sensor_facing_light,included
2026-09-14T19:41:13+08:00,1775.0,495.7,0.4957,28.25,41.87,1014.09,555.0,59.5,sht20,bh1750,fixed_position_sensor_facing_light,included
2026-09-14T19:46:13+08:00,1770.7,493.4,0.4934,28.23,41.98,1013.97,558.3,59.5,sht20,bh1750,fixed_position_sensor_facing_light,included
2026-09-14T19:51:14+08:00,1776.5,494.3,0.4943,28.21,42.26,1014.0,554.2,59.5,sht20,bh1750,fixed_position_sensor_facing_light,included
2026-09-14T19:56:14+08:00,1773.3,494.7,0.4947,28.23,41.39,1014.14,555.0,59.5,sht20,bh1750,fixed_position_sensor_facing_light,included
2026-09-14T20:01:15+08:00,1774.0,494.1,0.4941,28.16,41.47,1014.2,555.8,59.5,sht20,bh1750,fixed_position_sensor_facing_light,included
2026-09-14T20:06:15+08:00,1777.2,494.3,0.4943,28.15,41.28,1014.23,547.5,61.5,sht20,bh1750,fixed_position_sensor_facing_light,included
2026-09-14T20:11:16+08:00,1775.5,494.4,0.4944,28.16,41.68,1014.31,553.3,62.5,sht20,bh1750,fixed_position_sensor_facing_light,included
2026-09-14T20:16:16+08:00,1778.9,494.8,0.4948,28.14,40.99,1014.31,555.8,62.5,sht20,bh1750,fixed_position_sensor_facing_light,included
2026-09-14T20:21:17+08:00,1775.2,494.2,0.4942,28.25,41.6,1014.4,555.8,62.5,sht20,bh1750,fixed_position_sensor_facing_light,included
2026-09-14T20:26:17+08:00,1773.4,494.8,0.4948,28.27,41.23,1014.52,560.8,62.5,sht20,bh1750,fixed_position_sensor_facing_light,included
2026-09-14T20:31:18+08:00,1775.1,494.5,0.4945,28.26,41.05,1014.43,547.5,60.5,sht20,bh1750,fixed_position_sensor_facing_light,included
2026-09-14T20:36:19+08:00,1772.9,493.7,0.4937,28.28,41.03,1014.49,555.8,61.5,sht20,bh1750,fixed_position_sensor_facing_light,included
2026-09-14T20:41:20+08:00,1773.6,493.4,0.4934,28.35,42.02,1014.58,555.8,62.5,sht20,bh1750,fixed_position_sensor_facing_light,included
2026-09-14T20:46:21+08:00,1766.0,493.5,0.4935,28.86,42.9,1014.6,555.0,62.5,sht20,bh1750,fixed_position_sensor_facing_light,included
2026-09-14T20:51:22+08:00,1773.3,493.6,0.4936,29.13,43.84,1014.55,554.2,63.5,sht20,bh1750,fixed_position_sensor_facing_light,included
2026-09-14T20:56:23+08:00,1769.2,492.9,0.4929,29.27,44.8,1014.61,555.0,63.5,sht20,bh1750,fixed_position_sensor_facing_light,included
2026-09-14T21:01:24+08:00,1764.2,491.0,0.491,29.41,45.01,1014.59,546.7,63.5,sht20,bh1750,fixed_position_sensor_facing_light,included
2026-09-14T21:06:24+08:00,1758.2,491.4,0.4914,29.52,45.38,1014.71,546.7,64.5,sht20,bh1750,fixed_position_sensor_facing_light,included
2026-09-14T21:11:25+08:00,1762.5,491.0,0.491,29.61,46.41,1014.74,555.0,64.5,sht20,bh1750,fixed_position_sensor_facing_light,included
2026-09-14T21:16:27+08:00,1761.5,490.5,0.4905,29.72,47.7,1014.68,555.8,62.5,sht20,bh1750,fixed_position_sensor_facing_light,included
2026-09-14T21:21:28+08:00,1754.9,490.1,0.4901,29.79,48.41,1014.77,554.2,62.5,sht20,bh1750,fixed_position_sensor_facing_light,included
2026-09-14T21:26:29+08:00,1757.7,487.9,0.4879,29.89,49.24,1014.66,555.0,62.5,sht20,bh1750,fixed_position_sensor_facing_light,included
2026-09-14T21:31:29+08:00,1755.9,487.9,0.4879,29.95,49.87,1014.86,551.7,62.5,sht20,bh1750,fixed_position_sensor_facing_light,included
2026-09-14T21:36:30+08:00,1754.0,488.8,0.4888,30.03,50.5,1014.81,555.8,62.5,sht20,bh1750,fixed_position_sensor_facing_light,included
2026-09-14T21:41:30+08:00,1750.2,488.0,0.488,30.08,50.69,1014.7,560.0,63.5,sht20,bh1750,fixed_position_sensor_facing_light,included
2026-09-14T21:46:31+08:00,1750.4,486.5,0.4865,30.15,51.46,1014.81,555.8,64.5,sht20,bh1750,fixed_position_sensor_facing_light,included
2026-09-14T21:51:32+08:00,1753.1,487.6,0.4876,30.22,51.89,1014.79,555.0,64.5,sht20,bh1750,fixed_position_sensor_facing_light,included
2026-09-14T21:56:32+08:00,1752.5,486.9,0.4869,30.26,52.82,1014.93,556.7,64.5,sht20,bh1750,fixed_position_sensor_facing_light,included
2026-09-14T22:01:32+08:00,1746.1,488.0,0.488,30.34,53.11,1014.96,558.3,64.5,sht20,bh1750,fixed_position_sensor_facing_light,included
2026-09-14T22:06:33+08:00,1748.3,486.0,0.486,30.37,53.34,1014.99,557.5,62.5,sht20,bh1750,fixed_position_sensor_facing_light,included
2026-09-14T22:11:35+08:00,1750.1,487.9,0.4879,30.41,53.24,1014.99,557.5,62.5,sht20,bh1750,fixed_position_sensor_facing_light,included
2026-09-14T22:16:35+08:00,1748.6,485.8,0.4858,30.48,53.08,1014.99,552.5,64.5,sht20,bh1750,fixed_position_sensor_facing_light,included
2026-09-14T22:21:36+08:00,1745.7,486.2,0.4862,30.51,53.56,1014.99,547.5,62.5,sht20,bh1750,fixed_position_sensor_facing_light,included
2026-09-14T22:26:36+08:00,1746.6,486.5,0.4865,30.53,54.1,1015.05,555.8,62.5,sht20,bh1750,fixed_position_sensor_facing_light,included
2026-09-14T22:31:37+08:00,1743.7,486.3,0.4863,30.56,54.19,1014.91,557.5,64.5,sht20,bh1750,fixed_position_sensor_facing_light,included
2026-09-14T22:36:38+08:00,1745.6,486.0,0.486,30.57,54.6,1014.91,557.5,62.5,sht20,bh1750,fixed_position_sensor_facing_light,included
2026-09-14T22:41:38+08:00,1748.6,485.9,0.4859,30.66,54.56,1014.96,556.7,62.5,sht20,bh1750,fixed_position_sensor_facing_light,included
2026-09-14T22:46:39+08:00,1745.6,485.8,0.4858,30.66,55.14,1014.89,561.7,64.5,sht20,bh1750,fixed_position_sensor_facing_light,included
2026-09-14T22:51:39+08:00,1745.6,486.0,0.486,30.71,55.23,1014.8,555.8,62.5,sht20,bh1750,fixed_position_sensor_facing_light,included
2026-09-14T22:56:43+08:00,1741.9,485.8,0.4858,30.72,55.36,1014.69,558.3,62.5,sht20,bh1750,fixed_position_sensor_facing_light,included
2026-09-14T23:01:43+08:00,1744.2,485.1,0.4851,30.53,52.39,1014.68,555.0,62.5,sht20,bh1750,fixed_position_sensor_facing_light,included
2026-09-14T23:06:56+08:00,1745.5,487.3,0.4873,30.33,50.01,1014.61,556.7,62.5,sht20,bh1750,fixed_position_sensor_facing_light,included
2026-09-14T23:11:56+08:00,1750.7,487.2,0.4872,30.1,48.36,1014.55,557.5,62.5,sht20,bh1750,fixed_position_sensor_facing_light,included
2026-09-14T23:16:57+08:00,1748.1,488.0,0.488,30.0,46.66,1014.52,550.8,61.5,sht20,bh1750,fixed_position_sensor_facing_light,included
2026-09-14T23:21:57+08:00,1752.4,488.4,0.4884,29.85,46.67,1014.48,548.3,61.5,sht20,bh1750,fixed_position_sensor_facing_light,included
2026-09-14T23:26:58+08:00,1749.3,486.2,0.4862,29.72,45.44,1014.45,563.3,61.5,sht20,bh1750,fixed_position_sensor_facing_light,included
2026-09-14T23:31:59+08:00,1749.6,488.0,0.488,29.64,44.71,1014.45,555.8,61.5,sht20,bh1750,fixed_position_sensor_facing_light,included
2026-09-14T23:36:59+08:00,1754.0,489.5,0.4895,29.49,44.28,1014.38,557.5,61.5,sht20,bh1750,fixed_position_sensor_facing_light,included
2026-09-14T23:42:00+08:00,1753.3,488.1,0.4881,29.46,43.55,1014.09,566.7,60.5,sht20,bh1750,fixed_position_sensor_facing_light,included
2026-09-14T23:47:03+08:00,1758.6,489.9,0.4899,29.39,42.84,1014.18,552.5,60.5,sht20,bh1750,fixed_position_sensor_facing_light,included
2026-09-14T23:52:03+08:00,1758.2,490.0,0.49,29.24,42.12,1014.17,558.3,60.5,sht20,bh1750,fixed_position_sensor_facing_light,included
2026-09-14T23:57:04+08:00,1763.0,489.3,0.4893,29.15,41.73,1014.2,564.2,60.5,sht20,bh1750,fixed_position_sensor_facing_light,included
2026-09-15T00:02:04+08:00,1765.1,491.5,0.4915,29.06,42.0,1014.31,557.5,60.5,sht20,bh1750,fixed_position_sensor_facing_light,included
2026-09-15T00:07:05+08:00,1767.1,491.5,0.4915,28.99,41.1,1014.22,557.5,60.5,sht20,bh1750,fixed_position_sensor_facing_light,included
2026-09-15T00:12:06+08:00,1767.4,491.5,0.4915,28.91,41.65,1014.25,559.2,60.5,sht20,bh1750,fixed_position_sensor_facing_light,included
2026-09-15T00:17:07+08:00,1766.4,492.0,0.492,28.86,41.55,1014.31,557.5,62.5,sht20,bh1750,fixed_position_sensor_facing_light,included
2026-09-15T00:22:07+08:00,1767.4,491.6,0.4916,28.8,41.2,1014.36,558.3,60.5,sht20,bh1750,fixed_position_sensor_facing_light,included
2026-09-15T00:27:08+08:00,1771.9,493.1,0.4931,28.7,40.91,1014.3,557.5,62.5,sht20,bh1750,fixed_position_sensor_facing_light,included
2026-09-15T00:32:08+08:00,1774.6,492.4,0.4924,28.69,40.62,1014.27,556.7,60.5,sht20,bh1750,fixed_position_sensor_facing_light,included
2026-09-15T00:37:09+08:00,1773.2,492.2,0.4922,28.64,41.17,1014.18,559.2,59.5,sht20,bh1750,fixed_position_sensor_facing_light,included
2026-09-15T00:42:10+08:00,1772.6,492.3,0.4922,28.59,40.39,1014.27,557.5,61.5,sht20,bh1750,fixed_position_sensor_facing_light,included
2026-09-15T00:47:10+08:00,1770.2,493.9,0.4939,28.54,39.96,1014.18,557.5,62.5,sht20,bh1750,fixed_position_sensor_facing_light,included
2026-09-15T00:52:10+08:00,1772.3,492.4,0.4924,28.47,40.75,1014.06,552.5,62.5,sht20,bh1750,fixed_position_sensor_facing_light,included
2026-09-15T00:57:11+08:00,1771.9,493.9,0.4939,28.46,40.89,1014.03,556.7,62.5,sht20,bh1750,fixed_position_sensor_facing_light,included
2026-09-15T01:02:12+08:00,1772.7,494.4,0.4944,28.4,40.9,1014.03,558.3,62.5,sht20,bh1750,fixed_position_sensor_facing_light,included
2026-09-15T01:07:12+08:00,1772.8,494.3,0.4943,28.35,40.57,1013.92,560.0,60.5,sht20,bh1750,fixed_position_sensor_facing_light,included
2026-09-15T01:12:13+08:00,1773.4,493.4,0.4934,28.35,40.68,1013.94,548.3,61.5,sht20,bh1750,fixed_position_sensor_facing_light,included
2026-09-15T01:17:13+08:00,1776.5,494.4,0.4944,28.33,40.68,1013.74,557.5,62.5,sht20,bh1750,fixed_position_sensor_facing_light,included
2026-09-15T01:22:14+08:00,1775.0,494.7,0.4947,28.27,40.85,1013.88,565.8,62.5,sht20,bh1750,fixed_position_sensor_facing_light,included
2026-09-15T01:27:14+08:00,1770.8,494.1,0.4941,28.23,40.74,1013.85,562.5,62.5,sht20,bh1750,fixed_position_sensor_facing_light,included
2026-09-15T01:32:16+08:00,1776.0,494.3,0.4943,28.19,40.9,1013.82,563.3,62.5,sht20,bh1750,fixed_position_sensor_facing_light,included
2026-09-15T01:37:16+08:00,1775.3,493.6,0.4936,28.38,45.22,1013.83,557.5,62.5,sht20,bh1750,fixed_position_sensor_facing_light,included
2026-09-15T01:42:17+08:00,1773.0,493.9,0.4939,28.72,49.78,1013.84,562.5,60.5,sht20,bh1750,fixed_position_sensor_facing_light,included
2026-09-15T01:47:17+08:00,1769.6,493.8,0.4938,28.87,52.04,1013.93,557.5,62.5,sht20,bh1750,fixed_position_sensor_facing_light,included
2026-09-15T01:52:18+08:00,1770.8,493.8,0.4938,29.03,53.36,1013.82,557.5,61.5,sht20,bh1750,fixed_position_sensor_facing_light,included
2026-09-15T01:57:19+08:00,1768.0,492.4,0.4924,29.17,55.07,1013.8,557.5,60.5,sht20,bh1750,fixed_position_sensor_facing_light,included
2026-09-15T02:02:19+08:00,1766.9,491.8,0.4918,29.28,56.01,1013.83,557.5,61.5,sht20,bh1750,fixed_position_sensor_facing_light,included
2026-09-15T02:07:20+08:00,1767.8,492.0,0.492,28.97,49.46,1013.76,549.2,60.5,sht20,bh1750,fixed_position_sensor_facing_light,included
2026-09-15T02:12:21+08:00,1768.6,492.4,0.4924,28.83,47.92,1013.76,556.7,60.5,sht20,bh1750,fixed_position_sensor_facing_light,included
2026-09-15T02:17:22+08:00,1765.8,493.3,0.4933,28.64,46.83,1013.61,550.8,59.5,sht20,bh1750,fixed_position_sensor_facing_light,included
2026-09-15T02:22:22+08:00,1774.3,493.3,0.4933,28.59,45.96,1013.63,557.5,61.5,sht20,bh1750,fixed_position_sensor_facing_light,included
2026-09-15T02:27:23+08:00,1767.6,493.8,0.4938,28.57,45.51,1013.69,557.5,60.5,sht20,bh1750,fixed_position_sensor_facing_light,included
2026-09-15T02:32:23+08:00,1771.4,494.0,0.494,28.46,44.6,1013.6,557.5,59.5,sht20,bh1750,fixed_position_sensor_facing_light,included
2026-09-15T02:37:24+08:00,1771.1,493.9,0.4939,28.42,44.22,1013.66,557.5,59.5,sht20,bh1750,fixed_position_sensor_facing_light,included
2026-09-15T02:42:24+08:00,1773.4,494.1,0.4941,28.37,43.03,1013.66,565.0,59.5,sht20,bh1750,fixed_position_sensor_facing_light,included
2026-09-15T02:47:25+08:00,1773.1,494.2,0.4942,28.31,43.2,1013.43,557.5,61.5,sht20,bh1750,fixed_position_sensor_facing_light,included
2026-09-15T02:52:26+08:00,1772.0,493.7,0.4937,28.3,43.12,1013.46,556.7,59.5,sht20,bh1750,fixed_position_sensor_facing_light,included
2026-09-15T02:57:26+08:00,1773.5,494.1,0.4941,28.29,42.33,1013.52,557.5,61.5,sht20,bh1750,fixed_position_sensor_facing_light,included
2026-09-15T03:02:27+08:00,1778.6,494.8,0.4947,28.25,42.41,1013.65,565.0,62.5,sht20,bh1750,fixed_position_sensor_facing_light,included
2026-09-15T03:07:27+08:00,1774.5,495.4,0.4954,28.49,47.72,1013.66,557.5,62.5,sht20,bh1750,fixed_position_sensor_facing_light,included
2026-09-15T03:12:28+08:00,1774.4,493.9,0.4939,28.72,50.31,1013.7,565.8,62.5,sht20,bh1750,fixed_position_sensor_facing_light,included
2026-09-15T03:17:29+08:00,1769.5,492.4,0.4924,28.82,52.61,1013.64,557.5,62.5,sht20,bh1750,fixed_position_sensor_facing_light,included
2026-09-15T03:22:29+08:00,1768.3,493.4,0.4934,29.01,54.54,1013.62,557.5,62.5,sht20,bh1750,fixed_position_sensor_facing_light,included
2026-09-15T03:27:30+08:00,1769.7,492.2,0.4922,29.11,56.94,1013.79,557.5,62.5,sht20,bh1750,fixed_position_sensor_facing_light,included
2026-09-15T03:32:30+08:00,1769.6,492.1,0.4921,29.21,57.79,1013.83,549.2,61.5,sht20,bh1750,fixed_position_sensor_facing_light,included
2026-09-15T03:37:31+08:00,1768.9,492.2,0.4922,29.0,51.72,1013.82,549.2,62.5,sht20,bh1750,fixed_position_sensor_facing_light,included
2026-09-15T03:42:32+08:00,1765.3,492.0,0.492,28.77,49.5,1013.78,557.5,61.5,sht20,bh1750,fixed_position_sensor_facing_light,included
2026-09-15T03:47:32+08:00,1768.5,492.5,0.4925,28.65,47.7,1013.72,553.3,60.5,sht20,bh1750,fixed_position_sensor_facing_light,included
2026-09-15T03:52:33+08:00,1769.1,493.4,0.4934,28.56,45.96,1013.78,557.5,62.5,sht20,bh1750,fixed_position_sensor_facing_light,included
2026-09-15T03:57:34+08:00,1776.7,493.6,0.4936,28.5,44.93,1013.63,556.7,60.5,sht20,bh1750,fixed_position_sensor_facing_light,included
2026-09-15T04:02:35+08:00,1769.8,494.7,0.4947,28.44,44.62,1013.83,558.3,61.5,sht20,bh1750,fixed_position_sensor_facing_light,included
2026-09-15T04:07:35+08:00,1773.8,493.5,0.4935,28.41,44.63,1013.8,556.7,62.5,sht20,bh1750,fixed_position_sensor_facing_light,included
2026-09-15T04:12:36+08:00,1775.8,493.6,0.4936,28.39,44.18,1013.74,556.7,62.5,sht20,bh1750,fixed_position_sensor_facing_light,included
2026-09-15T04:17:37+08:00,1773.1,493.8,0.4938,28.35,43.39,1013.6,557.5,62.5,sht20,bh1750,fixed_position_sensor_facing_light,included
2026-09-15T04:22:37+08:00,1775.2,493.0,0.493,28.31,43.0,1013.52,549.2,60.5,sht20,bh1750,fixed_position_sensor_facing_light,included
2026-09-15T04:27:37+08:00,1770.9,493.8,0.4938,28.25,42.97,1013.52,560.0,61.5,sht20,bh1750,fixed_position_sensor_facing_light,included
2026-09-15T04:32:38+08:00,1776.0,495.0,0.495,28.21,41.98,1013.49,559.2,61.5,sht20,bh1750,fixed_position_sensor_facing_light,included
2026-09-15T04:37:39+08:00,1779.4,494.7,0.4947,28.2,41.84,1013.56,556.7,59.5,sht20,bh1750,fixed_position_sensor_facing_light,included
2026-09-15T04:42:40+08:00,1778.6,494.5,0.4945,28.4,46.41,1013.52,556.7,59.5,sht20,bh1750,fixed_position_sensor_facing_light,included
2026-09-15T04:47:41+08:00,1775.4,494.4,0.4944,28.61,50.21,1013.66,549.2,59.5,sht20,bh1750,fixed_position_sensor_facing_light,included
2026-09-15T04:52:41+08:00,1775.8,493.1,0.4931,28.8,51.02,1013.7,557.5,59.5,sht20,bh1750,fixed_position_sensor_facing_light,included
2026-09-15T04:57:42+08:00,1768.8,493.5,0.4935,28.92,53.44,1013.67,564.2,60.5,sht20,bh1750,fixed_position_sensor_facing_light,included
2026-09-15T05:02:43+08:00,1768.5,493.7,0.4937,29.02,55.1,1013.73,554.2,60.5,sht20,bh1750,fixed_position_sensor_facing_light,included
2026-09-15T05:07:43+08:00,1769.9,492.2,0.4922,29.15,55.17,1013.77,550.8,60.5,sht20,bh1750,fixed_position_sensor_facing_light,included
2026-09-15T05:12:44+08:00,1765.8,492.5,0.4925,29.24,56.74,1013.89,556.7,62.5,sht20,bh1750,fixed_position_sensor_facing_light,included
2026-09-15T05:17:44+08:00,1762.6,492.5,0.4925,29.02,50.37,1013.94,556.7,61.5,sht20,bh1750,fixed_position_sensor_facing_light,included
2026-09-15T05:22:45+08:00,1768.2,493.4,0.4934,28.76,48.98,1013.78,555.8,60.5,sht20,bh1750,fixed_position_sensor_facing_light,included
2026-09-15T05:27:46+08:00,1772.7,494.2,0.4942,28.6,47.66,1013.95,556.7,61.5,sht20,bh1750,fixed_position_sensor_facing_light,included
2026-09-15T05:32:46+08:00,1770.8,492.0,0.492,28.53,46.16,1013.78,560.0,60.5,sht20,bh1750,fixed_position_sensor_facing_light,included
2026-09-15T05:37:47+08:00,1773.4,492.7,0.4927,28.46,45.55,1013.86,558.3,59.5,sht20,bh1750,fixed_position_sensor_facing_light,included
2026-09-15T05:42:47+08:00,1775.1,493.1,0.4931,28.39,44.43,1013.77,557.5,59.5,sht20,bh1750,fixed_position_sensor_facing_light,included
2026-09-15T05:47:48+08:00,1775.4,494.1,0.4941,28.31,43.8,1013.83,557.5,59.5,sht20,bh1750,fixed_position_sensor_facing_light,included
2026-09-15T05:52:49+08:00,1774.7,494.8,0.4947,28.26,43.46,1013.77,556.7,61.5,sht20,bh1750,fixed_position_sensor_facing_light,included
2026-09-15T05:57:49+08:00,1774.3,494.5,0.4945,28.23,42.31,1013.8,556.7,59.5,sht20,bh1750,fixed_position_sensor_facing_light,included
2026-09-15T06:02:50+08:00,1773.4,495.1,0.4951,28.21,42.0,1013.74,557.5,59.5,sht20,bh1750,fixed_position_sensor_facing_light,included
2026-09-15T06:07:50+08:00,1775.8,494.0,0.494,28.4,46.79,1013.8,561.7,59.5,sht20,bh1750,fixed_position_sensor_facing_light,included
2026-09-15T06:12:51+08:00,1774.2,494.9,0.4949,28.64,50.13,1013.78,563.3,59.5,sht20,bh1750,fixed_position_sensor_facing_light,included
2026-09-15T06:17:51+08:00,1772.0,493.4,0.4934,28.76,51.74,1013.76,555.8,60.5,sht20,bh1750,fixed_position_sensor_facing_light,included
2026-09-15T06:22:52+08:00,1770.9,494.3,0.4943,28.88,53.06,1013.85,557.5,60.5,sht20,bh1750,fixed_position_sensor_facing_light,included
2026-09-15T06:27:53+08:00,1768.9,492.9,0.4929,28.99,55.76,1013.91,561.7,60.5,sht20,bh1750,fixed_position_sensor_facing_light,included
2026-09-15T06:32:53+08:00,1766.3,491.3,0.4913,29.08,57.9,1013.97,565.0,60.5,sht20,bh1750,fixed_position_sensor_facing_light,included
2026-09-15T06:37:54+08:00,1768.0,491.5,0.4915,29.13,55.97,1014.03,562.5,60.5,sht20,bh1750,fixed_position_sensor_facing_light,included
2026-09-15T06:42:55+08:00,1766.7,492.7,0.4927,28.77,51.39,1014.07,549.2,60.5,sht20,bh1750,fixed_position_sensor_facing_light,included
2026-09-15T06:47:55+08:00,1771.5,492.6,0.4926,28.67,48.41,1014.04,557.5,59.5,sht20,bh1750,fixed_position_sensor_facing_light,included
2026-09-15T06:52:56+08:00,1772.4,493.0,0.493,28.52,47.38,1014.3,554.2,59.5,sht20,bh1750,fixed_position_sensor_facing_light,included
2026-09-15T06:57:56+08:00,1775.7,492.7,0.4927,28.45,45.77,1014.18,556.7,59.5,sht20,bh1750,fixed_position_sensor_facing_light,included
2026-09-15T07:02:57+08:00,1778.4,494.1,0.4941,28.4,45.53,1014.21,561.7,59.5,sht20,bh1750,fixed_position_sensor_facing_light,included
2026-09-15T07:07:57+08:00,1773.7,494.1,0.4941,28.3,44.5,1014.35,551.7,59.5,sht20,bh1750,fixed_position_sensor_facing_light,included
2026-09-15T07:12:58+08:00,1777.5,494.5,0.4945,28.61,50.91,1014.44,557.5,59.5,sht20,bh1750,fixed_position_sensor_facing_light,included
2026-09-15T07:17:59+08:00,1775.8,493.7,0.4937,28.79,53.39,1014.42,554.2,61.5,sht20,bh1750,fixed_position_sensor_facing_light,included
2026-09-15T07:22:59+08:00,1770.0,493.1,0.4931,28.9,55.0,1014.48,548.3,60.5,sht20,bh1750,fixed_position_sensor_facing_light,included
2026-09-15T07:28:03+08:00,1774.1,494.2,0.4942,29.01,56.29,1014.72,557.5,62.5,sht20,bh1750,fixed_position_sensor_facing_light,included
2026-09-15T07:33:04+08:00,1765.4,492.3,0.4923,29.11,57.7,1014.75,557.5,61.5,sht20,bh1750,fixed_position_sensor_facing_light,included
2026-09-15T07:38:05+08:00,1767.3,491.9,0.4919,29.18,58.61,1014.67,561.7,60.5,sht20,bh1750,fixed_position_sensor_facing_light,included
2026-09-15T07:43:05+08:00,1765.0,492.3,0.4923,29.03,53.57,1014.63,560.8,60.5,sht20,bh1750,fixed_position_sensor_facing_light,included
2026-09-15T07:48:06+08:00,1771.3,492.8,0.4928,28.77,50.59,1014.74,555.8,60.5,sht20,bh1750,fixed_position_sensor_facing_light,included
2026-09-15T07:53:06+08:00,1770.9,492.5,0.4925,28.62,49.07,1014.68,557.5,60.5,sht20,bh1750,fixed_position_sensor_facing_light,included
2026-09-15T07:58:07+08:00,1766.8,492.7,0.4927,28.53,47.12,1014.82,565.0,59.5,sht20,bh1750,fixed_position_sensor_facing_light,included
2026-09-15T08:03:08+08:00,1767.5,493.1,0.4931,28.5,49.34,1014.67,562.5,61.5,sht20,bh1750,fixed_position_sensor_facing_light,included
2026-09-15T08:08:08+08:00,1773.8,493.6,0.4936,28.38,47.27,1014.81,557.5,62.5,sht20,bh1750,fixed_position_sensor_facing_light,included
2026-09-15T08:13:10+08:00,1774.2,495.0,0.495,28.34,46.06,1014.67,558.3,62.5,sht20,bh1750,fixed_position_sensor_facing_light,included
2026-09-15T08:18:10+08:00,1773.5,494.1,0.4941,28.53,51.3,1014.7,554.2,62.5,sht20,bh1750,fixed_position_sensor_facing_light,included
2026-09-15T08:23:11+08:00,1774.5,494.6,0.4946,28.76,54.23,1014.68,556.7,62.5,sht20,bh1750,fixed_position_sensor_facing_light,included
2026-09-15T08:28:11+08:00,1776.4,493.7,0.4937,28.89,56.87,1014.8,558.3,62.5,sht20,bh1750,fixed_position_sensor_facing_light,included
2026-09-15T08:33:14+08:00,1772.7,492.7,0.4927,29.0,58.67,1014.78,558.3,61.5,sht20,bh1750,fixed_position_sensor_facing_light,included
2026-09-15T08:38:15+08:00,1768.5,492.7,0.4927,29.11,60.35,1014.81,559.2,60.5,sht20,bh1750,fixed_position_sensor_facing_light,included
2026-09-15T08:43:15+08:00,1768.4,492.4,0.4924,29.18,61.63,1014.78,560.0,60.5,sht20,bh1750,fixed_position_sensor_facing_light,included
2026-09-15T08:48:16+08:00,1765.0,491.7,0.4917,29.14,60.06,1014.87,558.3,60.5,sht20,bh1750,fixed_position_sensor_facing_light,included
2026-09-15T08:53:16+08:00,1767.7,492.3,0.4922,28.86,56.2,1014.6,557.5,60.5,sht20,bh1750,fixed_position_sensor_facing_light,included
2026-09-15T08:58:17+08:00,1769.6,492.7,0.4927,28.74,54.9,1014.71,560.0,60.5,sht20,bh1750,fixed_position_sensor_facing_light,included
2026-09-15T09:03:18+08:00,1769.6,493.7,0.4937,28.63,53.43,1014.68,559.2,60.5,sht20,bh1750,fixed_position_sensor_facing_light,included
2026-09-15T09:08:18+08:00,1775.4,493.7,0.4937,28.58,52.44,1014.7,559.2,60.5,sht20,bh1750,fixed_position_sensor_facing_light,included
2026-09-15T09:13:19+08:00,1775.7,493.9,0.4939,28.48,50.43,1014.87,560.8,59.5,sht20,bh1750,fixed_position_sensor_facing_light,included
2026-09-15T09:18:20+08:00,1773.9,495.1,0.4951,28.42,49.53,1014.84,559.2,59.5,sht20,bh1750,fixed_position_sensor_facing_light,included
2026-09-15T09:23:21+08:00,1773.8,494.8,0.4948,28.31,48.54,1014.81,560.0,59.5,sht20,bh1750,fixed_position_sensor_facing_light,included
2026-09-15T09:28:21+08:00,1776.2,495.2,0.4952,28.24,47.28,1014.81,559.2,59.5,sht20,bh1750,fixed_position_sensor_facing_light,included
2026-09-15T09:33:22+08:00,1775.9,494.4,0.4944,28.21,46.76,1014.84,558.3,59.5,sht20,bh1750,fixed_position_sensor_facing_light,included
2026-09-15T09:38:23+08:00,1774.0,494.4,0.4944,28.24,48.58,1014.81,559.2,59.5,sht20,bh1750,fixed_position_sensor_facing_light,included
2026-09-15T09:43:29+08:00,1777.1,495.0,0.495,28.6,54.28,1014.91,559.2,59.5,sht20,bh1750,fixed_position_sensor_facing_light,included
2026-09-15T09:48:29+08:00,1774.4,494.4,0.4944,28.75,56.48,1014.88,560.0,62.5,sht20,bh1750,fixed_position_sensor_facing_light,included
2026-09-15T09:53:30+08:00,1769.8,493.0,0.493,28.89,58.88,1014.94,559.2,62.5,sht20,bh1750,fixed_position_sensor_facing_light,included
2026-09-15T09:58:30+08:00,1771.6,493.0,0.493,29.0,59.83,1015.0,559.2,61.5,sht20,bh1750,fixed_position_sensor_facing_light,included
2026-09-15T10:03:31+08:00,1771.1,493.4,0.4934,29.09,61.57,1015.12,558.3,60.5,sht20,bh1750,fixed_position_sensor_facing_light,included
2026-09-15T10:08:32+08:00,1769.4,491.9,0.4919,29.17,62.88,1014.94,559.2,62.5,sht20,bh1750,fixed_position_sensor_facing_light,included
2026-09-15T10:13:32+08:00,1762.7,492.5,0.4925,28.97,55.68,1014.94,557.5,62.5,sht20,bh1750,fixed_position_sensor_facing_light,included
2026-09-15T10:18:33+08:00,1770.5,492.7,0.4927,28.78,53.78,1014.94,558.3,62.5,sht20,bh1750,fixed_position_sensor_facing_light,included
2026-09-15T10:23:33+08:00,1770.8,493.6,0.4936,28.69,51.8,1014.85,559.2,62.5,sht20,bh1750,fixed_position_sensor_facing_light,included
2026-09-15T10:28:34+08:00,1773.4,492.4,0.4924,28.62,49.81,1014.73,557.5,62.5,sht20,bh1750,fixed_position_sensor_facing_light,included
2026-09-15T10:33:35+08:00,1770.7,493.2,0.4932,28.57,48.77,1014.88,557.5,62.5,sht20,bh1750,fixed_position_sensor_facing_light,included
2026-09-15T10:38:35+08:00,1773.5,494.0,0.494,28.93,50.43,1014.83,558.3,62.5,sht20,bh1750,fixed_position_sensor_facing_light,included
2026-09-15T10:43:36+08:00,1771.1,492.8,0.4928,29.2,51.37,1014.84,556.7,63.5,sht20,bh1750,fixed_position_sensor_facing_light,included
2026-09-15T10:48:38+08:00,1769.0,491.8,0.4918,29.36,51.7,1014.82,557.5,63.5,sht20,bh1750,fixed_position_sensor_facing_light,included
2026-09-15T10:53:38+08:00,1769.0,491.6,0.4916,29.47,52.65,1014.7,557.5,62.5,sht20,bh1750,fixed_position_sensor_facing_light,included
2026-09-15T10:58:39+08:00,1765.4,491.8,0.4918,29.56,53.19,1014.79,556.7,63.5,sht20,bh1750,fixed_position_sensor_facing_light,included
2026-09-15T11:03:39+08:00,1764.9,491.0,0.491,29.63,52.91,1014.83,556.7,62.5,sht20,bh1750,fixed_position_sensor_facing_light,included
2026-09-15T11:08:42+08:00,1761.8,491.6,0.4916,29.68,53.83,1014.8,556.7,61.5,sht20,bh1750,fixed_position_sensor_facing_light,included
2026-09-15T11:13:42+08:00,1765.5,490.2,0.4902,29.74,54.06,1014.83,556.7,61.5,sht20,bh1750,fixed_position_sensor_facing_light,included
2026-09-15T11:18:42+08:00,1760.6,490.1,0.4901,29.8,53.99,1014.77,560.0,62.5,sht20,bh1750,fixed_position_sensor_facing_light,included
2026-09-15T11:23:43+08:00,1762.3,489.9,0.4899,29.54,51.4,1014.59,557.5,63.5,sht20,bh1750,fixed_position_sensor_facing_light,included
2026-09-15T11:28:44+08:00,1756.8,491.1,0.4911,29.26,50.18,1014.61,556.7,63.5,sht20,bh1750,fixed_position_sensor_facing_light,included
2026-09-15T11:33:44+08:00,1762.7,491.0,0.491,29.12,48.54,1014.55,557.5,63.5,sht20,bh1750,fixed_position_sensor_facing_light,included
2026-09-15T11:38:44+08:00,1768.1,491.0,0.491,28.94,47.86,1014.66,548.3,62.5,sht20,bh1750,fixed_position_sensor_facing_light,included
2026-09-15T11:43:45+08:00,1766.1,492.9,0.4929,28.89,49.02,1014.54,558.3,61.5,sht20,bh1750,fixed_position_sensor_facing_light,included
2026-09-15T11:48:46+08:00,1768.4,492.1,0.4921,28.77,46.89,1014.48,563.3,62.5,sht20,bh1750,fixed_position_sensor_facing_light,included
2026-09-15T11:53:46+08:00,1772.2,492.5,0.4925,28.68,45.93,1014.33,552.5,62.5,sht20,bh1750,fixed_position_sensor_facing_light,included
2026-09-15T11:58:47+08:00,1773.0,494.0,0.494,28.85,46.98,1014.42,556.7,62.5,sht20,bh1750,fixed_position_sensor_facing_light,included
2026-09-15T12:03:47+08:00,1767.8,493.0,0.493,29.22,48.66,1014.35,556.7,61.5,sht20,bh1750,fixed_position_sensor_facing_light,included
2026-09-15T12:08:48+08:00,1769.2,491.3,0.4913,29.38,48.91,1014.35,555.8,61.5,sht20,bh1750,fixed_position_sensor_facing_light,included
2026-09-15T12:13:48+08:00,1764.1,491.1,0.4911,29.51,49.42,1014.33,562.5,61.5,sht20,bh1750,fixed_position_sensor_facing_light,included
2026-09-15T12:18:49+08:00,1763.4,491.9,0.4919,29.59,49.24,1014.33,547.5,61.5,sht20,bh1750,fixed_position_sensor_facing_light,included
2026-09-15T12:23:49+08:00,1763.7,491.0,0.491,29.67,50.53,1014.39,560.0,61.5,sht20,bh1750,fixed_position_sensor_facing_light,included
2026-09-15T12:28:50+08:00,1765.7,491.8,0.4918,29.74,51.75,1014.22,555.8,63.5,sht20,bh1750,fixed_position_sensor_facing_light,included
2026-09-15T12:33:51+08:00,1760.1,488.8,0.4888,29.79,51.88,1014.11,555.0,63.5,sht20,bh1750,fixed_position_sensor_facing_light,included
2026-09-15T12:38:51+08:00,1759.3,490.5,0.4905,29.85,52.79,1014.22,555.8,64.5,sht20,bh1750,fixed_position_sensor_facing_light,included
2026-09-15T12:43:51+08:00,1758.7,490.1,0.4901,29.89,53.12,1014.08,555.8,62.5,sht20,bh1750,fixed_position_sensor_facing_light,included
2026-09-15T12:48:52+08:00,1761.0,490.5,0.4905,29.94,53.62,1014.08,555.0,62.5,sht20,bh1750,fixed_position_sensor_facing_light,included
2026-09-15T12:53:53+08:00,1756.1,489.0,0.489,29.97,54.14,1014.11,549.2,62.5,sht20,bh1750,fixed_position_sensor_facing_light,included
2026-09-15T12:58:55+08:00,1757.5,488.5,0.4885,30.02,53.65,1014.05,548.3,62.5,sht20,bh1750,fixed_position_sensor_facing_light,included
2026-09-15T13:03:56+08:00,1754.3,488.5,0.4885,30.06,53.72,1014.08,558.3,62.5,sht20,bh1750,fixed_position_sensor_facing_light,included
2026-09-15T13:08:56+08:00,1757.6,488.5,0.4885,30.09,54.12,1014.23,556.7,62.5,sht20,bh1750,fixed_position_sensor_facing_light,included
2026-09-15T13:13:57+08:00,1756.6,488.6,0.4886,30.13,54.03,1013.94,555.8,62.5,sht20,bh1750,fixed_position_sensor_facing_light,included
2026-09-15T13:18:57+08:00,1754.6,488.3,0.4883,30.18,54.65,1013.91,556.7,64.5,sht20,bh1750,fixed_position_sensor_facing_light,included
2026-09-15T13:23:58+08:00,1754.4,488.7,0.4887,30.2,55.0,1013.89,555.8,62.5,sht20,bh1750,fixed_position_sensor_facing_light,included
2026-09-15T13:28:59+08:00,1756.1,488.1,0.4881,30.21,55.35,1013.86,556.7,62.5,sht20,bh1750,fixed_position_sensor_facing_light,included
2026-09-15T13:34:00+08:00,1753.7,487.5,0.4875,30.24,55.68,1013.77,556.7,62.5,sht20,bh1750,fixed_position_sensor_facing_light,included
2026-09-15T13:39:00+08:00,1752.1,487.8,0.4878,30.28,55.79,1013.77,563.3,62.5,sht20,bh1750,fixed_position_sensor_facing_light,included
2026-09-15T13:44:01+08:00,1752.8,488.4,0.4884,30.3,55.52,1013.83,549.2,62.5,sht20,bh1750,fixed_position_sensor_facing_light,included
2026-09-15T13:49:01+08:00,1747.5,487.3,0.4873,30.32,55.93,1013.86,555.8,62.5,sht20,bh1750,fixed_position_sensor_facing_light,included
2026-09-15T13:54:02+08:00,1749.9,487.6,0.4876,30.35,56.11,1013.8,556.7,64.5,sht20,bh1750,fixed_position_sensor_facing_light,included
2026-09-15T13:59:03+08:00,1750.7,488.3,0.4883,30.38,56.39,1013.69,550.8,62.5,sht20,bh1750,fixed_position_sensor_facing_light,included
2026-09-15T14:04:03+08:00,1750.8,486.9,0.4869,30.44,58.76,1013.57,556.7,62.5,sht20,bh1750,fixed_position_sensor_facing_light,included
2026-09-15T14:09:03+08:00,1750.1,487.1,0.4871,30.45,58.87,1013.5,556.7,64.5,sht20,bh1750,fixed_position_sensor_facing_light,included
2026-09-15T14:14:04+08:00,1754.3,487.4,0.4874,30.48,59.72,1013.66,556.7,62.5,sht20,bh1750,fixed_position_sensor_facing_light,included
2026-09-15T14:19:05+08:00,1748.1,486.2,0.4862,30.49,60.4,1013.6,557.5,62.5,sht20,bh1750,fixed_position_sensor_facing_light,included
2026-09-15T14:24:05+08:00,1753.0,487.3,0.4873,30.5,59.77,1013.63,557.5,62.5,sht20,bh1750,fixed_position_sensor_facing_light,included
2026-09-15T14:29:05+08:00,1749.2,487.1,0.4871,30.5,59.99,1013.55,550.8,62.5,sht20,bh1750,fixed_position_sensor_facing_light,included
2026-09-15T14:34:06+08:00,1748.8,487.6,0.4876,30.51,59.41,1013.66,556.7,62.5,sht20,bh1750,fixed_position_sensor_facing_light,included
2026-09-15T14:39:07+08:00,1743.2,486.7,0.4867,30.52,59.05,1013.55,555.8,64.5,sht20,bh1750,fixed_position_sensor_facing_light,included
2026-09-15T14:44:07+08:00,1747.7,486.2,0.4862,30.53,59.17,1013.58,557.5,62.5,sht20,bh1750,fixed_position_sensor_facing_light,included
2026-09-15T14:49:08+08:00,1749.8,486.2,0.4862,30.56,58.99,1013.44,557.5,62.5,sht20,bh1750,fixed_position_sensor_facing_light,included
2026-09-15T14:54:08+08:00,1748.0,486.0,0.486,30.57,59.32,1013.47,555.8,64.5,sht20,bh1750,fixed_position_sensor_facing_light,included
2026-09-15T14:59:09+08:00,1748.9,487.5,0.4875,30.6,59.32,1013.5,555.8,62.5,sht20,bh1750,fixed_position_sensor_facing_light,included
2026-09-15T15:04:09+08:00,1750.2,486.5,0.4865,30.62,59.65,1013.58,556.7,62.5,sht20,bh1750,fixed_position_sensor_facing_light,included
2026-09-15T15:09:10+08:00,1746.1,486.6,0.4866,30.62,59.67,1013.61,556.7,62.5,sht20,bh1750,fixed_position_sensor_facing_light,included
2026-09-15T15:14:10+08:00,1748.0,486.4,0.4864,30.65,59.51,1013.67,560.0,64.5,sht20,bh1750,fixed_position_sensor_facing_light,included
2026-09-15T15:19:11+08:00,1742.8,486.3,0.4863,30.66,59.51,1013.64,550.8,63.5,sht20,bh1750,fixed_position_sensor_facing_light,included
2026-09-15T15:24:11+08:00,1744.9,485.1,0.4851,30.68,59.21,1013.58,557.5,62.5,sht20,bh1750,fixed_position_sensor_facing_light,included
2026-09-15T15:29:12+08:00,1747.5,486.0,0.486,30.7,58.83,1013.61,556.7,62.5,sht20,bh1750,fixed_position_sensor_facing_light,included
2026-09-15T15:34:12+08:00,1745.3,486.3,0.4863,30.69,58.99,1013.81,554.2,62.5,sht20,bh1750,fixed_position_sensor_facing_light,included
2026-09-15T15:39:13+08:00,1747.3,486.3,0.4863,30.69,59.06,1013.78,556.7,64.5,sht20,bh1750,fixed_position_sensor_facing_light,included
2026-09-15T15:44:13+08:00,1744.9,484.4,0.4844,30.71,58.65,1013.64,556.7,65.5,sht20,bh1750,fixed_position_sensor_facing_light,included
2026-09-15T15:49:14+08:00,1752.0,485.7,0.4857,30.72,58.86,1013.7,556.7,65.5,sht20,bh1750,fixed_position_sensor_facing_light,included
2026-09-15T15:54:14+08:00,1749.7,486.7,0.4867,30.74,59.05,1013.73,555.8,63.5,sht20,bh1750,fixed_position_sensor_facing_light,included
2026-09-15T15:59:15+08:00,1747.1,486.7,0.4867,30.75,59.06,1013.93,556.7,62.5,sht20,bh1750,fixed_position_sensor_facing_light,included
2026-09-15T16:04:15+08:00,1746.9,486.4,0.4864,30.75,58.93,1013.84,555.0,62.5,sht20,bh1750,fixed_position_sensor_facing_light,included
2026-09-15T16:09:16+08:00,1746.8,485.7,0.4857,30.77,59.27,1013.76,555.8,62.5,sht20,bh1750,fixed_position_sensor_facing_light,included
2026-09-15T16:14:16+08:00,1746.2,486.1,0.4861,30.62,56.58,1013.81,558.3,62.5,sht20,bh1750,fixed_position_sensor_facing_light,included
2026-09-15T16:19:22+08:00,1748.3,486.1,0.4861,30.25,52.15,1013.92,559.2,62.5,sht20,bh1750,fixed_position_sensor_facing_light,included
2026-09-15T16:24:28+08:00,1748.1,487.8,0.4878,30.01,50.63,1013.85,562.5,63.5,sht20,bh1750,fixed_position_sensor_facing_light,included
2026-09-15T16:29:33+08:00,1754.7,488.0,0.488,29.85,49.31,1013.73,555.0,62.5,sht20,bh1750,fixed_position_sensor_facing_light,included
2026-09-15T16:34:39+08:00,1756.9,489.5,0.4895,29.68,48.49,1013.69,559.2,61.5,sht20,bh1750,fixed_position_sensor_facing_light,included
2026-09-15T16:39:45+08:00,1757.3,489.1,0.4891,29.51,46.87,1013.89,559.2,61.5,sht20,bh1750,fixed_position_sensor_facing_light,included
2026-09-15T16:44:50+08:00,1762.8,489.7,0.4897,29.37,46.44,1013.86,560.0,62.5,sht20,bh1750,fixed_position_sensor_facing_light,included
2026-09-15T16:49:56+08:00,1761.3,490.2,0.4902,29.28,45.6,1013.86,563.3,63.5,sht20,bh1750,fixed_position_sensor_facing_light,included
2026-09-15T16:55:01+08:00,1763.9,490.8,0.4908,29.18,44.55,1013.88,548.3,61.5,sht20,bh1750,fixed_position_sensor_facing_light,included
2026-09-15T17:00:06+08:00,1766.3,491.5,0.4915,29.08,44.62,1013.88,501.7,60.5,sht20,bh1750,fixed_position_sensor_facing_light,included
2026-09-15T17:05:12+08:00,1765.7,491.2,0.4912,28.93,44.87,1014.02,235.8,60.5,sht20,bh1750,fixed_position_sensor_facing_light,included
2026-09-15T17:10:17+08:00,1765.7,491.5,0.4915,28.82,44.02,1013.9,287.5,60.5,sht20,bh1750,fixed_position_sensor_facing_light,included
2026-09-15T17:15:23+08:00,1766.6,491.7,0.4917,28.6,44.06,1013.87,290.0,60.5,sht20,bh1750,fixed_position_sensor_facing_light,included
2026-09-15T17:20:29+08:00,1764.7,491.1,0.4911,28.59,43.98,1013.81,291.7,59.5,sht20,bh1750,fixed_position_sensor_facing_light,included
2026-09-15T17:25:34+08:00,1765.6,491.8,0.4918,28.54,43.55,1013.89,313.3,59.5,sht20,bh1750,fixed_position_sensor_facing_light,included
2026-09-15T17:30:40+08:00,1768.1,492.6,0.4926,28.41,43.37,1013.95,314.2,59.5,sht20,bh1750,fixed_position_sensor_facing_light,included
2026-09-15T17:35:45+08:00,1770.2,492.5,0.4925,28.34,43.48,1014.09,312.5,59.5,sht20,bh1750,fixed_position_sensor_facing_light,included
2026-09-15T17:40:51+08:00,1769.5,492.3,0.4923,28.24,43.16,1014.0,309.2,59.5,sht20,bh1750,fixed_position_sensor_facing_light,included
2026-09-15T17:45:56+08:00,1769.3,493.0,0.493,28.32,42.68,1014.03,314.2,59.5,sht20,bh1750,fixed_position_sensor_facing_light,included
2026-09-15T17:51:02+08:00,1764.4,493.2,0.4932,28.69,48.71,1014.04,313.3,61.5,sht20,bh1750,fixed_position_sensor_facing_light,included
2026-09-15T17:56:07+08:00,1764.3,492.4,0.4924,28.94,51.13,1014.05,315.8,62.5,sht20,bh1750,fixed_position_sensor_facing_light,included
2026-09-15T18:01:13+08:00,1760.2,492.0,0.492,29.02,53.76,1014.02,316.7,62.5,sht20,bh1750,fixed_position_sensor_facing_light,included
2026-09-15T18:06:18+08:00,1762.1,490.3,0.4903,29.23,55.52,1014.12,310.8,63.5,sht20,bh1750,fixed_position_sensor_facing_light,included
2026-09-15T18:11:24+08:00,1761.8,490.4,0.4904,29.27,57.16,1014.12,311.7,63.5,sht20,bh1750,fixed_position_sensor_facing_light,included
2026-09-15T18:16:29+08:00,1765.5,491.3,0.4913,29.42,56.59,1014.06,313.3,63.5,sht20,bh1750,fixed_position_sensor_facing_light,included
2026-09-15T18:21:35+08:00,1764.5,490.6,0.4906,29.06,50.37,1014.26,309.2,63.5,sht20,bh1750,fixed_position_sensor_facing_light,included
2026-09-15T18:26:40+08:00,1763.9,491.7,0.4917,28.92,48.44,1014.08,312.5,63.5,sht20,bh1750,fixed_position_sensor_facing_light,included
2026-09-15T18:31:46+08:00,1763.0,491.2,0.4912,28.84,48.38,1014.16,313.3,62.5,sht20,bh1750,fixed_position_sensor_facing_light,included
2026-09-15T18:36:52+08:00,1763.2,491.4,0.4914,29.35,49.15,1014.09,314.2,61.5,sht20,bh1750,fixed_position_sensor_facing_light,included
2026-09-15T18:41:57+08:00,1760.9,490.0,0.49,29.66,49.37,1014.3,319.2,61.5,sht20,bh1750,fixed_position_sensor_facing_light,included
2026-09-15T18:47:02+08:00,1760.0,489.4,0.4894,29.82,49.09,1014.31,314.2,61.5,sht20,bh1750,fixed_position_sensor_facing_light,included
2026-09-15T18:52:08+08:00,1761.5,490.3,0.4903,29.92,49.36,1014.34,315.8,61.5,sht20,bh1750,fixed_position_sensor_facing_light,included
2026-09-15T18:57:13+08:00,1756.7,490.4,0.4904,30.03,49.9,1014.35,314.2,63.5,sht20,bh1750,fixed_position_sensor_facing_light,included
2026-09-15T19:02:19+08:00,1755.8,488.9,0.4889,30.08,50.2,1014.32,315.8,62.5,sht20,bh1750,fixed_position_sensor_facing_light,included
2026-09-15T19:07:24+08:00,1753.2,490.0,0.49,30.17,50.14,1014.38,310.8,62.5,sht20,bh1750,fixed_position_sensor_facing_light,included
2026-09-15T19:12:30+08:00,1756.5,489.1,0.4891,30.24,50.38,1014.5,315.8,64.5,sht20,bh1750,fixed_position_sensor_facing_light,included
2026-09-15T19:17:35+08:00,1753.1,489.5,0.4895,30.23,51.14,1014.55,318.3,62.5,sht20,bh1750,fixed_position_sensor_facing_light,included
2026-09-15T19:22:41+08:00,1755.8,489.0,0.489,29.52,49.01,1014.59,319.2,63.5,sht20,bh1750,fixed_position_sensor_facing_light,included
2026-09-15T19:27:46+08:00,1760.4,489.8,0.4898,29.2,47.6,1014.49,314.2,63.5,sht20,bh1750,fixed_position_sensor_facing_light,included
2026-09-15T19:32:52+08:00,1756.2,490.2,0.4902,28.97,46.51,1014.6,314.2,63.5,sht20,bh1750,fixed_position_sensor_facing_light,included
2026-09-15T19:37:57+08:00,1762.7,491.4,0.4914,28.84,45.31,1014.65,314.2,61.5,sht20,bh1750,fixed_position_sensor_facing_light,included
2026-09-15T19:43:02+08:00,1762.3,490.8,0.4908,28.8,44.33,1014.68,314.2,60.5,sht20,bh1750,fixed_position_sensor_facing_light,included
2026-09-15T19:48:08+08:00,1762.4,490.3,0.4903,28.68,43.55,1014.76,313.3,60.5,sht20,bh1750,fixed_position_sensor_facing_light,included
2026-09-15T19:53:13+08:00,1767.7,490.9,0.4909,28.94,51.86,1014.8,314.2,60.5,sht20,bh1750,fixed_position_sensor_facing_light,included
2026-09-15T19:58:19+08:00,1765.6,491.8,0.4918,29.17,55.07,1014.84,311.7,62.5,sht20,bh1750,fixed_position_sensor_facing_light,included
2026-09-15T20:03:24+08:00,1763.4,490.8,0.4908,29.26,56.34,1014.87,315.8,62.5,sht20,bh1750,fixed_position_sensor_facing_light,included
2026-09-15T20:08:30+08:00,1761.0,490.9,0.4909,29.42,57.76,1014.9,319.2,63.5,sht20,bh1750,fixed_position_sensor_facing_light,included
2026-09-15T20:13:35+08:00,1760.1,490.6,0.4906,29.49,59.06,1014.96,427.5,61.5,sht20,bh1750,fixed_position_sensor_facing_light,included
2026-09-15T20:18:41+08:00,1762.4,490.9,0.4909,29.5,60.49,1014.98,427.5,63.5,sht20,bh1750,fixed_position_sensor_facing_light,included
2026-09-15T20:23:46+08:00,1762.2,489.9,0.4899,29.29,54.42,1014.95,426.7,63.5,sht20,bh1750,fixed_position_sensor_facing_light,included
2026-09-15T20:28:52+08:00,1762.4,492.1,0.4921,29.01,50.43,1015.05,427.5,61.5,sht20,bh1750,fixed_position_sensor_facing_light,included
2026-09-15T20:33:58+08:00,1762.6,490.9,0.4909,28.91,48.93,1015.05,428.3,62.5,sht20,bh1750,fixed_position_sensor_facing_light,included
2026-09-15T20:39:03+08:00,1765.0,491.2,0.4912,28.71,47.5,1015.13,365.8,60.5,sht20,bh1750,fixed_position_sensor_facing_light,included
2026-09-15T20:44:09+08:00,1766.9,491.5,0.4915,28.57,49.08,1015.04,375.0,59.5,sht20,bh1750,fixed_position_sensor_facing_light,included
2026-09-15T20:49:14+08:00,1767.4,492.1,0.4921,28.77,51.49,1014.94,370.8,60.5,sht20,bh1750,fixed_position_sensor_facing_light,included
2026-09-15T20:54:21+08:00,1767.8,491.9,0.4919,29.03,54.67,1015.06,370.0,62.5,sht20,bh1750,fixed_position_sensor_facing_light,included
2026-09-15T20:59:27+08:00,1764.3,490.9,0.4909,29.19,57.55,1015.12,373.3,62.5,sht20,bh1750,fixed_position_sensor_facing_light,included
2026-09-15T21:04:32+08:00,1760.6,491.0,0.491,29.37,58.34,1015.15,378.3,61.5,sht20,bh1750,fixed_position_sensor_facing_light,included
2026-09-15T21:09:38+08:00,1761.3,492.1,0.4921,29.5,59.88,1015.13,375.8,61.5,sht20,bh1750,fixed_position_sensor_facing_light,included
2026-09-15T21:14:43+08:00,1765.3,490.3,0.4903,29.6,61.1,1015.31,467.5,61.5,sht20,bh1750,fixed_position_sensor_facing_light,included
2026-09-15T21:19:49+08:00,1761.7,490.5,0.4905,29.46,56.52,1015.33,380.8,60.5,sht20,bh1750,fixed_position_sensor_facing_light,included
2026-09-15T21:24:55+08:00,1763.4,490.7,0.4907,29.19,51.37,1015.26,340.8,60.5,sht20,bh1750,fixed_position_sensor_facing_light,included
2026-09-15T21:30:01+08:00,1766.1,491.5,0.4915,29.07,49.66,1015.32,323.3,60.5,sht20,bh1750,fixed_position_sensor_facing_light,included
2026-09-15T21:35:06+08:00,1768.5,491.8,0.4918,28.95,47.56,1015.43,230.0,62.5,sht20,bh1750,fixed_position_sensor_facing_light,included
2026-09-15T21:40:12+08:00,1767.9,492.3,0.4923,28.86,46.36,1015.25,192.5,61.5,sht20,bh1750,fixed_position_sensor_facing_light,included
2026-09-15T21:45:18+08:00,1770.0,491.3,0.4913,29.07,53.08,1015.14,205.0,60.5,sht20,bh1750,fixed_position_sensor_facing_light,included
2026-09-15T21:50:23+08:00,1769.1,491.7,0.4917,29.18,55.83,1015.18,270.0,60.5,sht20,bh1750,fixed_position_sensor_facing_light,included
2026-09-15T21:55:29+08:00,1765.6,490.7,0.4907,29.35,57.65,1015.15,244.2,60.5,sht20,bh1750,fixed_position_sensor_facing_light,included
2026-09-15T22:00:35+08:00,1749.7,487.7,0.4877,29.46,59.51,1015.13,181.7,61.5,sht20,bh1750,fixed_position_sensor_facing_light,included
2026-09-15T22:05:41+08:00,1752.2,488.1,0.4881,29.6,59.61,1015.1,212.5,61.5,sht20,bh1750,fixed_position_sensor_facing_light,included
2026-09-15T22:10:46+08:00,1752.4,487.5,0.4875,29.67,60.41,1014.94,205.8,61.5,sht20,bh1750,fixed_position_sensor_facing_light,included
2026-09-15T22:15:51+08:00,1752.7,487.5,0.4875,29.64,55.94,1014.99,196.7,61.5,sht20,bh1750,fixed_position_sensor_facing_light,included
2026-09-15T22:20:57+08:00,1751.6,487.8,0.4878,29.29,51.4,1014.9,190.0,61.5,sht20,bh1750,fixed_position_sensor_facing_light,included
2026-09-15T22:26:02+08:00,1752.6,488.3,0.4883,29.05,48.99,1014.81,184.2,61.5,sht20,bh1750,fixed_position_sensor_facing_light,included
2026-09-15T22:31:08+08:00,1753.2,488.5,0.4885,28.95,47.52,1014.77,186.7,60.5,sht20,bh1750,fixed_position_sensor_facing_light,included
2026-09-15T22:36:13+08:00,1756.9,489.0,0.489,28.98,51.53,1014.74,184.2,60.5,sht20,bh1750,fixed_position_sensor_facing_light,included
2026-09-15T22:41:19+08:00,1753.2,488.8,0.4888,29.3,56.43,1014.75,233.3,62.5,sht20,bh1750,fixed_position_sensor_facing_light,included
2026-09-15T22:46:24+08:00,1756.3,489.8,0.4898,29.27,59.48,1014.84,245.8,61.5,sht20,bh1750,fixed_position_sensor_facing_light,included
2026-09-15T22:51:30+08:00,1751.0,488.8,0.4888,29.39,60.73,1014.82,335.8,60.5,sht20,bh1750,fixed_position_sensor_facing_light,included
2026-09-15T22:56:35+08:00,1749.3,486.1,0.4861,29.54,61.52,1014.71,325.0,60.5,sht20,bh1750,fixed_position_sensor_facing_light,included
2026-09-15T23:01:40+08:00,1748.7,487.6,0.4876,29.59,61.31,1014.74,318.3,60.5,sht20,bh1750,fixed_position_sensor_facing_light,included
2026-09-15T23:06:46+08:00,1749.7,486.4,0.4864,29.67,61.17,1014.74,318.3,63.5,sht20,bh1750,fixed_position_sensor_facing_light,included
2026-09-15T23:11:52+08:00,1748.4,486.6,0.4866,29.33,55.0,1014.61,318.3,63.5,sht20,bh1750,fixed_position_sensor_facing_light,included
2026-09-15T23:16:57+08:00,1750.9,487.4,0.4874,29.13,51.43,1014.66,317.5,63.5,sht20,bh1750,fixed_position_sensor_facing_light,included
2026-09-15T23:22:03+08:00,1750.8,488.0,0.488,29.12,49.48,1014.63,614.2,63.5,sht20,bh1750,fixed_position_sensor_facing_light,included
2026-09-15T23:27:08+08:00,1755.3,488.5,0.4885,29.02,47.87,1014.6,606.7,63.5,sht20,bh1750,fixed_position_sensor_facing_light,included
2026-09-15T23:32:13+08:00,1755.4,488.7,0.4887,29.07,52.1,1014.55,612.5,63.5,sht20,bh1750,fixed_position_sensor_facing_light,included
2026-09-15T23:37:19+08:00,1752.3,488.0,0.488,29.26,56.03,1014.52,613.3,62.5,sht20,bh1750,fixed_position_sensor_facing_light,included
2026-09-15T23:42:24+08:00,1753.8,487.9,0.4879,29.39,58.07,1014.44,613.3,63.5,sht20,bh1750,fixed_position_sensor_facing_light,included
2026-09-15T23:47:30+08:00,1750.3,488.3,0.4883,29.49,59.71,1014.47,605.0,63.5,sht20,bh1750,fixed_position_sensor_facing_light,included
2026-09-15T23:52:35+08:00,1752.5,487.4,0.4874,29.57,61.05,1014.42,612.5,62.5,sht20,bh1750,fixed_position_sensor_facing_light,included
2026-09-15T23:57:41+08:00,1747.1,487.5,0.4875,29.64,61.96,1014.42,612.5,62.5,sht20,bh1750,fixed_position_sensor_facing_light,included
2026-09-16T00:02:46+08:00,1749.0,487.5,0.4875,29.7,58.81,1014.28,612.5,63.5,sht20,bh1750,fixed_position_sensor_facing_light,included
2026-09-16T00:07:52+08:00,1752.3,487.6,0.4876,29.27,53.15,1014.32,611.7,63.5,sht20,bh1750,fixed_position_sensor_facing_light,included
2026-09-16T00:12:57+08:00,1752.3,488.0,0.488,29.03,50.53,1014.14,605.0,63.5,sht20,bh1750,fixed_position_sensor_facing_light,included
2026-09-16T00:18:03+08:00,1756.9,488.7,0.4887,28.94,49.37,1014.08,613.3,63.5,sht20,bh1750,fixed_position_sensor_facing_light,included
2026-09-16T00:23:08+08:00,1756.3,488.9,0.4889,29.0,53.21,1014.2,613.3,63.5,sht20,bh1750,fixed_position_sensor_facing_light,included
2026-09-16T00:28:14+08:00,1752.3,488.7,0.4888,29.14,57.35,1014.14,614.2,63.5,sht20,bh1750,fixed_position_sensor_facing_light,included
2026-09-16T00:33:19+08:00,1752.8,488.7,0.4887,29.33,59.09,1013.89,614.2,62.5,sht20,bh1750,fixed_position_sensor_facing_light,included
2026-09-16T00:38:24+08:00,1752.5,488.3,0.4883,29.39,60.43,1013.98,613.3,63.5,sht20,bh1750,fixed_position_sensor_facing_light,included
2026-09-16T00:43:30+08:00,1750.1,487.5,0.4875,29.42,62.5,1014.09,613.3,63.5,sht20,bh1750,fixed_position_sensor_facing_light,included
2026-09-16T00:48:35+08:00,1752.2,488.1,0.4881,29.58,62.94,1013.95,613.3,64.5,sht20,bh1750,fixed_position_sensor_facing_light,included
2026-09-16T00:53:41+08:00,1749.0,487.6,0.4876,29.68,63.56,1013.75,606.7,63.5,sht20,bh1750,fixed_position_sensor_facing_light,included
2026-09-16T00:58:46+08:00,1749.2,487.3,0.4873,29.31,55.2,1013.77,612.5,63.5,sht20,bh1750,fixed_position_sensor_facing_light,included
2026-09-16T01:03:52+08:00,1747.4,487.2,0.4872,29.11,51.89,1013.79,610.0,63.5,sht20,bh1750,fixed_position_sensor_facing_light,included
2026-09-16T01:08:57+08:00,1752.8,487.8,0.4878,29.14,49.73,1013.77,600.8,61.5,sht20,bh1750,fixed_position_sensor_facing_light,included
2026-09-16T01:14:03+08:00,1756.8,488.1,0.4881,28.84,49.56,1013.7,614.2,62.5,sht20,bh1750,fixed_position_sensor_facing_light,included
2026-09-16T01:19:08+08:00,1766.3,491.1,0.4911,29.13,56.0,1013.68,597.5,62.5,sht20,bh1750,fixed_position_sensor_facing_light,included
2026-09-16T01:24:14+08:00,1764.0,491.9,0.4919,29.2,58.15,1013.74,596.7,62.5,sht20,bh1750,fixed_position_sensor_facing_light,included
2026-09-16T01:29:19+08:00,1766.5,491.7,0.4917,29.31,60.47,1013.92,597.5,61.5,sht20,bh1750,fixed_position_sensor_facing_light,included
2026-09-16T01:34:25+08:00,1765.8,490.6,0.4906,29.38,61.83,1013.77,596.7,61.5,sht20,bh1750,fixed_position_sensor_facing_light,included
2026-09-16T01:39:30+08:00,1762.6,490.7,0.4907,29.41,62.72,1013.69,597.5,61.5,sht20,bh1750,fixed_position_sensor_facing_light,included
2026-09-16T01:44:36+08:00,1761.4,491.1,0.4911,29.43,63.84,1013.63,597.5,62.5,sht20,bh1750,fixed_position_sensor_facing_light,included
2026-09-16T01:49:41+08:00,1763.3,490.7,0.4907,29.2,56.74,1013.52,597.5,61.5,sht20,bh1750,fixed_position_sensor_facing_light,included
2026-09-16T01:54:47+08:00,1767.2,491.4,0.4914,28.97,52.88,1013.51,596.7,60.5,sht20,bh1750,fixed_position_sensor_facing_light,included
2026-09-16T01:59:52+08:00,1766.8,491.8,0.4918,28.76,51.4,1013.5,596.7,60.5,sht20,bh1750,fixed_position_sensor_facing_light,included
2026-09-16T02:04:58+08:00,1767.2,492.2,0.4922,28.71,51.11,1013.61,596.7,60.5,sht20,bh1750,fixed_position_sensor_facing_light,included
2026-09-16T02:10:03+08:00,1764.5,491.5,0.4915,29.0,56.87,1013.7,604.2,60.5,sht20,bh1750,fixed_position_sensor_facing_light,included
2026-09-16T02:15:09+08:00,1772.1,492.6,0.4926,29.13,59.42,1013.77,596.7,60.5,sht20,bh1750,fixed_position_sensor_facing_light,included
2026-09-16T02:20:14+08:00,1769.2,492.4,0.4924,29.19,60.54,1013.57,595.8,60.5,sht20,bh1750,fixed_position_sensor_facing_light,included
2026-09-16T02:25:19+08:00,1764.3,491.6,0.4916,29.31,61.46,1013.46,597.5,62.5,sht20,bh1750,fixed_position_sensor_facing_light,included
2026-09-16T02:30:25+08:00,1763.2,492.5,0.4925,29.34,62.84,1013.49,596.7,63.5,sht20,bh1750,fixed_position_sensor_facing_light,included
2026-09-16T02:35:30+08:00,1762.4,491.5,0.4915,29.41,63.14,1013.63,597.5,63.5,sht20,bh1750,fixed_position_sensor_facing_light,included
2026-09-16T02:40:36+08:00,1761.7,491.5,0.4915,29.47,63.69,1013.47,587.5,63.5,sht20,bh1750,fixed_position_sensor_facing_light,included
2026-09-16T02:45:41+08:00,1761.1,491.8,0.4918,28.98,55.91,1013.37,597.5,63.5,sht20,bh1750,fixed_position_sensor_facing_light,included
2026-09-16T02:50:47+08:00,1763.8,491.4,0.4914,28.83,52.85,1013.39,596.7,63.5,sht20,bh1750,fixed_position_sensor_facing_light,included
2026-09-16T02:55:52+08:00,1765.5,491.1,0.4911,28.69,50.85,1013.36,597.5,61.5,sht20,bh1750,fixed_position_sensor_facing_light,included
2026-09-16T03:00:58+08:00,1768.9,493.0,0.493,28.74,55.0,1013.36,597.5,60.5,sht20,bh1750,fixed_position_sensor_facing_light,included
2026-09-16T03:06:03+08:00,1767.3,492.3,0.4923,28.95,58.22,1013.45,595.0,60.5,sht20,bh1750,fixed_position_sensor_facing_light,included
2026-09-16T03:11:09+08:00,1766.0,492.4,0.4924,29.06,59.7,1013.48,596.7,60.5,sht20,bh1750,fixed_position_sensor_facing_light,included
2026-09-16T03:16:15+08:00,1765.8,492.0,0.492,29.08,61.69,1013.34,605.0,60.5,sht20,bh1750,fixed_position_sensor_facing_light,included
2026-09-16T03:21:20+08:00,1763.1,491.1,0.4911,29.17,62.85,1013.43,600.8,60.5,sht20,bh1750,fixed_position_sensor_facing_light,included
2026-09-16T03:26:26+08:00,1766.0,492.2,0.4922,29.26,63.44,1013.46,596.7,61.5,sht20,bh1750,fixed_position_sensor_facing_light,included
2026-09-16T03:31:31+08:00,1764.6,492.3,0.4923,29.35,63.96,1013.41,597.5,61.5,sht20,bh1750,fixed_position_sensor_facing_light,included
2026-09-16T03:36:37+08:00,1763.3,492.3,0.4923,29.46,63.56,1013.47,596.7,61.5,sht20,bh1750,fixed_position_sensor_facing_light,included
2026-09-16T03:41:42+08:00,1766.6,491.6,0.4916,29.09,56.62,1013.43,595.8,61.5,sht20,bh1750,fixed_position_sensor_facing_light,included
2026-09-16T03:46:48+08:00,1764.5,492.0,0.492,28.79,53.44,1013.33,600.0,60.5,sht20,bh1750,fixed_position_sensor_facing_light,included
2026-09-16T03:51:54+08:00,1771.5,492.9,0.4929,28.64,51.17,1013.27,596.7,60.5,sht20,bh1750,fixed_position_sensor_facing_light,included
2026-09-16T03:56:59+08:00,1770.2,492.7,0.4927,28.82,57.35,1013.3,597.5,60.5,sht20,bh1750,fixed_position_sensor_facing_light,included
2026-09-16T04:02:05+08:00,1770.4,493.0,0.493,28.95,59.47,1013.31,596.7,62.5,sht20,bh1750,fixed_position_sensor_facing_light,included
2026-09-16T04:07:10+08:00,1767.0,492.7,0.4927,29.05,61.74,1013.51,596.7,62.5,sht20,bh1750,fixed_position_sensor_facing_light,included
2026-09-16T04:12:16+08:00,1768.4,492.1,0.4921,29.07,62.98,1013.48,597.5,63.5,sht20,bh1750,fixed_position_sensor_facing_light,included
2026-09-16T04:17:21+08:00,1762.5,491.6,0.4916,29.15,64.02,1013.49,602.5,61.5,sht20,bh1750,fixed_position_sensor_facing_light,included
2026-09-16T04:22:27+08:00,1767.5,492.8,0.4928,29.18,64.51,1013.46,596.7,62.5,sht20,bh1750,fixed_position_sensor_facing_light,included
2026-09-16T04:27:32+08:00,1762.7,491.5,0.4915,29.31,64.86,1013.49,596.7,63.5,sht20,bh1750,fixed_position_sensor_facing_light,included
2026-09-16T04:32:38+08:00,1764.4,491.8,0.4918,29.34,64.69,1013.66,591.7,63.5,sht20,bh1750,fixed_position_sensor_facing_light,included
2026-09-16T04:37:43+08:00,1765.3,491.5,0.4915,28.97,56.33,1013.7,595.0,61.5,sht20,bh1750,fixed_position_sensor_facing_light,included
2026-09-16T04:42:49+08:00,1765.6,491.5,0.4915,28.73,53.58,1013.75,589.2,62.5,sht20,bh1750,fixed_position_sensor_facing_light,included
2026-09-16T04:47:54+08:00,1769.3,491.0,0.491,28.56,53.64,1013.66,596.7,62.5,sht20,bh1750,fixed_position_sensor_facing_light,included
2026-09-16T04:53:00+08:00,1767.5,492.4,0.4924,28.87,58.71,1013.9,604.2,62.5,sht20,bh1750,fixed_position_sensor_facing_light,included
2026-09-16T04:58:05+08:00,1771.6,492.9,0.4929,28.98,61.05,1013.88,594.2,62.5,sht20,bh1750,fixed_position_sensor_facing_light,included
2026-09-16T05:03:11+08:00,1766.4,492.0,0.492,29.05,62.93,1013.85,604.2,61.5,sht20,bh1750,fixed_position_sensor_facing_light,included
2026-09-16T05:08:16+08:00,1767.0,491.6,0.4916,29.13,63.73,1013.88,596.7,61.5,sht20,bh1750,fixed_position_sensor_facing_light,included
2026-09-16T05:13:22+08:00,1767.9,491.1,0.4911,29.2,64.71,1013.97,597.5,61.5,sht20,bh1750,fixed_position_sensor_facing_light,included
2026-09-16T05:18:27+08:00,1766.8,493.3,0.4933,29.27,65.12,1013.89,595.8,60.5,sht20,bh1750,fixed_position_sensor_facing_light,included
2026-09-16T05:23:33+08:00,1766.8,491.5,0.4915,29.3,64.85,1013.89,596.7,61.5,sht20,bh1750,fixed_position_sensor_facing_light,included
2026-09-16T05:28:38+08:00,1766.3,491.1,0.4911,29.33,62.12,1013.89,604.2,61.5,sht20,bh1750,fixed_position_sensor_facing_light,included
2026-09-16T05:33:44+08:00,1769.7,492.2,0.4922,28.8,56.31,1014.05,596.7,60.5,sht20,bh1750,fixed_position_sensor_facing_light,included
2026-09-16T05:38:50+08:00,1768.3,493.2,0.4932,28.68,53.69,1014.01,595.8,62.5,sht20,bh1750,fixed_position_sensor_facing_light,included
2026-09-16T05:43:55+08:00,1765.8,492.7,0.4927,28.63,55.49,1014.13,596.7,60.5,sht20,bh1750,fixed_position_sensor_facing_light,included
2026-09-16T05:49:01+08:00,1771.2,493.0,0.493,28.85,59.5,1014.19,596.7,60.5,sht20,bh1750,fixed_position_sensor_facing_light,included
2026-09-16T05:54:06+08:00,1770.8,492.5,0.4925,28.98,61.74,1014.22,597.5,62.5,sht20,bh1750,fixed_position_sensor_facing_light,included
2026-09-16T05:59:12+08:00,1767.5,491.3,0.4913,29.05,63.09,1014.37,605.0,61.5,sht20,bh1750,fixed_position_sensor_facing_light,included
2026-09-16T06:04:17+08:00,1767.0,491.9,0.4919,29.11,64.09,1014.34,600.0,60.5,sht20,bh1750,fixed_position_sensor_facing_light,included
2026-09-16T06:09:23+08:00,1764.0,493.6,0.4936,29.17,65.23,1014.43,597.5,60.5,sht20,bh1750,fixed_position_sensor_facing_light,included
2026-09-16T06:14:28+08:00,1771.3,491.7,0.4917,29.26,64.96,1014.44,598.3,61.5,sht20,bh1750,fixed_position_sensor_facing_light,included
2026-09-16T06:19:34+08:00,1765.5,492.8,0.4928,29.3,65.07,1014.47,597.5,61.5,sht20,bh1750,fixed_position_sensor_facing_light,included
2026-09-16T06:24:40+08:00,1766.8,492.8,0.4928,29.34,64.74,1014.47,596.7,61.5,sht20,bh1750,fixed_position_sensor_facing_light,included
2026-09-16T06:29:45+08:00,1765.7,491.5,0.4915,28.85,56.59,1014.42,597.5,60.5,sht20,bh1750,fixed_position_sensor_facing_light,included
2026-09-16T06:34:51+08:00,1770.2,493.0,0.493,28.7,53.56,1014.5,597.5,60.5,sht20,bh1750,fixed_position_sensor_facing_light,included
2026-09-16T06:39:56+08:00,1770.7,493.4,0.4934,28.64,56.39,1014.45,596.7,60.5,sht20,bh1750,fixed_position_sensor_facing_light,included
2026-09-16T06:45:02+08:00,1770.6,492.8,0.4928,28.87,60.18,1014.57,597.5,62.5,sht20,bh1750,fixed_position_sensor_facing_light,included
2026-09-16T06:50:07+08:00,1768.4,493.1,0.4931,28.99,61.73,1014.72,597.5,61.5,sht20,bh1750,fixed_position_sensor_facing_light,included
2026-09-16T06:55:13+08:00,1769.4,493.8,0.4938,29.07,63.47,1014.69,597.5,62.5,sht20,bh1750,fixed_position_sensor_facing_light,included
2026-09-16T07:00:18+08:00,1768.7,493.5,0.4935,29.15,64.34,1014.58,595.0,63.5,sht20,bh1750,fixed_position_sensor_facing_light,included
2026-09-16T07:05:24+08:00,1766.0,492.1,0.4921,29.08,65.52,1014.69,590.0,61.5,sht20,bh1750,fixed_position_sensor_facing_light,included
2026-09-16T07:10:29+08:00,1765.1,493.0,0.493,29.18,65.21,1014.72,598.3,61.5,sht20,bh1750,fixed_position_sensor_facing_light,included
2026-09-16T07:15:35+08:00,1763.6,492.5,0.4925,29.27,65.17,1014.84,597.5,62.5,sht20,bh1750,fixed_position_sensor_facing_light,included
2026-09-16T07:20:41+08:00,1762.9,491.2,0.4912,29.31,63.97,1014.93,600.8,61.5,sht20,bh1750,fixed_position_sensor_facing_light,included
2026-09-16T07:25:46+08:00,1768.2,491.8,0.4918,28.86,56.81,1014.83,597.5,60.5,sht20,bh1750,fixed_position_sensor_facing_light,included
2026-09-16T07:30:52+08:00,1767.8,492.1,0.4921,28.62,53.41,1014.73,590.8,62.5,sht20,bh1750,fixed_position_sensor_facing_light,included
2026-09-16T07:35:57+08:00,1769.2,493.4,0.4934,28.61,56.26,1014.85,598.3,60.5,sht20,bh1750,fixed_position_sensor_facing_light,included
2026-09-16T07:41:03+08:00,1773.6,494.0,0.494,28.9,59.6,1014.86,596.7,60.5,sht20,bh1750,fixed_position_sensor_facing_light,included
2026-09-16T07:46:08+08:00,1771.6,492.5,0.4925,28.99,61.76,1015.0,597.5,62.5,sht20,bh1750,fixed_position_sensor_facing_light,included
2026-09-16T07:51:14+08:00,1767.4,493.4,0.4934,29.07,63.35,1014.97,598.3,61.5,sht20,bh1750,fixed_position_sensor_facing_light,included
2026-09-16T07:56:19+08:00,1769.4,493.4,0.4934,29.13,64.13,1014.97,599.2,62.5,sht20,bh1750,fixed_position_sensor_facing_light,included
2026-09-16T08:01:24+08:00,1769.3,491.5,0.4915,29.15,65.16,1015.06,604.2,62.5,sht20,bh1750,fixed_position_sensor_facing_light,included
2026-09-16T08:06:30+08:00,1765.7,491.8,0.4918,29.21,64.9,1015.06,606.7,63.5,sht20,bh1750,fixed_position_sensor_facing_light,included
2026-09-16T08:11:36+08:00,1768.3,492.0,0.492,29.28,64.91,1014.95,597.5,62.5,sht20,bh1750,fixed_position_sensor_facing_light,included
2026-09-16T08:16:41+08:00,1761.9,492.2,0.4922,29.16,60.34,1015.03,599.2,62.5,sht20,bh1750,fixed_position_sensor_facing_light,included
2026-09-16T08:21:47+08:00,1766.8,491.9,0.4919,28.76,55.6,1014.96,603.3,63.5,sht20,bh1750,fixed_position_sensor_facing_light,included
2026-09-16T08:26:53+08:00,1769.9,494.0,0.494,28.58,53.19,1015.07,598.3,61.5,sht20,bh1750,fixed_position_sensor_facing_light,included
2026-09-16T08:31:58+08:00,1772.1,493.5,0.4935,28.73,58.03,1015.05,607.5,62.5,sht20,bh1750,fixed_position_sensor_facing_light,included
2026-09-16T08:37:04+08:00,1777.0,493.7,0.4938,28.92,60.58,1015.08,605.0,62.5,sht20,bh1750,fixed_position_sensor_facing_light,included
2026-09-16T08:42:09+08:00,1770.6,493.0,0.493,29.04,61.96,1015.11,595.8,61.5,sht20,bh1750,fixed_position_sensor_facing_light,included
2026-09-16T08:47:15+08:00,1771.5,493.6,0.4936,29.09,62.99,1015.14,600.8,61.5,sht20,bh1750,fixed_position_sensor_facing_light,included
2026-09-16T08:52:20+08:00,1769.4,492.6,0.4926,29.16,63.96,1015.12,594.2,62.5,sht20,bh1750,fixed_position_sensor_facing_light,included
2026-09-16T08:57:26+08:00,1765.4,492.0,0.492,29.23,64.48,1015.29,606.7,61.5,sht20,bh1750,fixed_position_sensor_facing_light,included
2026-09-16T09:02:31+08:00,1767.5,492.1,0.4921,29.28,64.51,1015.3,597.5,63.5,sht20,bh1750,fixed_position_sensor_facing_light,included
2026-09-16T09:07:37+08:00,1767.7,491.8,0.4918,29.35,64.35,1015.33,597.5,63.5,sht20,bh1750,fixed_position_sensor_facing_light,included
2026-09-16T09:12:43+08:00,1769.0,491.0,0.491,28.92,56.66,1015.34,598.3,63.5,sht20,bh1750,fixed_position_sensor_facing_light,included
2026-09-16T09:17:48+08:00,1765.8,493.3,0.4933,28.7,53.32,1015.22,604.2,62.5,sht20,bh1750,fixed_position_sensor_facing_light,included
2026-09-16T09:22:54+08:00,1769.6,492.6,0.4926,28.56,54.63,1015.15,601.7,62.5,sht20,bh1750,fixed_position_sensor_facing_light,included
2026-09-16T09:27:59+08:00,1771.0,493.6,0.4936,28.78,59.59,1015.16,600.8,60.5,sht20,bh1750,fixed_position_sensor_facing_light,included
2026-09-16T09:33:05+08:00,1772.4,492.8,0.4928,28.94,61.55,1015.2,601.7,60.5,sht20,bh1750,fixed_position_sensor_facing_light,included
2026-09-16T09:38:10+08:00,1768.7,493.7,0.4938,29.02,62.63,1014.97,593.3,62.5,sht20,bh1750,fixed_position_sensor_facing_light,included
2026-09-16T09:43:16+08:00,1768.4,492.7,0.4927,29.11,63.79,1015.0,607.5,62.5,sht20,bh1750,fixed_position_sensor_facing_light,included
2026-09-16T09:48:21+08:00,1770.4,492.1,0.4921,29.19,64.1,1015.15,603.3,61.5,sht20,bh1750,fixed_position_sensor_facing_light,included
2026-09-16T09:53:27+08:00,1769.9,491.8,0.4918,29.26,64.19,1015.01,598.3,61.5,sht20,bh1750,fixed_position_sensor_facing_light,included
2026-09-16T09:58:32+08:00,1763.1,492.0,0.492,29.36,63.65,1015.1,603.3,62.5,sht20,bh1750,fixed_position_sensor_facing_light,included
2026-09-16T10:03:38+08:00,1765.8,492.1,0.4921,28.95,56.63,1015.0,600.0,63.5,sht20,bh1750,fixed_position_sensor_facing_light,included
2026-09-16T10:08:43+08:00,1769.8,490.5,0.4905,28.77,53.23,1014.85,608.3,62.5,sht20,bh1750,fixed_position_sensor_facing_light,included
2026-09-16T10:13:49+08:00,1771.2,492.8,0.4928,28.58,52.07,1014.88,601.7,62.5,sht20,bh1750,fixed_position_sensor_facing_light,included
2026-09-16T10:18:54+08:00,1772.0,494.2,0.4942,28.83,58.95,1014.96,617.5,62.5,sht20,bh1750,fixed_position_sensor_facing_light,included
2026-09-16T10:24:00+08:00,1771.7,492.4,0.4924,28.92,61.25,1014.97,609.2,61.5,sht20,bh1750,fixed_position_sensor_facing_light,included
2026-09-16T10:29:05+08:00,1773.5,493.2,0.4932,29.04,62.27,1015.03,600.8,61.5,sht20,bh1750,fixed_position_sensor_facing_light,included
2026-09-16T10:34:11+08:00,1766.2,491.2,0.4912,29.06,63.73,1014.94,605.8,60.5,sht20,bh1750,fixed_position_sensor_facing_light,included
2026-09-16T10:39:16+08:00,1768.0,492.1,0.4921,29.22,64.23,1014.93,600.8,60.5,sht20,bh1750,fixed_position_sensor_facing_light,included
2026-09-16T10:44:22+08:00,1764.5,493.3,0.4933,29.35,63.91,1014.73,605.0,60.5,sht20,bh1750,fixed_position_sensor_facing_light,included
2026-09-16T10:49:27+08:00,1772.8,493.0,0.493,29.42,63.83,1014.7,605.0,62.5,sht20,bh1750,fixed_position_sensor_facing_light,included
2026-09-16T10:54:33+08:00,1770.5,493.2,0.4933,28.9,56.4,1014.69,602.5,63.5,sht20,bh1750,fixed_position_sensor_facing_light,included
2026-09-16T10:59:38+08:00,1774.0,495.7,0.4957,28.73,53.78,1014.62,606.7,62.5,sht20,bh1750,fixed_position_sensor_facing_light,included
2026-09-16T11:04:44+08:00,1777.4,493.9,0.4939,28.53,51.73,1014.61,608.3,61.5,sht20,bh1750,fixed_position_sensor_facing_light,included
2026-09-16T11:09:49+08:00,1768.9,494.6,0.4946,28.53,53.14,1014.5,604.2,60.5,sht20,bh1750,fixed_position_sensor_facing_light,included
2026-09-16T11:14:55+08:00,1770.5,495.0,0.495,28.91,58.01,1014.45,606.7,60.5,sht20,bh1750,fixed_position_sensor_facing_light,included
2026-09-16T11:20:00+08:00,1775.3,494.1,0.4941,29.0,60.25,1014.46,609.2,60.5,sht20,bh1750,fixed_position_sensor_facing_light,included
2026-09-16T11:25:06+08:00,1774.6,493.6,0.4936,29.09,61.29,1014.34,609.2,62.5,sht20,bh1750,fixed_position_sensor_facing_light,included
2026-09-16T11:30:11+08:00,1773.5,494.3,0.4943,29.18,61.67,1014.09,608.3,61.5,sht20,bh1750,fixed_position_sensor_facing_light,included
2026-09-16T11:35:17+08:00,1768.7,492.8,0.4928,29.27,62.81,1014.29,604.2,62.5,sht20,bh1750,fixed_position_sensor_facing_light,included
2026-09-16T11:40:22+08:00,1770.5,492.6,0.4926,29.33,63.08,1014.09,607.5,61.5,sht20,bh1750,fixed_position_sensor_facing_light,included
2026-09-16T11:45:28+08:00,1769.6,492.6,0.4926,29.37,62.06,1014.06,607.5,61.5,sht20,bh1750,fixed_position_sensor_facing_light,included
2026-09-16T11:50:33+08:00,1769.2,492.0,0.492,28.94,54.5,1014.05,601.7,60.5,sht20,bh1750,fixed_position_sensor_facing_light,included
2026-09-16T11:55:39+08:00,1769.4,493.7,0.4937,28.74,52.71,1013.99,602.5,60.5,sht20,bh1750,fixed_position_sensor_facing_light,included
2026-09-16T12:00:44+08:00,1769.9,493.1,0.4931,28.77,50.69,1013.81,611.7,60.5,sht20,bh1750,fixed_position_sensor_facing_light,included
2026-09-16T12:05:50+08:00,1774.1,493.3,0.4933,28.52,49.16,1013.8,603.3,59.5,sht20,bh1750,fixed_position_sensor_facing_light,included
2026-09-16T12:10:55+08:00,1772.0,493.6,0.4936,28.74,55.62,1013.78,603.3,60.5,sht20,bh1750,fixed_position_sensor_facing_light,included
2026-09-16T12:16:00+08:00,1775.3,493.5,0.4935,28.9,58.77,1013.88,604.2,60.5,sht20,bh1750,fixed_position_sensor_facing_light,included
2026-09-16T12:21:06+08:00,1769.5,493.0,0.493,29.14,60.43,1013.74,604.2,62.5,sht20,bh1750,fixed_position_sensor_facing_light,included
2026-09-16T12:26:11+08:00,1769.6,494.2,0.4942,29.29,63.73,1013.74,612.5,61.5,sht20,bh1750,fixed_position_sensor_facing_light,included
2026-09-16T12:31:17+08:00,1769.5,492.6,0.4926,29.35,65.53,1013.75,602.5,61.5,sht20,bh1750,fixed_position_sensor_facing_light,included
2026-09-16T12:36:22+08:00,1767.8,492.5,0.4925,29.29,62.47,1013.46,600.0,61.5,sht20,bh1750,fixed_position_sensor_facing_light,included
2026-09-16T12:41:28+08:00,1770.8,493.0,0.493,28.88,56.52,1013.45,602.5,60.5,sht20,bh1750,fixed_position_sensor_facing_light,included
2026-09-16T12:46:34+08:00,1772.2,492.6,0.4926,28.77,53.6,1013.27,597.5,60.5,sht20,bh1750,fixed_position_sensor_facing_light,included
2026-09-16T12:51:39+08:00,1772.3,494.0,0.494,28.56,51.5,1013.18,600.8,59.5,sht20,bh1750,fixed_position_sensor_facing_light,included
2026-09-16T12:56:45+08:00,1773.5,493.5,0.4935,28.45,50.36,1013.29,610.0,59.5,sht20,bh1750,fixed_position_sensor_facing_light,included
2026-09-16T13:01:50+08:00,1774.3,494.0,0.494,28.42,48.83,1013.26,603.3,59.5,sht20,bh1750,fixed_position_sensor_facing_light,included
2026-09-16T13:06:56+08:00,1776.5,494.0,0.494,28.31,52.74,1013.2,604.2,60.5,sht20,bh1750,fixed_position_sensor_facing_light,included
2026-09-16T13:12:01+08:00,1773.7,494.5,0.4945,28.62,57.35,1013.15,611.7,61.5,sht20,bh1750,fixed_position_sensor_facing_light,included
2026-09-16T13:17:07+08:00,1774.8,494.3,0.4943,28.79,59.22,1013.07,601.7,62.5,sht20,bh1750,fixed_position_sensor_facing_light,included
2026-09-16T13:22:12+08:00,1770.5,493.7,0.4937,28.94,59.85,1013.03,610.8,62.5,sht20,bh1750,fixed_position_sensor_facing_light,included
2026-09-16T13:27:18+08:00,1767.5,493.1,0.4931,29.0,61.69,1013.06,605.8,62.5,sht20,bh1750,fixed_position_sensor_facing_light,included
2026-09-16T13:32:23+08:00,1768.4,492.3,0.4922,29.13,62.22,1013.03,611.7,63.5,sht20,bh1750,fixed_position_sensor_facing_light,included
2026-09-16T13:37:29+08:00,1675.4,468.0,0.468,29.16,62.82,1013.11,144.2,61.5,sht20,bh1750,fixed_position_sensor_facing_light,included
2026-09-16T13:42:34+08:00,1675.5,467.4,0.4674,29.12,63.26,1013.03,147.5,62.5,sht20,bh1750,fixed_position_sensor_facing_light,included
2026-09-16T13:47:40+08:00,1675.1,466.6,0.4666,28.7,55.23,1013.02,145.8,61.5,sht20,bh1750,fixed_position_sensor_facing_light,included
2026-09-16T13:52:45+08:00,1680.4,468.2,0.4682,28.54,52.1,1012.9,145.0,60.5,sht20,bh1750,fixed_position_sensor_facing_light,included
2026-09-16T13:57:51+08:00,1682.2,469.1,0.4691,28.37,49.92,1013.01,146.7,59.5,sht20,bh1750,fixed_position_sensor_facing_light,included
2026-09-16T14:02:56+08:00,1685.6,469.7,0.4697,28.29,49.06,1012.98,144.2,59.5,sht20,bh1750,fixed_position_sensor_facing_light,included
2026-09-16T14:08:02+08:00,1687.0,469.9,0.4699,28.23,50.73,1012.8,143.3,61.5,sht20,bh1750,fixed_position_sensor_facing_light,included
2026-09-16T14:13:07+08:00,1684.8,470.6,0.4706,28.7,56.15,1012.88,147.5,60.5,sht20,bh1750,fixed_position_sensor_facing_light,included
2026-09-16T14:18:13+08:00,1683.8,470.5,0.4705,28.73,58.43,1012.99,146.7,60.5,sht20,bh1750,fixed_position_sensor_facing_light,included
2026-09-16T14:23:18+08:00,1679.3,468.2,0.4682,28.83,59.91,1012.79,146.7,59.5,sht20,bh1750,fixed_position_sensor_facing_light,included
2026-09-16T14:28:24+08:00,1682.0,469.0,0.469,28.9,61.6,1012.82,145.0,60.5,sht20,bh1750,fixed_position_sensor_facing_light,included
2026-09-16T14:33:29+08:00,1681.6,469.4,0.4694,28.97,61.93,1012.88,145.0,62.5,sht20,bh1750,fixed_position_sensor_facing_light,included
2026-09-16T14:38:35+08:00,1675.5,468.9,0.4689,29.02,62.76,1012.65,145.8,62.5,sht20,bh1750,fixed_position_sensor_facing_light,included
2026-09-16T14:43:40+08:00,1683.4,468.3,0.4683,28.89,57.18,1012.71,144.2,61.5,sht20,bh1750,fixed_position_sensor_facing_light,included
2026-09-16T14:48:45+08:00,1681.3,469.0,0.469,28.57,52.75,1012.7,146.7,60.5,sht20,bh1750,fixed_position_sensor_facing_light,included
2026-09-16T14:53:51+08:00,1686.4,468.1,0.4681,28.44,50.36,1012.61,145.8,62.5,sht20,bh1750,fixed_position_sensor_facing_light,included
2026-09-16T14:58:56+08:00,1681.9,469.8,0.4698,28.28,49.21,1012.6,145.0,62.5,sht20,bh1750,fixed_position_sensor_facing_light,included
2026-09-16T15:04:02+08:00,1684.0,469.9,0.4699,28.23,50.63,1012.63,145.0,62.5,sht20,bh1750,fixed_position_sensor_facing_light,included
2026-09-16T15:09:07+08:00,1687.1,470.0,0.47,28.6,56.31,1012.73,145.8,62.5,sht20,bh1750,fixed_position_sensor_facing_light,included
2026-09-16T15:14:13+08:00,1682.5,470.0,0.47,28.72,58.5,1012.79,145.0,60.5,sht20,bh1750,fixed_position_sensor_facing_light,included
2026-09-16T15:19:18+08:00,1683.2,469.2,0.4692,28.77,60.33,1012.73,145.8,60.5,sht20,bh1750,fixed_position_sensor_facing_light,included
2026-09-16T15:24:24+08:00,1681.0,468.6,0.4686,28.92,60.73,1012.68,145.0,60.5,sht20,bh1750,fixed_position_sensor_facing_light,included
2026-09-16T15:29:29+08:00,1680.6,469.0,0.469,29.02,61.3,1012.83,144.2,60.5,sht20,bh1750,fixed_position_sensor_facing_light,included
2026-09-16T15:34:35+08:00,1682.0,469.4,0.4694,29.04,62.13,1012.91,145.0,60.5,sht20,bh1750,fixed_position_sensor_facing_light,included
2026-09-16T15:39:40+08:00,1679.3,468.9,0.4689,29.01,57.09,1012.86,144.2,60.5,sht20,bh1750,fixed_position_sensor_facing_light,included
2026-09-16T15:44:46+08:00,1681.8,468.0,0.468,28.59,53.37,1012.79,144.2,60.5,sht20,bh1750,fixed_position_sensor_facing_light,included
2026-09-16T15:49:51+08:00,1685.3,469.6,0.4696,28.52,50.72,1012.81,144.2,61.5,sht20,bh1750,fixed_position_sensor_facing_light,included
2026-09-16T15:54:57+08:00,1685.0,469.5,0.4695,28.33,49.35,1012.69,142.5,62.5,sht20,bh1750,fixed_position_sensor_facing_light,included
2026-09-16T16:00:02+08:00,1686.5,470.5,0.4705,28.31,51.55,1012.75,144.2,60.5,sht20,bh1750,fixed_position_sensor_facing_light,included
2026-09-16T16:05:08+08:00,1684.1,470.0,0.47,28.6,56.82,1012.84,144.2,59.5,sht20,bh1750,fixed_position_sensor_facing_light,included
2026-09-16T16:10:13+08:00,1684.5,469.7,0.4697,28.69,59.05,1012.85,145.0,59.5,sht20,bh1750,fixed_position_sensor_facing_light,included
2026-09-16T16:15:19+08:00,1678.2,468.8,0.4688,28.82,60.12,1012.76,145.0,60.5,sht20,bh1750,fixed_position_sensor_facing_light,included
2026-09-16T16:20:24+08:00,1679.2,468.8,0.4688,28.89,61.17,1012.97,144.2,62.5,sht20,bh1750,fixed_position_sensor_facing_light,included
2026-09-16T16:25:30+08:00,1681.4,469.1,0.4691,28.92,62.02,1012.85,144.2,62.5,sht20,bh1750,fixed_position_sensor_facing_light,included
2026-09-16T16:30:35+08:00,1683.3,469.6,0.4696,28.99,62.08,1012.94,144.2,62.5,sht20,bh1750,fixed_position_sensor_facing_light,included
2026-09-16T16:35:41+08:00,1680.3,469.2,0.4692,28.76,55.9,1012.88,144.2,62.5,sht20,bh1750,fixed_position_sensor_facing_light,included
2026-09-16T16:40:46+08:00,1683.7,469.7,0.4697,28.55,52.53,1012.84,144.2,60.5,sht20,bh1750,fixed_position_sensor_facing_light,included
2026-09-16T16:45:52+08:00,1684.1,468.7,0.4687,28.47,50.69,1012.87,144.2,60.5,sht20,bh1750,fixed_position_sensor_facing_light,included
2026-09-16T16:50:57+08:00,1681.8,469.7,0.4697,28.4,49.4,1012.98,145.0,59.5,sht20,bh1750,fixed_position_sensor_facing_light,included
2026-09-16T16:56:03+08:00,1684.3,469.8,0.4698,28.33,51.17,1012.95,144.2,59.5,sht20,bh1750,fixed_position_sensor_facing_light,included
2026-09-16T17:01:08+08:00,1688.5,470.2,0.4702,28.6,57.19,1013.02,144.2,59.5,sht20,bh1750,fixed_position_sensor_facing_light,included
2026-09-16T17:06:14+08:00,1684.0,469.5,0.4695,28.78,58.8,1013.13,145.0,59.5,sht20,bh1750,fixed_position_sensor_facing_light,included
2026-09-16T17:11:19+08:00,1683.9,468.9,0.4689,28.86,60.72,1013.19,144.2,60.5,sht20,bh1750,fixed_position_sensor_facing_light,included
2026-09-16T17:16:25+08:00,1683.7,469.9,0.4699,28.91,62.24,1013.16,143.3,62.5,sht20,bh1750,fixed_position_sensor_facing_light,included
2026-09-16T17:21:30+08:00,1160.2,323.8,0.3238,28.98,63.27,1013.25,81.7,62.5,sht20,bh1750,fixed_position_sensor_facing_light,included
2026-09-16T17:26:36+08:00,1679.9,469.3,0.4692,28.97,63.88,1013.22,123.3,62.5,sht20,bh1750,fixed_position_sensor_facing_light,included
2026-09-16T17:31:41+08:00,1680.0,468.1,0.4681,28.75,56.7,1013.33,130.0,62.5,sht20,bh1750,fixed_position_sensor_facing_light,included
2026-09-16T17:36:47+08:00,1663.6,464.1,0.4641,28.69,53.18,1013.3,146.7,61.5,sht20,bh1750,fixed_position_sensor_facing_light,included
2026-09-16T17:41:52+08:00,1660.9,464.0,0.464,29.14,49.69,1013.2,147.5,60.5,sht20,bh1750,fixed_position_sensor_facing_light,included
2026-09-16T17:46:58+08:00,1634.9,455.8,0.4558,28.99,48.28,1013.34,149.2,60.5,sht20,bh1750,fixed_position_sensor_facing_light,included
2026-09-16T17:52:03+08:00,1638.1,456.9,0.4569,28.62,47.86,1013.3,150.0,60.5,sht20,bh1750,fixed_position_sensor_facing_light,included
2026-09-16T17:57:09+08:00,1641.2,458.7,0.4587,28.63,53.27,1013.3,150.8,60.5,sht20,bh1750,fixed_position_sensor_facing_light,included
2026-09-16T18:02:14+08:00,1643.1,459.4,0.4594,28.79,56.75,1013.3,150.0,59.5,sht20,bh1750,fixed_position_sensor_facing_light,included
2026-09-16T18:07:20+08:00,1646.0,459.7,0.4597,28.92,59.24,1013.36,150.8,62.5,sht20,bh1750,fixed_position_sensor_facing_light,included
2026-09-16T18:12:25+08:00,1649.4,459.5,0.4595,28.87,60.76,1013.39,150.0,62.5,sht20,bh1750,fixed_position_sensor_facing_light,included
2026-09-16T18:17:31+08:00,1647.7,460.0,0.46,28.97,61.68,1013.45,150.8,62.5,sht20,bh1750,fixed_position_sensor_facing_light,included
2026-09-16T18:22:36+08:00,1650.9,460.7,0.4607,28.89,63.23,1013.56,150.8,61.5,sht20,bh1750,fixed_position_sensor_facing_light,included
2026-09-16T18:27:41+08:00,1651.2,460.0,0.46,28.97,63.36,1013.65,152.5,62.5,sht20,bh1750,fixed_position_sensor_facing_light,included
2026-09-16T18:32:47+08:00,1652.9,460.9,0.4609,28.74,55.04,1013.64,150.0,61.5,sht20,bh1750,fixed_position_sensor_facing_light,included
2026-09-16T18:37:52+08:00,1655.4,461.3,0.4613,28.58,52.47,1013.72,150.0,60.5,sht20,bh1750,fixed_position_sensor_facing_light,included
2026-09-16T18:42:58+08:00,1654.4,461.8,0.4618,28.6,50.1,1013.61,150.8,60.5,sht20,bh1750,fixed_position_sensor_facing_light,included
2026-09-16T18:48:03+08:00,1659.0,462.8,0.4628,28.4,49.29,1013.75,150.0,59.5,sht20,bh1750,fixed_position_sensor_facing_light,included
2026-09-16T18:53:09+08:00,1656.7,461.9,0.4619,28.63,56.35,1013.81,150.0,59.5,sht20,bh1750,fixed_position_sensor_facing_light,included
2026-09-16T18:58:14+08:00,1655.3,461.6,0.4616,28.69,58.66,1013.81,149.2,59.5,sht20,bh1750,fixed_position_sensor_facing_light,included
2026-09-16T19:03:21+08:00,1658.9,462.6,0.4626,28.7,60.89,1013.87,150.0,60.5,sht20,bh1750,fixed_position_sensor_facing_light,included
2026-09-16T19:08:26+08:00,1658.5,461.9,0.4619,28.78,62.48,1013.99,150.8,60.5,sht20,bh1750,fixed_position_sensor_facing_light,included
2026-09-16T19:13:32+08:00,1660.2,461.6,0.4616,28.89,62.92,1013.99,150.8,60.5,sht20,bh1750,fixed_position_sensor_facing_light,included
2026-09-16T19:18:37+08:00,1631.3,455.9,0.4559,29.01,62.74,1013.99,110.8,60.5,sht20,bh1750,fixed_position_sensor_facing_light,included
2026-09-16T19:23:42+08:00,1635.5,455.3,0.4553,29.13,60.38,1014.14,110.8,60.5,sht20,bh1750,fixed_position_sensor_facing_light,included
2026-09-16T19:28:48+08:00,1629.2,455.8,0.4558,29.27,59.06,1014.15,112.5,60.5,sht20,bh1750,fixed_position_sensor_facing_light,included
2026-09-16T19:33:53+08:00,1631.4,455.9,0.4559,29.35,58.45,1014.09,110.8,61.5,sht20,bh1750,fixed_position_sensor_facing_light,included
2026-09-16T19:38:59+08:00,1631.8,454.8,0.4548,29.46,57.92,1014.21,111.7,61.5,sht20,bh1750,fixed_position_sensor_facing_light,included
2026-09-16T19:44:04+08:00,1629.8,454.3,0.4543,29.54,57.16,1014.21,111.7,61.5,sht20,bh1750,fixed_position_sensor_facing_light,included
2026-09-16T19:49:10+08:00,1628.2,453.8,0.4538,29.62,56.61,1014.28,110.8,61.5,sht20,bh1750,fixed_position_sensor_facing_light,included
2026-09-16T19:54:15+08:00,1631.3,454.2,0.4542,29.65,56.31,1014.42,110.8,61.5,sht20,bh1750,fixed_position_sensor_facing_light,included
2026-09-16T19:59:21+08:00,1628.0,454.0,0.454,29.62,56.58,1014.45,112.5,61.5,sht20,bh1750,fixed_position_sensor_facing_light,included
2026-09-16T20:04:26+08:00,1625.3,453.4,0.4534,29.7,56.01,1014.42,111.7,63.5,sht20,bh1750,fixed_position_sensor_facing_light,included
2026-09-16T20:09:32+08:00,1625.2,454.9,0.4549,29.74,56.23,1014.48,110.0,62.5,sht20,bh1750,fixed_position_sensor_facing_light,included
2026-09-16T20:14:37+08:00,1627.7,454.0,0.454,29.68,56.29,1014.57,110.8,63.5,sht20,bh1750,fixed_position_sensor_facing_light,included
2026-09-16T20:19:43+08:00,1627.9,454.8,0.4548,29.77,55.74,1014.6,110.8,64.5,sht20,bh1750,fixed_position_sensor_facing_light,included
2026-09-16T20:24:48+08:00,1623.2,453.5,0.4535,29.76,56.08,1014.57,110.8,62.5,sht20,bh1750,fixed_position_sensor_facing_light,included
2026-09-16T20:29:54+08:00,1626.2,454.0,0.454,29.8,55.33,1014.6,110.8,62.5,sht20,bh1750,fixed_position_sensor_facing_light,included
2026-09-16T20:34:59+08:00,1624.2,453.2,0.4532,29.89,55.61,1014.69,110.8,63.5,sht20,bh1750,fixed_position_sensor_facing_light,included
2026-09-16T20:40:05+08:00,1626.2,454.0,0.454,29.85,54.93,1014.8,110.8,62.5,sht20,bh1750,fixed_position_sensor_facing_light,included
2026-09-16T20:45:10+08:00,1624.8,452.8,0.4528,29.93,54.87,1014.78,110.8,63.5,sht20,bh1750,fixed_position_sensor_facing_light,included
2026-09-16T20:50:16+08:00,1623.3,453.4,0.4534,29.95,55.08,1014.75,112.5,64.5,sht20,bh1750,fixed_position_sensor_facing_light,included
2026-09-16T20:55:21+08:00,1627.1,453.7,0.4537,29.93,55.2,1014.78,109.2,62.5,sht20,bh1750,fixed_position_sensor_facing_light,included
2026-09-16T21:00:27+08:00,1622.9,452.2,0.4522,29.95,55.22,1014.72,110.8,62.5,sht20,bh1750,fixed_position_sensor_facing_light,included
2026-09-16T21:05:32+08:00,1627.3,452.9,0.4529,30.09,54.45,1014.64,109.2,62.5,sht20,bh1750,fixed_position_sensor_facing_light,included
2026-09-16T21:10:38+08:00,1621.5,453.5,0.4535,30.01,54.76,1014.81,110.8,63.5,sht20,bh1750,fixed_position_sensor_facing_light,included
2026-09-16T21:15:43+08:00,1623.5,452.6,0.4526,30.07,54.78,1014.78,110.8,64.5,sht20,bh1750,fixed_position_sensor_facing_light,included
2026-09-16T21:20:48+08:00,1623.1,452.1,0.4521,30.08,54.46,1014.78,110.8,62.5,sht20,bh1750,fixed_position_sensor_facing_light,included
2026-09-16T21:25:54+08:00,1625.3,454.0,0.454,29.73,51.88,1014.77,115.0,62.5,sht20,bh1750,fixed_position_sensor_facing_light,included
2026-09-16T21:30:59+08:00,1627.5,453.8,0.4538,29.22,49.11,1014.67,119.2,61.5,sht20,bh1750,fixed_position_sensor_facing_light,included
2026-09-16T21:36:05+08:00,1650.8,460.7,0.4607,28.89,47.81,1014.63,119.2,60.5,sht20,bh1750,fixed_position_sensor_facing_light,included
2026-09-16T21:41:10+08:00,1001.7,279.4,0.2794,28.72,46.83,1014.68,45.8,60.5,sht20,bh1750,fixed_position_sensor_facing_light,included
2026-09-16T21:46:16+08:00,1658.6,463.5,0.4635,28.57,45.41,1014.67,121.7,59.5,sht20,bh1750,fixed_position_sensor_facing_light,included
2026-09-16T21:51:21+08:00,1630.8,455.1,0.4551,28.84,52.4,1014.6,101.7,59.5,sht20,bh1750,fixed_position_sensor_facing_light,included
2026-09-16T21:56:27+08:00,1667.1,465.1,0.4651,28.92,55.71,1014.57,118.3,61.5,sht20,bh1750,fixed_position_sensor_facing_light,included
2026-09-16T22:01:32+08:00,1664.0,465.3,0.4653,29.04,56.62,1014.6,115.0,60.5,sht20,bh1750,fixed_position_sensor_facing_light,included
2026-09-16T22:06:38+08:00,907.7,253.5,0.2535,29.03,59.16,1014.72,41.7,62.5,sht20,bh1750,fixed_position_sensor_facing_light,included
2026-09-16T22:11:43+08:00,1653.4,461.0,0.461,29.11,60.96,1014.75,115.8,62.5,sht20,bh1750,fixed_position_sensor_facing_light,included
2026-09-16T22:16:48+08:00,1646.4,459.6,0.4596,29.18,61.68,1014.69,113.3,62.5,sht20,bh1750,fixed_position_sensor_facing_light,included
2026-09-16T22:21:54+08:00,1660.1,462.7,0.4627,29.12,56.69,1014.72,116.7,61.5,sht20,bh1750,fixed_position_sensor_facing_light,included
2026-09-16T22:26:59+08:00,1679.9,469.7,0.4697,28.84,52.67,1014.74,144.2,62.5,sht20,bh1750,fixed_position_sensor_facing_light,included
2026-09-16T22:32:05+08:00,1681.7,469.2,0.4692,28.63,49.89,1014.73,145.0,60.5,sht20,bh1750,fixed_position_sensor_facing_light,included
2026-09-16T22:37:10+08:00,1664.9,463.6,0.4636,28.4,48.44,1014.61,137.5,59.5,sht20,bh1750,fixed_position_sensor_facing_light,included
2026-09-16T22:42:16+08:00,1677.4,470.1,0.4701,28.58,54.41,1014.53,145.0,59.5,sht20,bh1750,fixed_position_sensor_facing_light,included
2026-09-16T22:47:21+08:00,1685.2,469.3,0.4693,28.76,57.26,1014.45,145.8,59.5,sht20,bh1750,fixed_position_sensor_facing_light,included
2026-09-16T22:52:27+08:00,1679.3,468.6,0.4686,28.94,59.25,1014.4,145.8,60.5,sht20,bh1750,fixed_position_sensor_facing_light,included
2026-09-16T22:57:32+08:00,1682.8,468.3,0.4683,28.97,60.58,1014.37,142.5,62.5,sht20,bh1750,fixed_position_sensor_facing_light,included
2026-09-16T23:02:38+08:00,1680.4,469.1,0.4691,29.02,61.37,1014.31,147.5,61.5,sht20,bh1750,fixed_position_sensor_facing_light,included
2026-09-16T23:07:43+08:00,1680.8,469.0,0.469,29.04,62.35,1014.46,145.0,60.5,sht20,bh1750,fixed_position_sensor_facing_light,included
2026-09-16T23:12:49+08:00,1680.1,468.1,0.4681,29.0,58.52,1014.4,146.7,60.5,sht20,bh1750,fixed_position_sensor_facing_light,included
2026-09-16T23:17:54+08:00,1681.5,469.0,0.469,28.79,54.52,1014.36,141.7,62.5,sht20,bh1750,fixed_position_sensor_facing_light,included
2026-09-16T23:23:00+08:00,1679.8,468.6,0.4686,29.08,55.44,1014.29,142.5,62.5,sht20,bh1750,fixed_position_sensor_facing_light,included
2026-09-16T23:28:05+08:00,1677.1,469.1,0.4691,29.14,55.76,1014.09,141.7,63.5,sht20,bh1750,fixed_position_sensor_facing_light,included
2026-09-16T23:33:10+08:00,1675.4,466.7,0.4667,29.29,55.37,1014.15,141.7,63.5,sht20,bh1750,fixed_position_sensor_facing_light,included
2026-09-16T23:38:16+08:00,1680.3,468.4,0.4684,29.36,55.48,1014.15,141.7,64.5,sht20,bh1750,fixed_position_sensor_facing_light,included
2026-09-16T23:43:21+08:00,1672.0,467.6,0.4676,29.47,55.22,1014.15,144.2,64.5,sht20,bh1750,fixed_position_sensor_facing_light,included
2026-09-16T23:48:27+08:00,1673.8,467.6,0.4676,29.51,54.92,1014.04,141.7,62.5,sht20,bh1750,fixed_position_sensor_facing_light,included
2026-09-16T23:53:32+08:00,1676.8,466.3,0.4663,29.38,55.65,1013.98,143.3,61.5,sht20,bh1750,fixed_position_sensor_facing_light,included
2026-09-16T23:58:38+08:00,1674.6,468.1,0.4681,29.45,55.2,1014.21,141.7,61.5,sht20,bh1750,fixed_position_sensor_facing_light,included
2026-09-17T00:03:43+08:00,1677.7,467.4,0.4674,29.46,55.19,1014.1,143.3,63.5,sht20,bh1750,fixed_position_sensor_facing_light,included
2026-09-17T00:08:49+08:00,1675.8,467.2,0.4672,29.48,55.39,1013.92,140.0,63.5,sht20,bh1750,fixed_position_sensor_facing_light,included
2026-09-17T00:13:54+08:00,1675.7,467.3,0.4673,29.52,55.04,1013.92,141.7,64.5,sht20,bh1750,fixed_position_sensor_facing_light,included
2026-09-17T00:19:00+08:00,1673.3,467.2,0.4672,29.56,54.71,1013.9,141.7,62.5,sht20,bh1750,fixed_position_sensor_facing_light,included
2026-09-17T00:24:05+08:00,1671.4,466.6,0.4666,29.53,55.23,1013.89,144.2,62.5,sht20,bh1750,fixed_position_sensor_facing_light,included
2026-09-17T00:29:11+08:00,1673.4,466.6,0.4666,29.66,54.81,1013.96,140.8,62.5,sht20,bh1750,fixed_position_sensor_facing_light,included
2026-09-17T00:34:16+08:00,1675.0,467.8,0.4678,29.63,54.67,1013.96,141.7,62.5,sht20,bh1750,fixed_position_sensor_facing_light,included
2026-09-17T00:39:22+08:00,1673.1,467.6,0.4676,29.58,55.16,1013.93,141.7,62.5,sht20,bh1750,fixed_position_sensor_facing_light,included
2026-09-17T00:44:27+08:00,1674.5,466.7,0.4667,29.68,54.55,1013.7,141.7,61.5,sht20,bh1750,fixed_position_sensor_facing_light,included
2026-09-17T00:49:33+08:00,1674.2,466.5,0.4665,29.61,54.87,1013.72,141.7,61.5,sht20,bh1750,fixed_position_sensor_facing_light,included
2026-09-17T00:54:38+08:00,1676.4,466.2,0.4662,29.68,54.81,1013.61,141.7,62.5,sht20,bh1750,fixed_position_sensor_facing_light,included
2026-09-17T00:59:44+08:00,1673.3,467.7,0.4677,29.62,54.66,1013.67,141.7,62.5,sht20,bh1750,fixed_position_sensor_facing_light,included
2026-09-17T01:04:49+08:00,1674.5,467.2,0.4672,29.75,54.43,1013.55,141.7,63.5,sht20,bh1750,fixed_position_sensor_facing_light,included
2026-09-17T01:09:54+08:00,1674.6,466.6,0.4666,29.71,54.47,1013.5,141.7,62.5,sht20,bh1750,fixed_position_sensor_facing_light,included
2026-09-17T01:15:00+08:00,1676.6,468.5,0.4685,29.71,54.2,1013.55,148.3,62.5,sht20,bh1750,fixed_position_sensor_facing_light,included
2026-09-17T01:20:05+08:00,1678.0,467.0,0.467,29.76,54.28,1013.48,142.5,62.5,sht20,bh1750,fixed_position_sensor_facing_light,included
2026-09-17T01:25:11+08:00,1677.1,466.9,0.4669,29.72,54.71,1013.47,142.5,63.5,sht20,bh1750,fixed_position_sensor_facing_light,included
2026-09-17T01:30:16+08:00,1675.8,467.5,0.4675,29.68,54.3,1013.44,142.5,62.5,sht20,bh1750,fixed_position_sensor_facing_light,included
2026-09-17T01:35:22+08:00,1672.8,467.7,0.4677,29.53,54.96,1013.44,142.5,61.5,sht20,bh1750,fixed_position_sensor_facing_light,included
2026-09-17T01:40:28+08:00,1677.5,466.4,0.4664,29.64,54.72,1013.42,142.5,63.5,sht20,bh1750,fixed_position_sensor_facing_light,included
2026-09-17T01:45:33+08:00,1678.4,467.0,0.467,29.7,54.08,1013.33,142.5,63.5,sht20,bh1750,fixed_position_sensor_facing_light,included
2026-09-17T01:50:39+08:00,1679.4,467.8,0.4678,29.72,54.49,1013.18,142.5,64.5,sht20,bh1750,fixed_position_sensor_facing_light,included
2026-09-17T01:55:44+08:00,1675.8,467.5,0.4675,29.59,55.23,1013.15,142.5,62.5,sht20,bh1750,fixed_position_sensor_facing_light,included
2026-09-17T02:00:50+08:00,1676.1,468.3,0.4683,29.71,54.06,1013.13,142.5,62.5,sht20,bh1750,fixed_position_sensor_facing_light,included
2026-09-17T02:05:55+08:00,1674.8,467.3,0.4673,29.58,54.65,1013.18,142.5,61.5,sht20,bh1750,fixed_position_sensor_facing_light,included
2026-09-17T02:11:01+08:00,1678.6,466.8,0.4668,29.38,55.36,1013.15,142.5,63.5,sht20,bh1750,fixed_position_sensor_facing_light,included
2026-09-17T02:16:06+08:00,1675.0,467.6,0.4676,29.6,54.3,1013.02,142.5,62.5,sht20,bh1750,fixed_position_sensor_facing_light,included
2026-09-17T02:21:12+08:00,1674.1,467.9,0.4679,29.53,54.62,1012.99,142.5,61.5,sht20,bh1750,fixed_position_sensor_facing_light,included
2026-09-17T02:26:17+08:00,1674.7,467.9,0.4679,29.62,54.58,1013.02,140.0,61.5,sht20,bh1750,fixed_position_sensor_facing_light,included
2026-09-17T02:31:23+08:00,1676.1,467.7,0.4677,29.56,54.87,1012.96,141.7,61.5,sht20,bh1750,fixed_position_sensor_facing_light,included
2026-09-17T02:36:28+08:00,1672.0,467.8,0.4678,29.57,54.3,1012.81,144.2,61.5,sht20,bh1750,fixed_position_sensor_facing_light,included
2026-09-17T02:41:34+08:00,1679.1,468.2,0.4682,29.46,54.71,1012.75,142.5,63.5,sht20,bh1750,fixed_position_sensor_facing_light,included
2026-09-17T02:46:39+08:00,1677.4,467.3,0.4673,29.38,54.72,1012.66,143.3,63.5,sht20,bh1750,fixed_position_sensor_facing_light,included
2026-09-17T02:51:45+08:00,1676.4,467.4,0.4674,29.21,55.57,1012.8,144.2,63.5,sht20,bh1750,fixed_position_sensor_facing_light,included
2026-09-17T02:56:50+08:00,1677.0,468.7,0.4687,29.13,56.5,1012.6,142.5,61.5,sht20,bh1750,fixed_position_sensor_facing_light,included
2026-09-17T03:01:56+08:00,1679.4,469.3,0.4693,28.93,57.37,1012.62,142.5,61.5,sht20,bh1750,fixed_position_sensor_facing_light,included
2026-09-17T03:07:01+08:00,1681.4,469.1,0.4691,28.8,58.47,1012.68,144.2,62.5,sht20,bh1750,fixed_position_sensor_facing_light,included
2026-09-17T03:12:07+08:00,1682.1,468.9,0.4689,28.85,57.94,1012.68,142.5,62.5,sht20,bh1750,fixed_position_sensor_facing_light,included
2026-09-17T03:17:12+08:00,1683.5,469.6,0.4696,28.73,58.35,1012.56,142.5,62.5,sht20,bh1750,fixed_position_sensor_facing_light,included
2026-09-17T03:22:18+08:00,1682.4,470.0,0.47,28.55,59.31,1012.58,142.5,62.5,sht20,bh1750,fixed_position_sensor_facing_light,included
2026-09-17T03:27:23+08:00,1684.8,470.2,0.4702,28.39,59.35,1012.61,142.5,62.5,sht20,bh1750,fixed_position_sensor_facing_light,included
2026-09-17T03:32:29+08:00,1685.5,470.0,0.47,28.55,58.74,1012.44,142.5,62.5,sht20,bh1750,fixed_position_sensor_facing_light,included
2026-09-17T03:37:34+08:00,1690.5,469.7,0.4697,28.37,59.52,1012.46,142.5,62.5,sht20,bh1750,fixed_position_sensor_facing_light,included
2026-09-17T03:42:40+08:00,1684.7,470.1,0.4701,28.4,58.94,1012.46,141.7,62.5,sht20,bh1750,fixed_position_sensor_facing_light,included
2026-09-17T03:47:45+08:00,1688.7,471.4,0.4714,28.41,59.06,1012.46,142.5,62.5,sht20,bh1750,fixed_position_sensor_facing_light,included
2026-09-17T03:52:51+08:00,1686.5,470.5,0.4705,28.27,59.93,1012.52,142.5,62.5,sht20,bh1750,fixed_position_sensor_facing_light,included
2026-09-17T03:57:56+08:00,1689.1,471.2,0.4712,28.28,60.47,1012.49,143.3,62.5,sht20,bh1750,fixed_position_sensor_facing_light,included
2026-09-17T04:03:02+08:00,1692.7,471.5,0.4715,28.29,60.07,1012.52,142.5,60.5,sht20,bh1750,fixed_position_sensor_facing_light,included
2026-09-17T04:08:07+08:00,1688.6,470.7,0.4707,28.24,60.18,1012.63,144.2,61.5,sht20,bh1750,fixed_position_sensor_facing_light,included
2026-09-17T04:13:13+08:00,1688.0,472.2,0.4723,28.34,59.67,1012.58,142.5,62.5,sht20,bh1750,fixed_position_sensor_facing_light,included
2026-09-17T04:18:18+08:00,1692.6,470.8,0.4708,28.29,59.83,1012.52,144.2,60.5,sht20,bh1750,fixed_position_sensor_facing_light,included
2026-09-17T04:23:24+08:00,1688.3,470.6,0.4706,28.28,59.85,1012.6,142.5,59.5,sht20,bh1750,fixed_position_sensor_facing_light,included
2026-09-17T04:28:29+08:00,1688.1,471.9,0.4719,28.28,59.54,1012.69,142.5,59.5,sht20,bh1750,fixed_position_sensor_facing_light,included
2026-09-17T04:33:35+08:00,1690.3,471.5,0.4715,28.04,61.04,1012.71,142.5,61.5,sht20,bh1750,fixed_position_sensor_facing_light,included
2026-09-17T04:38:40+08:00,1693.9,471.8,0.4718,28.12,61.42,1012.77,142.5,62.5,sht20,bh1750,fixed_position_sensor_facing_light,included
2026-09-17T04:43:46+08:00,1694.2,471.7,0.4717,27.97,61.32,1012.88,142.5,59.5,sht20,bh1750,fixed_position_sensor_facing_light,included
2026-09-17T04:48:51+08:00,1691.6,471.4,0.4714,27.96,61.41,1012.88,142.5,60.5,sht20,bh1750,fixed_position_sensor_facing_light,included
2026-09-17T04:53:57+08:00,1696.1,472.4,0.4724,27.95,62.12,1012.94,142.5,59.5,sht20,bh1750,fixed_position_sensor_facing_light,included
2026-09-17T04:59:02+08:00,1694.7,471.8,0.4718,27.94,61.55,1012.82,142.5,61.5,sht20,bh1750,fixed_position_sensor_facing_light,included
2026-09-17T05:04:08+08:00,1692.5,471.6,0.4716,27.82,62.12,1012.94,142.5,61.5,sht20,bh1750,fixed_position_sensor_facing_light,included
2026-09-17T05:09:13+08:00,1694.9,472.0,0.472,28.04,61.16,1012.77,142.5,61.5,sht20,bh1750,fixed_position_sensor_facing_light,included
2026-09-17T05:14:19+08:00,1697.5,472.0,0.472,28.03,61.47,1012.86,144.2,61.5,sht20,bh1750,fixed_position_sensor_facing_light,included
2026-09-17T05:19:24+08:00,1689.1,472.6,0.4726,27.89,61.87,1012.91,142.5,60.5,sht20,bh1750,fixed_position_sensor_facing_light,included
2026-09-17T05:24:30+08:00,1696.3,472.7,0.4727,27.99,61.93,1013.0,142.5,59.5,sht20,bh1750,fixed_position_sensor_facing_light,included
2026-09-17T05:29:35+08:00,1695.4,473.5,0.4735,28.13,61.78,1013.04,142.5,59.5,sht20,bh1750,fixed_position_sensor_facing_light,included
2026-09-17T05:34:41+08:00,1696.4,472.3,0.4723,27.93,62.3,1013.06,142.5,59.5,sht20,bh1750,fixed_position_sensor_facing_light,included
2026-09-17T05:39:46+08:00,1694.5,471.8,0.4718,27.95,61.89,1013.19,131.7,59.5,sht20,bh1750,fixed_position_sensor_facing_light,included
2026-09-17T05:44:52+08:00,1693.1,472.0,0.472,27.94,62.51,1013.22,131.7,60.5,sht20,bh1750,fixed_position_sensor_facing_light,included
2026-09-17T05:49:57+08:00,1694.6,472.2,0.4722,28.11,61.67,1013.08,131.7,61.5,sht20,bh1750,fixed_position_sensor_facing_light,included
2026-09-17T05:55:03+08:00,1696.0,472.9,0.4729,27.86,62.36,1013.16,131.7,61.5,sht20,bh1750,fixed_position_sensor_facing_light,included
2026-09-17T06:00:08+08:00,1695.3,472.6,0.4726,27.89,62.4,1013.25,133.3,62.5,sht20,bh1750,fixed_position_sensor_facing_light,included
2026-09-17T06:05:14+08:00,1692.3,472.2,0.4722,27.85,62.68,1013.25,132.5,61.5,sht20,bh1750,fixed_position_sensor_facing_light,included
2026-09-17T06:10:19+08:00,1696.6,472.2,0.4722,27.89,62.34,1013.25,131.7,61.5,sht20,bh1750,fixed_position_sensor_facing_light,included
2026-09-17T06:15:25+08:00,1696.0,473.2,0.4732,27.84,62.72,1013.27,131.7,61.5,sht20,bh1750,fixed_position_sensor_facing_light,included
2026-09-17T06:20:30+08:00,1701.8,474.0,0.474,27.79,62.41,1013.42,131.7,61.5,sht20,bh1750,fixed_position_sensor_facing_light,included
2026-09-17T06:25:36+08:00,1698.4,473.0,0.473,27.84,63.15,1013.33,131.7,61.5,sht20,bh1750,fixed_position_sensor_facing_light,included
2026-09-17T06:30:42+08:00,1693.8,474.1,0.4741,27.86,62.95,1013.48,132.5,61.5,sht20,bh1750,fixed_position_sensor_facing_light,included
2026-09-17T06:35:47+08:00,1694.3,473.2,0.4732,27.84,63.18,1013.48,132.5,59.5,sht20,bh1750,fixed_position_sensor_facing_light,included
2026-09-17T06:40:53+08:00,1699.0,472.6,0.4726,27.86,63.09,1013.51,132.5,59.5,sht20,bh1750,fixed_position_sensor_facing_light,included
2026-09-17T06:45:59+08:00,1692.4,473.2,0.4732,28.01,62.54,1013.56,132.5,59.5,sht20,bh1750,fixed_position_sensor_facing_light,included
2026-09-17T06:51:04+08:00,1694.4,473.5,0.4735,28.05,62.21,1013.56,132.5,59.5,sht20,bh1750,fixed_position_sensor_facing_light,included
2026-09-17T06:56:10+08:00,1698.6,471.4,0.4714,28.17,62.21,1013.74,132.5,59.5,sht20,bh1750,fixed_position_sensor_facing_light,included
2026-09-17T07:01:16+08:00,1692.5,472.1,0.4721,28.26,61.89,1013.6,130.0,59.5,sht20,bh1750,fixed_position_sensor_facing_light,included
2026-09-17T07:06:21+08:00,1693.6,473.1,0.4731,28.42,61.62,1013.63,132.5,59.5,sht20,bh1750,fixed_position_sensor_facing_light,included
2026-09-17T07:11:27+08:00,1693.1,470.9,0.4709,28.33,61.84,1013.8,130.8,59.5,sht20,bh1750,fixed_position_sensor_facing_light,included
2026-09-17T07:16:32+08:00,1694.4,471.3,0.4713,28.47,61.54,1013.75,133.3,60.5,sht20,bh1750,fixed_position_sensor_facing_light,included
2026-09-17T07:21:38+08:00,1690.1,471.8,0.4718,28.55,61.32,1013.81,133.3,60.5,sht20,bh1750,fixed_position_sensor_facing_light,included
2026-09-17T07:26:44+08:00,1694.0,471.6,0.4716,28.6,61.12,1013.75,134.2,60.5,sht20,bh1750,fixed_position_sensor_facing_light,included
2026-09-17T07:31:49+08:00,1691.2,470.1,0.4701,28.7,60.83,1013.78,134.2,60.5,sht20,bh1750,fixed_position_sensor_facing_light,included
2026-09-17T07:36:55+08:00,1688.7,470.2,0.4702,28.83,60.5,1013.79,135.8,60.5,sht20,bh1750,fixed_position_sensor_facing_light,included
2026-09-17T07:42:00+08:00,1687.3,472.1,0.4721,28.84,60.63,1013.87,134.2,60.5,sht20,bh1750,fixed_position_sensor_facing_light,included
2026-09-17T07:47:06+08:00,1688.4,471.1,0.4711,28.98,60.34,1013.85,135.0,60.5,sht20,bh1750,fixed_position_sensor_facing_light,included
2026-09-17T07:52:11+08:00,1688.9,471.5,0.4715,29.11,59.99,1013.71,133.3,60.5,sht20,bh1750,fixed_position_sensor_facing_light,included
2026-09-17T07:57:17+08:00,1685.1,470.4,0.4704,29.03,60.51,1013.74,135.0,62.5,sht20,bh1750,fixed_position_sensor_facing_light,included
2026-09-17T08:02:22+08:00,1690.5,471.0,0.471,29.14,60.25,1013.71,135.0,61.5,sht20,bh1750,fixed_position_sensor_facing_light,included
2026-09-17T08:07:28+08:00,1682.3,469.8,0.4698,29.17,60.28,1013.65,136.7,62.5,sht20,bh1750,fixed_position_sensor_facing_light,included
2026-09-17T08:12:34+08:00,1687.2,470.3,0.4703,29.2,59.79,1013.68,135.8,63.5,sht20,bh1750,fixed_position_sensor_facing_light,included
2026-09-17T08:17:39+08:00,1686.9,470.8,0.4708,29.22,59.46,1013.63,135.8,62.5,sht20,bh1750,fixed_position_sensor_facing_light,included
2026-09-17T08:22:45+08:00,1683.9,470.5,0.4705,29.22,59.16,1013.57,136.7,63.5,sht20,bh1750,fixed_position_sensor_facing_light,included
2026-09-17T08:27:51+08:00,1685.2,469.9,0.4699,29.24,59.2,1013.6,136.7,61.5,sht20,bh1750,fixed_position_sensor_facing_light,included
2026-09-17T08:32:56+08:00,1686.3,469.0,0.469,29.31,58.93,1013.52,137.5,62.5,sht20,bh1750,fixed_position_sensor_facing_light,included
2026-09-17T08:38:02+08:00,1683.9,469.5,0.4695,29.39,58.45,1013.57,137.5,63.5,sht20,bh1750,fixed_position_sensor_facing_light,included
2026-09-17T08:43:07+08:00,1687.5,469.8,0.4698,29.46,57.51,1013.63,138.3,62.5,sht20,bh1750,fixed_position_sensor_facing_light,included
2026-09-17T08:48:13+08:00,1685.4,469.6,0.4696,29.46,57.13,1013.58,139.2,63.5,sht20,bh1750,fixed_position_sensor_facing_light,included
2026-09-17T08:53:18+08:00,1685.7,470.4,0.4704,29.52,56.64,1013.55,139.2,63.5,sht20,bh1750,fixed_position_sensor_facing_light,included
2026-09-17T08:58:24+08:00,1681.4,469.8,0.4698,29.5,56.49,1013.63,140.0,64.5,sht20,bh1750,fixed_position_sensor_facing_light,included
2026-09-17T09:03:30+08:00,1687.2,470.8,0.4708,29.59,56.03,1013.47,140.0,63.5,sht20,bh1750,fixed_position_sensor_facing_light,included
2026-09-17T09:08:35+08:00,1682.4,469.4,0.4694,29.52,55.81,1013.47,140.8,63.5,sht20,bh1750,fixed_position_sensor_facing_light,included
2026-09-17T09:13:41+08:00,1681.8,469.6,0.4696,29.6,55.49,1013.47,140.0,62.5,sht20,bh1750,fixed_position_sensor_facing_light,included
2026-09-17T09:18:46+08:00,1683.7,470.0,0.47,29.61,56.07,1013.41,140.8,61.5,sht20,bh1750,fixed_position_sensor_facing_light,included
2026-09-17T09:23:52+08:00,1681.7,469.1,0.4691,29.63,56.42,1013.33,140.8,61.5,sht20,bh1750,fixed_position_sensor_facing_light,included
2026-09-17T09:28:57+08:00,1685.1,469.0,0.469,29.68,56.47,1013.3,141.7,63.5,sht20,bh1750,fixed_position_sensor_facing_light,included
2026-09-17T09:34:02+08:00,1686.5,468.8,0.4688,29.78,55.66,1013.25,140.8,63.5,sht20,bh1750,fixed_position_sensor_facing_light,included
2026-09-17T09:39:08+08:00,1679.1,467.6,0.4676,29.85,54.94,1013.28,142.5,64.5,sht20,bh1750,fixed_position_sensor_facing_light,included
2026-09-17T09:44:13+08:00,1680.2,468.0,0.468,29.81,54.99,1013.25,141.7,62.5,sht20,bh1750,fixed_position_sensor_facing_light,included
2026-09-17T09:49:19+08:00,1682.3,468.7,0.4687,29.77,54.91,1013.16,141.7,62.5,sht20,bh1750,fixed_position_sensor_facing_light,included
2026-09-17T09:54:24+08:00,1678.5,469.4,0.4694,29.73,54.78,1013.22,141.7,61.5,sht20,bh1750,fixed_position_sensor_facing_light,included
2026-09-17T09:59:30+08:00,1677.3,467.8,0.4678,29.8,53.99,1013.22,140.8,62.5,sht20,bh1750,fixed_position_sensor_facing_light,included
2026-09-17T10:04:35+08:00,1680.4,467.0,0.467,29.88,53.91,1013.19,144.2,61.5,sht20,bh1750,fixed_position_sensor_facing_light,included
2026-09-17T10:09:41+08:00,1679.6,467.2,0.4672,29.9,53.5,1012.97,142.5,62.5,sht20,bh1750,fixed_position_sensor_facing_light,included
2026-09-17T10:14:46+08:00,1677.2,468.6,0.4686,29.98,53.3,1013.03,142.5,63.5,sht20,bh1750,fixed_position_sensor_facing_light,included
2026-09-17T10:19:52+08:00,1677.0,469.0,0.469,30.16,52.53,1012.92,142.5,62.5,sht20,bh1750,fixed_position_sensor_facing_light,included
2026-09-17T10:24:57+08:00,1676.2,468.0,0.468,30.0,53.53,1012.97,141.7,61.5,sht20,bh1750,fixed_position_sensor_facing_light,included
2026-09-17T10:30:03+08:00,1675.7,467.9,0.4679,30.06,53.68,1013.06,142.5,61.5,sht20,bh1750,fixed_position_sensor_facing_light,included
2026-09-17T10:35:08+08:00,1676.9,467.5,0.4675,30.1,53.53,1012.92,141.7,63.5,sht20,bh1750,fixed_position_sensor_facing_light,included
2026-09-17T10:40:14+08:00,1675.2,466.9,0.4669,30.17,53.66,1012.92,141.7,64.5,sht20,bh1750,fixed_position_sensor_facing_light,included
2026-09-17T10:45:19+08:00,1680.0,467.9,0.4679,30.19,53.85,1012.92,141.7,62.5,sht20,bh1750,fixed_position_sensor_facing_light,included
2026-09-17T10:50:25+08:00,1674.6,466.8,0.4668,30.23,53.79,1012.92,140.8,62.5,sht20,bh1750,fixed_position_sensor_facing_light,included
2026-09-17T10:55:30+08:00,1677.2,466.5,0.4665,30.17,54.02,1012.74,140.8,62.5,sht20,bh1750,fixed_position_sensor_facing_light,included
2026-09-17T11:00:36+08:00,1674.3,467.7,0.4677,30.12,53.96,1012.66,140.8,62.5,sht20,bh1750,fixed_position_sensor_facing_light,included
2026-09-17T11:05:41+08:00,1671.3,466.1,0.4661,30.22,54.0,1012.54,140.8,62.5,sht20,bh1750,fixed_position_sensor_facing_light,included
2026-09-17T11:10:47+08:00,1673.1,467.2,0.4672,30.21,54.02,1012.57,140.0,62.5,sht20,bh1750,fixed_position_sensor_facing_light,included
2026-09-17T11:15:52+08:00,1669.2,465.8,0.4658,30.37,53.6,1012.49,140.8,62.5,sht20,bh1750,fixed_position_sensor_facing_light,included
2026-09-17T11:20:58+08:00,1675.8,465.7,0.4657,30.23,54.02,1012.51,139.2,64.5,sht20,bh1750,fixed_position_sensor_facing_light,included
2026-09-17T11:26:03+08:00,1671.4,467.1,0.4671,30.31,53.84,1012.43,139.2,62.5,sht20,bh1750,fixed_position_sensor_facing_light,included
2026-09-17T11:31:09+08:00,1669.1,466.1,0.4661,30.52,53.07,1012.38,139.2,62.5,sht20,bh1750,fixed_position_sensor_facing_light,included
2026-09-17T11:36:14+08:00,1666.3,465.0,0.465,30.46,53.3,1012.35,139.2,62.5,sht20,bh1750,fixed_position_sensor_facing_light,included
2026-09-17T11:41:20+08:00,1667.7,466.8,0.4667,30.5,52.96,1012.17,137.5,62.5,sht20,bh1750,fixed_position_sensor_facing_light,included
2026-09-17T11:46:26+08:00,1665.4,465.8,0.4658,30.59,52.57,1012.23,137.5,64.5,sht20,bh1750,fixed_position_sensor_facing_light,included
2026-09-17T11:51:31+08:00,1668.3,464.9,0.4649,30.57,53.27,1012.2,137.5,62.5,sht20,bh1750,fixed_position_sensor_facing_light,included
2026-09-17T11:56:37+08:00,1664.2,465.0,0.465,30.6,53.92,1012.09,137.5,62.5,sht20,bh1750,fixed_position_sensor_facing_light,included
2026-09-17T12:01:42+08:00,1666.1,464.5,0.4645,30.63,53.71,1012.0,135.8,64.5,sht20,bh1750,fixed_position_sensor_facing_light,included
2026-09-17T12:06:48+08:00,1671.2,464.6,0.4646,30.62,53.89,1011.94,135.8,62.5,sht20,bh1750,fixed_position_sensor_facing_light,included
2026-09-17T12:11:53+08:00,1664.0,464.9,0.4649,30.68,53.94,1011.98,135.8,62.5,sht20,bh1750,fixed_position_sensor_facing_light,included
2026-09-17T12:16:59+08:00,1662.7,463.7,0.4637,30.65,54.33,1011.86,135.8,64.5,sht20,bh1750,fixed_position_sensor_facing_light,included
2026-09-17T12:22:04+08:00,1664.1,464.9,0.4649,30.78,53.09,1011.77,135.0,63.5,sht20,bh1750,fixed_position_sensor_facing_light,included
2026-09-17T12:27:10+08:00,1663.1,464.0,0.464,30.81,53.72,1011.86,135.0,62.5,sht20,bh1750,fixed_position_sensor_facing_light,included
2026-09-17T12:32:15+08:00,1663.0,463.0,0.463,30.79,53.7,1011.66,134.2,62.5,sht20,bh1750,fixed_position_sensor_facing_light,included
2026-09-17T12:37:21+08:00,1663.8,463.7,0.4637,31.0,53.5,1011.78,134.2,62.5,sht20,bh1750,fixed_position_sensor_facing_light,included
2026-09-17T12:42:26+08:00,1665.2,463.0,0.463,30.91,53.11,1011.72,133.3,64.5,sht20,bh1750,fixed_position_sensor_facing_light,included
2026-09-17T12:47:32+08:00,1659.1,463.6,0.4636,31.02,53.14,1011.64,135.0,63.5,sht20,bh1750,fixed_position_sensor_facing_light,included
2026-09-17T12:52:37+08:00,1658.6,463.2,0.4632,31.06,52.73,1011.59,134.2,62.5,sht20,bh1750,fixed_position_sensor_facing_light,included
2026-09-17T12:57:43+08:00,1656.4,463.4,0.4634,31.05,52.78,1011.59,132.5,64.5,sht20,bh1750,fixed_position_sensor_facing_light,included
2026-09-17T13:02:48+08:00,1657.1,462.3,0.4623,31.02,53.01,1011.56,133.3,63.5,sht20,bh1750,fixed_position_sensor_facing_light,included
2026-09-17T13:07:54+08:00,1655.2,462.4,0.4624,31.14,53.04,1011.59,133.3,62.5,sht20,bh1750,fixed_position_sensor_facing_light,included
2026-09-17T13:13:00+08:00,1657.6,462.3,0.4623,30.93,54.29,1011.53,133.3,64.5,sht20,bh1750,fixed_position_sensor_facing_light,included
2026-09-17T13:18:05+08:00,1660.3,462.8,0.4628,31.0,54.3,1011.47,133.3,65.5,sht20,bh1750,fixed_position_sensor_facing_light,included
2026-09-17T13:23:11+08:00,1658.4,462.5,0.4625,31.02,54.73,1011.41,133.3,63.5,sht20,bh1750,fixed_position_sensor_facing_light,included
2026-09-17T13:28:16+08:00,1658.9,463.4,0.4634,31.01,54.89,1011.41,134.2,62.5,sht20,bh1750,fixed_position_sensor_facing_light,included
2026-09-17T13:33:22+08:00,1660.1,463.0,0.463,31.1,54.86,1011.36,134.2,62.5,sht20,bh1750,fixed_position_sensor_facing_light,included
2026-09-17T13:38:27+08:00,1656.7,463.0,0.463,31.02,55.49,1011.35,134.2,64.5,sht20,bh1750,fixed_position_sensor_facing_light,included
2026-09-17T13:43:33+08:00,1660.0,462.6,0.4626,31.09,55.84,1011.21,132.5,63.5,sht20,bh1750,fixed_position_sensor_facing_light,included
2026-09-17T13:48:38+08:00,1657.2,463.9,0.4639,31.04,56.47,1011.24,134.2,64.5,sht20,bh1750,fixed_position_sensor_facing_light,included
2026-09-17T13:53:44+08:00,1658.5,461.7,0.4617,31.22,55.96,1011.24,135.0,63.5,sht20,bh1750,fixed_position_sensor_facing_light,included
2026-09-17T13:58:49+08:00,1664.3,463.3,0.4633,31.21,56.52,1011.13,135.0,64.5,sht20,bh1750,fixed_position_sensor_facing_light,included
2026-09-17T14:03:55+08:00,1656.7,461.9,0.4619,31.19,56.9,1011.13,136.7,63.5,sht20,bh1750,fixed_position_sensor_facing_light,included
2026-09-17T14:09:01+08:00,1654.6,462.6,0.4626,31.2,57.3,1011.04,135.0,62.5,sht20,bh1750,fixed_position_sensor_facing_light,included
2026-09-17T14:14:06+08:00,1657.3,461.7,0.4617,31.31,57.12,1011.1,135.0,62.5,sht20,bh1750,fixed_position_sensor_facing_light,included
2026-09-17T14:19:11+08:00,1657.1,461.5,0.4615,31.26,57.26,1011.07,134.2,62.5,sht20,bh1750,fixed_position_sensor_facing_light,included
2026-09-17T14:24:17+08:00,1658.0,462.8,0.4628,31.18,57.54,1011.15,133.3,62.5,sht20,bh1750,fixed_position_sensor_facing_light,included
2026-09-17T14:29:22+08:00,1653.7,463.0,0.463,31.23,57.49,1011.18,133.3,62.5,sht20,bh1750,fixed_position_sensor_facing_light,included
2026-09-17T14:34:28+08:00,1652.9,461.3,0.4613,31.3,57.58,1011.04,133.3,63.5,sht20,bh1750,fixed_position_sensor_facing_light,included
2026-09-17T14:39:33+08:00,1656.8,461.7,0.4617,31.35,57.29,1011.1,133.3,63.5,sht20,bh1750,fixed_position_sensor_facing_light,included
2026-09-17T14:44:39+08:00,1654.7,460.5,0.4605,31.42,57.1,1011.02,134.2,63.5,sht20,bh1750,fixed_position_sensor_facing_light,included
2026-09-17T14:49:45+08:00,1655.6,461.1,0.4611,31.26,57.82,1011.07,132.5,63.5,sht20,bh1750,fixed_position_sensor_facing_light,included
2026-09-17T14:54:50+08:00,1652.6,460.4,0.4604,31.33,57.84,1011.01,132.5,65.5,sht20,bh1750,fixed_position_sensor_facing_light,included
2026-09-17T14:59:56+08:00,1653.1,460.5,0.4605,31.27,58.08,1011.07,134.2,63.5,sht20,bh1750,fixed_position_sensor_facing_light,included
2026-09-17T15:05:02+08:00,1653.4,461.0,0.461,31.35,57.94,1011.07,134.2,63.5,sht20,bh1750,fixed_position_sensor_facing_light,included
2026-09-17T15:10:07+08:00,1649.9,462.0,0.462,31.53,56.97,1011.16,135.8,63.5,sht20,bh1750,fixed_position_sensor_facing_light,included
2026-09-17T15:15:13+08:00,1653.2,460.3,0.4603,31.45,57.26,1011.13,135.0,63.5,sht20,bh1750,fixed_position_sensor_facing_light,included
2026-09-17T15:20:18+08:00,1652.4,461.5,0.4615,31.39,57.19,1011.07,135.0,63.5,sht20,bh1750,fixed_position_sensor_facing_light,included
2026-09-17T15:25:24+08:00,1656.0,461.3,0.4613,31.55,56.33,1011.08,134.2,63.5,sht20,bh1750,fixed_position_sensor_facing_light,included
2026-09-17T15:30:29+08:00,1652.2,461.2,0.4612,31.49,56.45,1011.05,133.3,63.5,sht20,bh1750,fixed_position_sensor_facing_light,included
2026-09-17T15:35:35+08:00,1652.5,461.3,0.4613,31.45,56.08,1011.16,134.2,62.5,sht20,bh1750,fixed_position_sensor_facing_light,included
2026-09-17T15:40:40+08:00,1650.4,460.2,0.4602,31.53,55.87,1011.13,133.3,63.5,sht20,bh1750,fixed_position_sensor_facing_light,included
2026-09-17T15:45:46+08:00,1648.2,460.5,0.4605,31.46,56.1,1011.19,134.2,62.5,sht20,bh1750,fixed_position_sensor_facing_light,included
2026-09-17T15:50:51+08:00,1651.5,460.4,0.4604,31.42,56.78,1011.39,134.2,63.5,sht20,bh1750,fixed_position_sensor_facing_light,included
2026-09-17T15:55:57+08:00,1650.1,461.4,0.4614,31.61,56.11,1011.37,134.2,63.5,sht20,bh1750,fixed_position_sensor_facing_light,included
2026-09-17T16:01:02+08:00,1652.0,461.4,0.4614,31.54,56.56,1011.42,134.2,65.5,sht20,bh1750,fixed_position_sensor_facing_light,included
2026-09-17T16:06:08+08:00,1654.3,461.0,0.461,31.48,56.84,1011.45,131.7,65.5,sht20,bh1750,fixed_position_sensor_facing_light,included
2026-09-17T16:11:14+08:00,1626.7,454.4,0.4544,31.71,56.06,1011.52,153.3,63.5,sht20,bh1750,fixed_position_sensor_facing_light,included
2026-09-17T16:16:19+08:00,1619.6,451.7,0.4518,31.92,55.82,1011.49,109.2,63.5,sht20,bh1750,fixed_position_sensor_facing_light,included
2026-09-17T16:21:20+08:00,1617.9,451.8,0.4518,32.12,55.49,1011.58,108.3,66.5,sht20,bh1750,fixed_position_sensor_facing_light,included
2026-09-17T16:26:20+08:00,1620.0,451.9,0.4519,32.2,55.33,1011.5,107.5,64.5,sht20,bh1750,fixed_position_sensor_facing_light,included
2026-09-17T16:31:21+08:00,1645.2,459.1,0.4591,32.34,54.74,1011.62,131.7,64.5,sht20,bh1750,fixed_position_sensor_facing_light,included
2026-09-17T16:36:22+08:00,1643.2,458.5,0.4585,32.38,54.65,1011.67,130.8,64.5,sht20,bh1750,fixed_position_sensor_facing_light,included
2026-09-17T16:41:22+08:00,1643.7,459.1,0.4591,32.39,54.78,1011.7,130.8,64.5,sht20,bh1750,fixed_position_sensor_facing_light,included
2026-09-17T16:46:23+08:00,1642.6,458.2,0.4582,32.23,55.52,1011.81,130.0,66.5,sht20,bh1750,fixed_position_sensor_facing_light,included
2026-09-17T16:51:24+08:00,1647.0,458.3,0.4583,32.44,54.84,1011.73,130.8,66.5,sht20,bh1750,fixed_position_sensor_facing_light,included
2026-09-17T16:56:24+08:00,1644.6,457.8,0.4578,32.39,55.36,1011.84,130.0,65.5,sht20,bh1750,fixed_position_sensor_facing_light,included
2026-09-17T17:01:26+08:00,1643.2,458.2,0.4582,32.47,55.32,1011.96,130.0,64.5,sht20,bh1750,fixed_position_sensor_facing_light,included
2026-09-17T17:06:27+08:00,1641.7,458.0,0.458,32.5,55.53,1011.99,130.0,66.5,sht20,bh1750,fixed_position_sensor_facing_light,included
2026-09-17T17:11:28+08:00,1643.6,458.6,0.4586,32.5,55.58,1011.99,129.2,65.5,sht20,bh1750,fixed_position_sensor_facing_light,included
2026-09-17T17:16:28+08:00,1639.8,457.9,0.4579,32.38,56.08,1012.02,129.2,66.5,sht20,bh1750,fixed_position_sensor_facing_light,included
2026-09-17T17:21:29+08:00,1642.7,458.8,0.4588,32.4,56.12,1012.11,129.2,64.5,sht20,bh1750,fixed_position_sensor_facing_light,included
2026-09-17T17:26:30+08:00,1642.1,458.3,0.4583,32.5,55.96,1012.2,129.2,64.5,sht20,bh1750,fixed_position_sensor_facing_light,included
2026-09-17T17:31:32+08:00,1645.6,458.2,0.4582,32.54,56.42,1012.14,129.2,66.5,sht20,bh1750,fixed_position_sensor_facing_light,included
2026-09-17T17:36:32+08:00,1641.1,458.6,0.4586,32.27,57.58,1012.22,128.3,64.5,sht20,bh1750,fixed_position_sensor_facing_light,included
2026-09-17T17:41:33+08:00,1641.9,458.7,0.4587,32.49,56.83,1012.19,128.3,64.5,sht20,bh1750,fixed_position_sensor_facing_light,included
2026-09-17T17:46:34+08:00,1664.3,464.2,0.4642,32.27,58.55,1012.31,160.0,66.5,sht20,bh1750,fixed_position_sensor_facing_light,included
2026-09-17T17:51:34+08:00,1661.1,462.9,0.4629,32.64,57.6,1012.37,160.0,64.5,sht20,bh1750,fixed_position_sensor_facing_light,included
2026-09-17T17:56:36+08:00,1660.6,463.4,0.4634,32.49,57.44,1012.37,160.0,64.5,sht20,bh1750,fixed_position_sensor_facing_light,included
2026-09-17T18:01:37+08:00,1662.5,464.0,0.464,32.59,57.48,1012.4,160.0,66.5,sht20,bh1750,fixed_position_sensor_facing_light,included
2026-09-17T18:06:37+08:00,1659.6,463.0,0.463,32.59,56.95,1012.52,160.0,66.5,sht20,bh1750,fixed_position_sensor_facing_light,included
2026-09-17T18:11:38+08:00,1661.7,463.6,0.4636,32.5,57.29,1012.49,160.0,65.5,sht20,bh1750,fixed_position_sensor_facing_light,included
2026-09-17T18:16:39+08:00,1660.4,463.4,0.4634,32.64,56.84,1012.49,158.3,66.5,sht20,bh1750,fixed_position_sensor_facing_light,included
2026-09-17T18:21:40+08:00,1660.8,463.4,0.4634,32.53,57.29,1012.55,159.2,64.5,sht20,bh1750,fixed_position_sensor_facing_light,included
2026-09-17T18:26:41+08:00,1661.7,463.3,0.4633,32.48,57.01,1012.54,159.2,64.5,sht20,bh1750,fixed_position_sensor_facing_light,included
2026-09-17T18:31:41+08:00,1661.2,463.1,0.4631,32.7,56.74,1012.46,159.2,66.5,sht20,bh1750,fixed_position_sensor_facing_light,included
2026-09-17T18:36:42+08:00,1659.3,463.5,0.4635,32.58,57.51,1012.66,160.0,64.5,sht20,bh1750,fixed_position_sensor_facing_light,included
2026-09-17T18:41:43+08:00,1659.3,463.2,0.4632,32.53,57.29,1012.69,158.3,64.5,sht20,bh1750,fixed_position_sensor_facing_light,included
2026-09-17T18:46:44+08:00,1660.0,463.4,0.4634,32.55,57.22,1012.9,157.5,66.5,sht20,bh1750,fixed_position_sensor_facing_light,included
2026-09-17T18:51:44+08:00,1660.0,462.6,0.4626,32.44,57.75,1012.86,157.5,65.5,sht20,bh1750,fixed_position_sensor_facing_light,included
2026-09-17T18:56:45+08:00,1660.6,462.5,0.4625,32.32,58.61,1012.83,158.3,66.5,sht20,bh1750,fixed_position_sensor_facing_light,included
2026-09-17T19:01:45+08:00,1657.8,463.0,0.463,32.43,58.15,1012.86,158.3,66.5,sht20,bh1750,fixed_position_sensor_facing_light,included
2026-09-17T19:06:46+08:00,1660.2,463.4,0.4634,32.37,58.28,1012.92,158.3,65.5,sht20,bh1750,fixed_position_sensor_facing_light,included
2026-09-17T19:11:47+08:00,1657.4,462.9,0.4629,32.27,58.97,1012.89,158.3,66.5,sht20,bh1750,fixed_position_sensor_facing_light,included
2026-09-17T19:16:48+08:00,1661.6,462.9,0.4629,32.25,59.25,1012.98,157.5,64.5,sht20,bh1750,fixed_position_sensor_facing_light,included
2026-09-17T19:21:48+08:00,1658.4,462.6,0.4626,32.29,59.28,1013.04,155.8,66.5,sht20,bh1750,fixed_position_sensor_facing_light,included
2026-09-17T19:26:49+08:00,1658.3,463.3,0.4633,32.29,59.03,1013.08,156.7,64.5,sht20,bh1750,fixed_position_sensor_facing_light,included
2026-09-17T19:31:50+08:00,1663.0,463.5,0.4635,32.45,58.56,1013.15,157.5,66.5,sht20,bh1750,fixed_position_sensor_facing_light,included
2026-09-17T19:36:52+08:00,1660.4,463.5,0.4635,32.38,58.77,1013.2,157.5,64.5,sht20,bh1750,fixed_position_sensor_facing_light,included
2026-09-17T19:41:52+08:00,1661.3,462.5,0.4625,32.32,59.22,1013.2,156.7,66.5,sht20,bh1750,fixed_position_sensor_facing_light,included
2026-09-17T19:46:52+08:00,1659.2,463.3,0.4633,32.88,57.23,1013.19,157.5,66.5,sht20,bh1750,fixed_position_sensor_facing_light,included
2026-09-17T19:51:53+08:00,1659.9,463.4,0.4634,32.44,59.16,1013.2,156.7,65.5,sht20,bh1750,fixed_position_sensor_facing_light,included
2026-09-17T19:56:54+08:00,1660.4,463.1,0.4631,32.46,59.37,1013.29,154.2,66.5,sht20,bh1750,fixed_position_sensor_facing_light,included
2026-09-17T20:01:56+08:00,1659.1,462.0,0.462,32.46,59.43,1013.18,156.7,66.5,sht20,bh1750,fixed_position_sensor_facing_light,included
2026-09-17T20:06:56+08:00,1659.0,462.8,0.4628,32.49,59.57,1013.29,156.7,65.5,sht20,bh1750,fixed_position_sensor_facing_light,included
2026-09-17T20:11:57+08:00,1661.1,462.7,0.4627,32.46,59.87,1013.38,158.3,66.5,sht20,bh1750,fixed_position_sensor_facing_light,included
2026-09-17T20:16:58+08:00,1661.8,464.0,0.464,32.55,59.53,1013.58,156.7,64.5,sht20,bh1750,fixed_position_sensor_facing_light,included
2026-09-17T20:21:58+08:00,1658.2,462.9,0.4629,32.34,60.53,1013.49,156.7,64.5,sht20,bh1750,fixed_position_sensor_facing_light,included
2026-09-17T20:27:00+08:00,1660.7,463.8,0.4638,32.64,59.41,1013.61,156.7,65.5,sht20,bh1750,fixed_position_sensor_facing_light,included
2026-09-17T20:32:01+08:00,1658.8,462.8,0.4628,32.33,60.59,1013.69,156.7,66.5,sht20,bh1750,fixed_position_sensor_facing_light,included
2026-09-17T20:37:01+08:00,1660.8,463.8,0.4638,32.41,60.85,1013.66,155.8,64.5,sht20,bh1750,fixed_position_sensor_facing_light,included
2026-09-17T20:42:01+08:00,1661.0,464.0,0.464,32.18,62.05,1013.71,156.7,64.5,sht20,bh1750,fixed_position_sensor_facing_light,included
2026-09-17T20:47:02+08:00,1661.5,463.4,0.4634,32.24,62.13,1013.83,154.2,66.5,sht20,bh1750,fixed_position_sensor_facing_light,included
2026-09-17T20:52:03+08:00,1661.4,463.5,0.4635,32.19,62.31,1013.83,155.8,64.5,sht20,bh1750,fixed_position_sensor_facing_light,included
2026-09-17T20:57:04+08:00,1663.5,463.6,0.4636,32.23,62.35,1013.83,155.8,64.5,sht20,bh1750,fixed_position_sensor_facing_light,included
2026-09-17T21:02:04+08:00,1661.9,463.2,0.4632,32.09,62.69,1013.88,156.7,66.5,sht20,bh1750,fixed_position_sensor_facing_light,included
2026-09-17T21:07:05+08:00,1660.4,463.7,0.4637,32.2,62.52,1013.89,155.8,64.5,sht20,bh1750,fixed_position_sensor_facing_light,included
2026-09-17T21:12:06+08:00,1661.8,463.1,0.4631,32.41,61.48,1013.92,155.8,66.5,sht20,bh1750,fixed_position_sensor_facing_light,included
2026-09-17T21:17:06+08:00,1659.7,463.2,0.4632,32.19,62.08,1013.86,156.7,64.5,sht20,bh1750,fixed_position_sensor_facing_light,included
2026-09-17T21:22:07+08:00,1660.9,463.0,0.463,32.22,62.12,1013.92,153.3,66.5,sht20,bh1750,fixed_position_sensor_facing_light,included
2026-09-17T21:27:08+08:00,1659.7,463.4,0.4634,32.22,62.28,1013.98,155.0,65.5,sht20,bh1750,fixed_position_sensor_facing_light,included
2026-09-17T21:32:08+08:00,1662.7,463.6,0.4636,32.22,62.49,1013.95,155.0,64.5,sht20,bh1750,fixed_position_sensor_facing_light,included
2026-09-17T21:37:10+08:00,1662.7,463.4,0.4634,32.12,62.96,1013.97,155.8,66.5,sht20,bh1750,fixed_position_sensor_facing_light,included
2026-09-17T21:42:10+08:00,1662.8,464.0,0.464,32.2,62.36,1013.95,155.0,64.5,sht20,bh1750,fixed_position_sensor_facing_light,included
2026-09-17T21:47:11+08:00,1661.5,464.4,0.4644,32.16,62.55,1013.89,155.0,64.5,sht20,bh1750,fixed_position_sensor_facing_light,included
2026-09-17T21:52:12+08:00,1663.0,463.2,0.4632,32.18,62.66,1013.92,157.5,66.5,sht20,bh1750,fixed_position_sensor_facing_light,included
2026-09-17T21:57:12+08:00,1661.5,463.3,0.4633,32.02,63.31,1013.88,155.0,64.5,sht20,bh1750,fixed_position_sensor_facing_light,included
2026-09-17T22:02:13+08:00,1662.8,464.1,0.4641,32.11,62.71,1013.88,155.0,66.5,sht20,bh1750,fixed_position_sensor_facing_light,included
2026-09-17T22:07:14+08:00,1662.2,463.6,0.4636,32.39,61.81,1013.95,155.0,64.5,sht20,bh1750,fixed_position_sensor_facing_light,included
2026-09-17T22:12:14+08:00,1664.0,464.0,0.464,32.2,62.04,1013.83,155.0,64.5,sht20,bh1750,fixed_position_sensor_facing_light,included
2026-09-17T22:17:15+08:00,1659.8,463.6,0.4636,32.15,62.09,1013.77,156.7,65.5,sht20,bh1750,fixed_position_sensor_facing_light,included
2026-09-17T22:22:16+08:00,1660.0,463.5,0.4635,32.14,61.98,1013.71,153.3,64.5,sht20,bh1750,fixed_position_sensor_facing_light,included
2026-09-17T22:27:17+08:00,1664.4,464.5,0.4645,32.13,61.75,1013.71,155.0,66.5,sht20,bh1750,fixed_position_sensor_facing_light,included
2026-09-17T22:32:19+08:00,1666.7,464.4,0.4644,32.09,61.31,1013.65,155.0,66.5,sht20,bh1750,fixed_position_sensor_facing_light,included
2026-09-17T22:37:20+08:00,1663.7,464.2,0.4642,31.98,61.44,1013.62,155.0,64.5,sht20,bh1750,fixed_position_sensor_facing_light,included
2026-09-17T22:42:20+08:00,1663.4,463.4,0.4634,32.05,60.65,1013.51,155.0,66.5,sht20,bh1750,fixed_position_sensor_facing_light,included
2026-09-17T22:47:21+08:00,1662.4,464.1,0.4641,31.97,60.92,1013.56,155.0,64.5,sht20,bh1750,fixed_position_sensor_facing_light,included
2026-09-17T22:52:22+08:00,1659.6,464.1,0.4641,31.95,60.93,1013.51,155.8,65.5,sht20,bh1750,fixed_position_sensor_facing_light,included
2026-09-17T22:57:23+08:00,1662.7,464.1,0.4641,32.01,60.24,1013.48,154.2,66.5,sht20,bh1750,fixed_position_sensor_facing_light,included
2026-09-17T23:02:24+08:00,1666.7,464.0,0.464,32.09,60.0,1013.4,155.0,64.5,sht20,bh1750,fixed_position_sensor_facing_light,included
2026-09-17T23:07:24+08:00,1663.6,464.1,0.4641,31.96,60.19,1013.25,154.2,66.5,sht20,bh1750,fixed_position_sensor_facing_light,included
2026-09-17T23:12:26+08:00,1666.5,464.0,0.464,31.97,60.35,1013.25,154.2,64.5,sht20,bh1750,fixed_position_sensor_facing_light,included
2026-09-17T23:17:27+08:00,1660.5,464.1,0.4641,31.9,60.48,1013.33,153.3,64.5,sht20,bh1750,fixed_position_sensor_facing_light,included
2026-09-17T23:22:28+08:00,1663.6,464.4,0.4644,32.15,58.7,1013.4,155.0,65.5,sht20,bh1750,fixed_position_sensor_facing_light,included
2026-09-17T23:27:28+08:00,1664.2,464.2,0.4642,32.0,59.69,1013.31,154.2,66.5,sht20,bh1750,fixed_position_sensor_facing_light,included
2026-09-17T23:32:29+08:00,1664.4,463.9,0.4639,31.97,60.02,1013.22,154.2,64.5,sht20,bh1750,fixed_position_sensor_facing_light,included
2026-09-17T23:37:31+08:00,1663.5,464.6,0.4646,31.92,59.84,1013.28,154.2,65.5,sht20,bh1750,fixed_position_sensor_facing_light,included
2026-09-17T23:42:32+08:00,1663.9,464.2,0.4642,31.86,60.47,1013.27,154.2,64.5,sht20,bh1750,fixed_position_sensor_facing_light,included
2026-09-17T23:47:32+08:00,1664.8,464.4,0.4644,31.87,60.59,1013.22,154.2,63.5,sht20,bh1750,fixed_position_sensor_facing_light,included
2026-09-17T23:52:33+08:00,1664.3,463.9,0.4639,31.9,60.31,1013.19,151.7,65.5,sht20,bh1750,fixed_position_sensor_facing_light,included
2026-09-17T23:57:34+08:00,1660.6,463.3,0.4633,31.89,60.33,1013.16,154.2,64.5,sht20,bh1750,fixed_position_sensor_facing_light,included
2026-09-18T00:02:36+08:00,1660.7,463.7,0.4637,31.95,59.99,1013.16,154.2,63.5,sht20,bh1750,fixed_position_sensor_facing_light,included
2026-09-18T00:07:36+08:00,1663.4,464.1,0.4641,31.94,59.93,1013.03,154.2,63.5,sht20,bh1750,fixed_position_sensor_facing_light,included
2026-09-18T00:12:37+08:00,1666.8,463.8,0.4638,31.96,59.77,1013.1,151.7,63.5,sht20,bh1750,fixed_position_sensor_facing_light,included
2026-09-18T00:17:38+08:00,1663.0,463.4,0.4634,32.01,58.99,1013.08,154.2,64.5,sht20,bh1750,fixed_position_sensor_facing_light,included
2026-09-18T00:22:38+08:00,1660.3,464.7,0.4647,32.02,59.51,1013.1,154.2,66.5,sht20,bh1750,fixed_position_sensor_facing_light,included
2026-09-18T00:27:40+08:00,1665.5,464.6,0.4646,31.96,59.56,1013.1,154.2,64.5,sht20,bh1750,fixed_position_sensor_facing_light,included
2026-09-18T00:32:40+08:00,1665.6,464.7,0.4647,31.92,59.34,1013.07,154.2,64.5,sht20,bh1750,fixed_position_sensor_facing_light,included
2026-09-18T00:37:41+08:00,1662.7,464.6,0.4646,31.94,59.18,1012.94,154.2,66.5,sht20,bh1750,fixed_position_sensor_facing_light,included
2026-09-18T00:42:41+08:00,1666.1,464.2,0.4642,32.0,58.56,1013.0,154.2,64.5,sht20,bh1750,fixed_position_sensor_facing_light,included
2026-09-18T00:47:42+08:00,1667.0,464.0,0.464,31.99,58.42,1012.85,153.3,63.5,sht20,bh1750,fixed_position_sensor_facing_light,included
2026-09-18T00:52:45+08:00,1667.3,463.6,0.4636,31.99,58.98,1012.97,153.3,63.5,sht20,bh1750,fixed_position_sensor_facing_light,included
2026-09-18T00:57:46+08:00,1667.9,465.0,0.465,31.98,58.87,1013.0,153.3,65.5,sht20,bh1750,fixed_position_sensor_facing_light,included
2026-09-18T01:02:46+08:00,1661.8,464.5,0.4645,31.96,58.99,1012.88,153.3,64.5,sht20,bh1750,fixed_position_sensor_facing_light,included
2026-09-18T01:07:47+08:00,1664.8,464.7,0.4647,31.99,58.88,1012.76,153.3,64.5,sht20,bh1750,fixed_position_sensor_facing_light,included
2026-09-18T01:12:47+08:00,1666.2,464.5,0.4645,32.03,58.74,1012.77,153.3,66.5,sht20,bh1750,fixed_position_sensor_facing_light,included
2026-09-18T01:17:50+08:00,1665.9,465.1,0.4651,31.93,58.93,1012.82,153.3,66.5,sht20,bh1750,fixed_position_sensor_facing_light,included
2026-09-18T01:22:52+08:00,1666.2,463.5,0.4635,32.05,58.39,1012.65,153.3,64.5,sht20,bh1750,fixed_position_sensor_facing_light,included
2026-09-18T01:27:55+08:00,1664.6,465.0,0.465,31.86,58.7,1012.82,151.7,63.5,sht20,bh1750,fixed_position_sensor_facing_light,included
2026-09-18T01:32:55+08:00,1665.8,465.0,0.465,32.03,58.21,1012.85,153.3,65.5,sht20,bh1750,fixed_position_sensor_facing_light,included
2026-09-18T01:37:56+08:00,1668.1,464.7,0.4647,32.02,58.27,1012.79,153.3,64.5,sht20,bh1750,fixed_position_sensor_facing_light,included
2026-09-18T01:42:56+08:00,1666.8,464.4,0.4644,32.07,57.85,1012.85,155.0,66.5,sht20,bh1750,fixed_position_sensor_facing_light,included
2026-09-18T01:47:58+08:00,1663.5,464.5,0.4645,32.03,58.1,1012.82,153.3,66.5,sht20,bh1750,fixed_position_sensor_facing_light,included
2026-09-18T01:53:00+08:00,1665.0,464.9,0.4649,31.93,58.24,1012.76,152.5,64.5,sht20,bh1750,fixed_position_sensor_facing_light,included
2026-09-18T01:58:01+08:00,1666.0,464.2,0.4642,32.01,57.95,1012.76,152.5,64.5,sht20,bh1750,fixed_position_sensor_facing_light,included
2026-09-18T02:03:02+08:00,1666.2,464.5,0.4645,31.95,57.97,1012.68,152.5,66.5,sht20,bh1750,fixed_position_sensor_facing_light,included
2026-09-18T02:08:02+08:00,1664.7,464.2,0.4642,31.89,58.25,1012.67,153.3,64.5,sht20,bh1750,fixed_position_sensor_facing_light,included
2026-09-18T02:13:03+08:00,1666.0,464.4,0.4644,31.98,57.79,1012.5,152.5,63.5,sht20,bh1750,fixed_position_sensor_facing_light,included
2026-09-18T02:18:06+08:00,1666.0,464.8,0.4648,31.87,58.49,1012.44,152.5,63.5,sht20,bh1750,fixed_position_sensor_facing_light,included
2026-09-18T02:23:07+08:00,1662.5,464.3,0.4643,31.85,58.54,1012.5,152.5,63.5,sht20,bh1750,fixed_position_sensor_facing_light,included
2026-09-18T02:28:07+08:00,1664.4,465.0,0.465,31.86,58.76,1012.47,153.3,65.5,sht20,bh1750,fixed_position_sensor_facing_light,included
2026-09-18T02:33:08+08:00,1663.5,464.0,0.464,31.84,58.72,1012.56,154.2,66.5,sht20,bh1750,fixed_position_sensor_facing_light,included
2026-09-18T02:38:08+08:00,1665.3,465.1,0.4651,31.83,58.69,1012.53,152.5,66.5,sht20,bh1750,fixed_position_sensor_facing_light,included
2026-09-18T02:43:10+08:00,1668.1,465.1,0.4651,31.81,58.84,1012.58,152.5,64.5,sht20,bh1750,fixed_position_sensor_facing_light,included
2026-09-18T02:48:11+08:00,1667.2,465.3,0.4653,31.88,58.48,1012.47,152.5,64.5,sht20,bh1750,fixed_position_sensor_facing_light,included
2026-09-18T02:53:12+08:00,1665.7,464.9,0.4649,31.82,58.58,1012.56,152.5,65.5,sht20,bh1750,fixed_position_sensor_facing_light,included
2026-09-18T02:58:12+08:00,1663.8,464.0,0.464,31.96,58.29,1012.5,153.3,64.5,sht20,bh1750,fixed_position_sensor_facing_light,included
2026-09-18T03:03:13+08:00,1665.0,465.5,0.4655,32.19,57.35,1012.57,153.3,66.5,sht20,bh1750,fixed_position_sensor_facing_light,included
2026-09-18T03:08:19+08:00,1674.4,467.2,0.4672,32.02,57.9,1012.53,147.5,64.5,sht20,bh1750,fixed_position_sensor_facing_light,included
2026-09-18T03:13:24+08:00,1674.0,467.2,0.4672,32.1,57.56,1012.59,140.8,64.5,sht20,bh1750,fixed_position_sensor_facing_light,included
2026-09-18T03:18:30+08:00,1674.7,466.9,0.4669,31.99,57.61,1012.53,138.3,65.5,sht20,bh1750,fixed_position_sensor_facing_light,included
2026-09-18T03:23:35+08:00,1676.2,467.9,0.4679,31.9,57.87,1012.59,137.5,64.5,sht20,bh1750,fixed_position_sensor_facing_light,included
2026-09-18T03:28:41+08:00,1675.2,467.6,0.4676,31.95,57.72,1012.62,135.8,63.5,sht20,bh1750,fixed_position_sensor_facing_light,included
2026-09-18T03:33:46+08:00,1676.4,467.9,0.4679,31.88,58.25,1012.76,135.8,65.5,sht20,bh1750,fixed_position_sensor_facing_light,included
2026-09-18T03:38:52+08:00,1677.3,467.5,0.4675,31.87,58.19,1012.7,135.0,65.5,sht20,bh1750,fixed_position_sensor_facing_light,included
2026-09-18T03:43:57+08:00,1677.2,468.3,0.4683,31.94,57.96,1012.73,134.2,64.5,sht20,bh1750,fixed_position_sensor_facing_light,included
2026-09-18T03:49:03+08:00,1677.2,468.1,0.4681,31.93,58.05,1012.79,134.2,63.5,sht20,bh1750,fixed_position_sensor_facing_light,included
2026-09-18T03:54:08+08:00,1677.3,467.4,0.4674,31.92,58.22,1012.76,134.2,63.5,sht20,bh1750,fixed_position_sensor_facing_light,included
2026-09-18T03:59:14+08:00,1679.2,468.0,0.468,31.9,58.42,1012.88,132.5,65.5,sht20,bh1750,fixed_position_sensor_facing_light,included
2026-09-18T04:04:19+08:00,1677.1,467.7,0.4677,31.87,58.31,1012.73,132.5,64.5,sht20,bh1750,fixed_position_sensor_facing_light,included
2026-09-18T04:09:25+08:00,1677.7,467.7,0.4677,31.99,58.02,1012.91,131.7,65.5,sht20,bh1750,fixed_position_sensor_facing_light,included
2026-09-18T04:14:30+08:00,1680.1,468.5,0.4685,31.96,58.19,1012.94,131.7,64.5,sht20,bh1750,fixed_position_sensor_facing_light,included
2026-09-18T04:19:36+08:00,1678.4,467.3,0.4673,31.95,58.19,1013.0,131.7,65.5,sht20,bh1750,fixed_position_sensor_facing_light,included
2026-09-18T04:24:41+08:00,1677.5,467.3,0.4673,31.9,58.16,1012.99,131.7,64.5,sht20,bh1750,fixed_position_sensor_facing_light,included
2026-09-18T04:29:47+08:00,1676.9,468.3,0.4683,31.85,58.61,1013.1,131.7,63.5,sht20,bh1750,fixed_position_sensor_facing_light,included
2026-09-18T04:34:52+08:00,1677.2,468.5,0.4685,31.92,58.16,1013.05,130.8,63.5,sht20,bh1750,fixed_position_sensor_facing_light,included
2026-09-18T04:39:58+08:00,1677.6,467.9,0.4679,31.87,58.61,1013.22,129.2,63.5,sht20,bh1750,fixed_position_sensor_facing_light,included
2026-09-18T04:45:03+08:00,1676.4,468.5,0.4685,31.81,58.95,1013.18,130.8,63.5,sht20,bh1750,fixed_position_sensor_facing_light,included
2026-09-18T04:50:09+08:00,1678.1,467.9,0.4679,31.85,58.61,1013.27,130.0,65.5,sht20,bh1750,fixed_position_sensor_facing_light,included
2026-09-18T04:55:14+08:00,1679.6,468.4,0.4684,31.97,58.08,1013.28,130.0,64.5,sht20,bh1750,fixed_position_sensor_facing_light,included
2026-09-18T05:00:20+08:00,1677.3,468.0,0.468,32.0,57.92,1013.4,129.2,65.5,sht20,bh1750,fixed_position_sensor_facing_light,included
2026-09-18T05:05:26+08:00,1679.2,467.8,0.4678,31.88,58.36,1013.39,129.2,64.5,sht20,bh1750,fixed_position_sensor_facing_light,included
2026-09-18T05:10:31+08:00,1678.7,467.5,0.4675,31.9,58.1,1013.39,130.0,65.5,sht20,bh1750,fixed_position_sensor_facing_light,included
2026-09-18T05:15:37+08:00,1678.8,468.5,0.4685,31.83,58.35,1013.42,129.2,63.5,sht20,bh1750,fixed_position_sensor_facing_light,included
2026-09-18T05:20:42+08:00,1678.6,468.2,0.4683,31.82,58.2,1013.51,129.2,64.5,sht20,bh1750,fixed_position_sensor_facing_light,included
2026-09-18T05:25:48+08:00,1679.0,468.7,0.4687,31.84,58.43,1013.48,128.3,63.5,sht20,bh1750,fixed_position_sensor_facing_light,included
2026-09-18T05:30:53+08:00,1680.0,468.7,0.4687,31.81,58.47,1013.58,128.3,62.5,sht20,bh1750,fixed_position_sensor_facing_light,included
2026-09-18T05:35:59+08:00,1681.1,468.7,0.4687,31.75,58.61,1013.73,128.3,62.5,sht20,bh1750,fixed_position_sensor_facing_light,included
2026-09-18T05:41:04+08:00,1676.9,467.3,0.4673,31.84,58.36,1013.73,129.2,64.5,sht20,bh1750,fixed_position_sensor_facing_light,included
2026-09-18T05:46:10+08:00,1677.5,468.2,0.4682,31.85,58.1,1013.88,129.2,63.5,sht20,bh1750,fixed_position_sensor_facing_light,included
2026-09-18T05:51:16+08:00,1679.4,469.0,0.469,31.86,58.03,1013.79,128.3,62.5,sht20,bh1750,fixed_position_sensor_facing_light,included
2026-09-18T05:56:22+08:00,1677.2,468.4,0.4684,31.9,57.7,1013.79,128.3,62.5,sht20,bh1750,fixed_position_sensor_facing_light,included
2026-09-18T06:01:27+08:00,1679.6,467.8,0.4678,31.84,57.6,1013.76,127.5,64.5,sht20,bh1750,fixed_position_sensor_facing_light,included
2026-09-18T06:06:33+08:00,1676.7,468.5,0.4685,31.74,58.18,1013.93,127.5,63.5,sht20,bh1750,fixed_position_sensor_facing_light,included
2026-09-18T06:11:38+08:00,1679.5,468.8,0.4688,31.76,57.83,1013.87,125.8,62.5,sht20,bh1750,fixed_position_sensor_facing_light,included
2026-09-18T06:16:44+08:00,1681.9,468.9,0.4689,31.71,58.41,1013.96,127.5,64.5,sht20,bh1750,fixed_position_sensor_facing_light,included
2026-09-18T06:21:49+08:00,1678.5,467.8,0.4678,31.74,58.63,1013.99,127.5,62.5,sht20,bh1750,fixed_position_sensor_facing_light,included
2026-09-18T06:26:55+08:00,1679.9,468.7,0.4687,31.83,57.84,1013.99,126.7,62.5,sht20,bh1750,fixed_position_sensor_facing_light,included
2026-09-18T06:32:00+08:00,1677.8,468.1,0.4681,31.81,58.5,1014.02,125.0,64.5,sht20,bh1750,fixed_position_sensor_facing_light,included
2026-09-18T06:37:06+08:00,1678.1,468.8,0.4688,31.7,58.96,1014.13,126.7,63.5,sht20,bh1750,fixed_position_sensor_facing_light,included
2026-09-18T06:42:11+08:00,1679.5,468.7,0.4687,31.67,59.18,1014.22,126.7,62.5,sht20,bh1750,fixed_position_sensor_facing_light,included
2026-09-18T06:47:17+08:00,1681.0,468.7,0.4687,31.68,59.39,1014.25,126.7,62.5,sht20,bh1750,fixed_position_sensor_facing_light,included
2026-09-18T06:52:22+08:00,1679.9,468.9,0.4689,31.76,59.25,1014.43,125.8,64.5,sht20,bh1750,fixed_position_sensor_facing_light,included
2026-09-18T06:57:28+08:00,1679.8,468.4,0.4684,31.72,59.55,1014.28,125.8,62.5,sht20,bh1750,fixed_position_sensor_facing_light,included
2026-09-18T07:02:33+08:00,1679.3,468.7,0.4687,31.79,59.57,1014.4,126.7,62.5,sht20,bh1750,fixed_position_sensor_facing_light,included
2026-09-18T07:07:39+08:00,1679.7,468.2,0.4682,31.87,59.45,1014.52,128.3,62.5,sht20,bh1750,fixed_position_sensor_facing_light,included
2026-09-18T07:12:44+08:00,1679.9,468.4,0.4684,31.9,59.58,1014.67,125.8,64.5,sht20,bh1750,fixed_position_sensor_facing_light,included
2026-09-18T07:17:50+08:00,1678.9,468.0,0.468,32.0,58.96,1014.55,127.5,63.5,sht20,bh1750,fixed_position_sensor_facing_light,included
2026-09-18T07:22:55+08:00,1679.1,469.1,0.4691,31.93,59.16,1014.55,126.7,62.5,sht20,bh1750,fixed_position_sensor_facing_light,included
2026-09-18T07:28:01+08:00,1679.6,468.6,0.4686,31.88,60.08,1014.61,126.7,62.5,sht20,bh1750,fixed_position_sensor_facing_light,included
2026-09-18T07:33:06+08:00,1679.8,468.5,0.4685,31.87,60.18,1014.63,126.7,64.5,sht20,bh1750,fixed_position_sensor_facing_light,included
2026-09-18T07:38:12+08:00,1679.6,468.6,0.4686,31.87,60.38,1014.61,126.7,63.5,sht20,bh1750,fixed_position_sensor_facing_light,included
2026-09-18T07:43:18+08:00,1679.2,468.3,0.4683,31.78,60.89,1014.66,126.7,64.5,sht20,bh1750,fixed_position_sensor_facing_light,included
2026-09-18T07:48:23+08:00,1680.2,468.9,0.4689,31.94,60.25,1014.69,126.7,63.5,sht20,bh1750,fixed_position_sensor_facing_light,included
2026-09-18T07:53:29+08:00,1681.3,469.3,0.4692,31.93,59.85,1014.61,125.8,62.5,sht20,bh1750,fixed_position_sensor_facing_light,included
2026-09-18T07:58:34+08:00,1682.0,469.1,0.4691,31.99,59.93,1014.81,126.7,64.5,sht20,bh1750,fixed_position_sensor_facing_light,included
2026-09-18T08:03:40+08:00,1680.9,468.4,0.4684,31.97,59.88,1014.7,126.7,63.5,sht20,bh1750,fixed_position_sensor_facing_light,included
2026-09-18T08:08:45+08:00,1679.5,468.6,0.4686,32.08,59.48,1014.7,127.5,62.5,sht20,bh1750,fixed_position_sensor_facing_light,included
2026-09-18T08:13:51+08:00,1678.4,468.8,0.4688,32.19,58.96,1014.82,127.5,64.5,sht20,bh1750,fixed_position_sensor_facing_light,included
2026-09-18T08:18:56+08:00,1679.0,468.0,0.468,32.07,59.91,1014.79,127.5,62.5,sht20,bh1750,fixed_position_sensor_facing_light,included
2026-09-18T08:24:02+08:00,1682.2,468.3,0.4683,32.08,60.6,1014.79,126.7,62.5,sht20,bh1750,fixed_position_sensor_facing_light,included
2026-09-18T08:29:07+08:00,1679.1,468.5,0.4685,32.24,59.87,1014.85,127.5,64.5,sht20,bh1750,fixed_position_sensor_facing_light,included
2026-09-18T08:34:13+08:00,1680.2,468.8,0.4688,32.14,60.7,1014.73,127.5,63.5,sht20,bh1750,fixed_position_sensor_facing_light,included
2026-09-18T08:39:18+08:00,1676.1,468.2,0.4682,32.1,61.45,1014.76,127.5,62.5,sht20,bh1750,fixed_position_sensor_facing_light,included
2026-09-18T08:44:24+08:00,1675.7,467.8,0.4678,32.13,61.21,1014.76,130.0,64.5,sht20,bh1750,fixed_position_sensor_facing_light,included
2026-09-18T08:49:29+08:00,1678.9,468.3,0.4683,32.31,60.22,1014.68,128.3,63.5,sht20,bh1750,fixed_position_sensor_facing_light,included
2026-09-18T08:54:35+08:00,1677.5,467.9,0.4679,32.32,60.32,1014.62,129.2,63.5,sht20,bh1750,fixed_position_sensor_facing_light,included
2026-09-18T08:59:40+08:00,1677.1,467.7,0.4678,32.13,60.97,1014.7,128.3,64.5,sht20,bh1750,fixed_position_sensor_facing_light,included
2026-09-18T09:04:46+08:00,1677.7,468.2,0.4682,32.2,60.29,1014.7,129.2,63.5,sht20,bh1750,fixed_position_sensor_facing_light,included
2026-09-18T09:09:52+08:00,1677.2,467.5,0.4675,32.39,59.92,1014.68,129.2,63.5,sht20,bh1750,fixed_position_sensor_facing_light,included
2026-09-18T09:14:57+08:00,1676.4,467.8,0.4678,32.17,60.75,1014.64,130.0,64.5,sht20,bh1750,fixed_position_sensor_facing_light,included
2026-09-18T09:20:03+08:00,1677.6,468.0,0.468,32.31,60.09,1014.74,129.2,63.5,sht20,bh1750,fixed_position_sensor_facing_light,included
2026-09-18T09:25:09+08:00,1674.7,468.0,0.468,32.27,60.46,1014.59,130.0,63.5,sht20,bh1750,fixed_position_sensor_facing_light,included
2026-09-18T09:30:15+08:00,1676.1,467.2,0.4672,32.29,60.67,1014.71,130.0,63.5,sht20,bh1750,fixed_position_sensor_facing_light,included
2026-09-18T09:35:20+08:00,1674.6,467.7,0.4677,32.29,60.31,1014.65,129.2,65.5,sht20,bh1750,fixed_position_sensor_facing_light,included
2026-09-18T09:40:26+08:00,1678.3,467.5,0.4675,32.37,60.07,1014.65,129.2,63.5,sht20,bh1750,fixed_position_sensor_facing_light,included
2026-09-18T09:45:31+08:00,1675.5,467.7,0.4677,32.33,60.09,1014.56,129.2,63.5,sht20,bh1750,fixed_position_sensor_facing_light,included
2026-09-18T09:50:37+08:00,1673.3,467.1,0.4671,32.44,59.64,1014.59,128.3,65.5,sht20,bh1750,fixed_position_sensor_facing_light,included
2026-09-18T09:55:42+08:00,1674.5,466.7,0.4667,32.46,59.7,1014.59,130.0,63.5,sht20,bh1750,fixed_position_sensor_facing_light,included
2026-09-18T10:00:48+08:00,1673.5,466.4,0.4664,32.42,59.77,1014.71,129.2,63.5,sht20,bh1750,fixed_position_sensor_facing_light,included
2026-09-18T10:05:53+08:00,1672.6,466.2,0.4662,32.44,60.05,1014.62,131.7,63.5,sht20,bh1750,fixed_position_sensor_facing_light,included
2026-09-18T10:10:59+08:00,1676.0,466.8,0.4668,32.44,59.98,1014.59,130.0,65.5,sht20,bh1750,fixed_position_sensor_facing_light,included
2026-09-18T10:16:04+08:00,1674.1,466.7,0.4667,32.49,59.68,1014.54,130.8,63.5,sht20,bh1750,fixed_position_sensor_facing_light,included
2026-09-18T10:21:10+08:00,1676.4,467.6,0.4676,32.47,59.59,1014.51,130.0,63.5,sht20,bh1750,fixed_position_sensor_facing_light,included
2026-09-18T10:26:15+08:00,1672.7,466.4,0.4664,32.54,59.01,1014.57,130.8,62.5,sht20,bh1750,fixed_position_sensor_facing_light,included
2026-09-18T10:31:21+08:00,1670.6,466.8,0.4668,32.62,58.48,1014.48,130.0,63.5,sht20,bh1750,fixed_position_sensor_facing_light,included
2026-09-18T10:36:26+08:00,1669.7,466.5,0.4665,32.61,58.22,1014.48,130.0,63.5,sht20,bh1750,fixed_position_sensor_facing_light,included
2026-09-18T10:41:31+08:00,1669.5,466.4,0.4664,32.63,57.91,1014.45,129.2,63.5,sht20,bh1750,fixed_position_sensor_facing_light,included
2026-09-18T10:46:37+08:00,1670.5,466.4,0.4664,32.73,57.87,1014.4,129.2,65.5,sht20,bh1750,fixed_position_sensor_facing_light,included
2026-09-18T10:51:42+08:00,1669.9,466.2,0.4662,32.74,57.06,1014.34,128.3,65.5,sht20,bh1750,fixed_position_sensor_facing_light,included
2026-09-18T10:56:48+08:00,1670.1,465.8,0.4658,32.68,57.68,1014.19,129.2,64.5,sht20,bh1750,fixed_position_sensor_facing_light,included
2026-09-18T11:01:53+08:00,1669.7,465.6,0.4656,32.79,57.4,1014.23,129.2,63.5,sht20,bh1750,fixed_position_sensor_facing_light,included
2026-09-18T11:06:59+08:00,1670.2,465.3,0.4653,32.71,57.88,1014.19,128.3,65.5,sht20,bh1750,fixed_position_sensor_facing_light,included
2026-09-18T11:12:04+08:00,1670.0,466.3,0.4663,32.94,57.07,1014.03,128.3,66.5,sht20,bh1750,fixed_position_sensor_facing_light,included
2026-09-18T11:17:10+08:00,1669.3,465.6,0.4656,33.04,56.9,1014.09,128.3,64.5,sht20,bh1750,fixed_position_sensor_facing_light,included
2026-09-18T11:22:15+08:00,1671.4,465.9,0.4659,32.4,52.18,1013.98,128.3,65.5,sht20,bh1750,fixed_position_sensor_facing_light,included
2026-09-18T11:27:16+08:00,1661.3,463.0,0.463,31.92,49.6,1013.85,132.5,63.5,sht20,bh1750,fixed_position_sensor_facing_light,included
2026-09-18T11:32:16+08:00,1663.2,464.4,0.4644,31.73,47.9,1013.93,131.7,62.5,sht20,bh1750,fixed_position_sensor_facing_light,included
2026-09-18T11:37:17+08:00,1665.5,464.5,0.4645,31.8,47.92,1013.79,131.7,62.5,sht20,bh1750,fixed_position_sensor_facing_light,included
2026-09-18T11:42:18+08:00,1658.4,462.8,0.4628,31.54,48.01,1013.9,110.0,64.5,sht20,bh1750,fixed_position_sensor_facing_light,included
2026-09-18T11:47:18+08:00,1673.2,466.3,0.4663,31.56,46.82,1013.87,121.7,65.5,sht20,bh1750,fixed_position_sensor_facing_light,included
2026-09-18T11:52:19+08:00,1672.9,466.1,0.4661,31.33,46.82,1013.8,121.7,65.5,sht20,bh1750,fixed_position_sensor_facing_light,included
2026-09-18T11:57:20+08:00,1671.6,466.7,0.4667,31.35,49.27,1013.66,120.8,63.5,sht20,bh1750,fixed_position_sensor_facing_light,included
2026-09-18T12:02:21+08:00,1674.9,466.5,0.4665,31.49,48.27,1013.6,121.7,62.5,sht20,bh1750,fixed_position_sensor_facing_light,included
2026-09-18T12:07:22+08:00,1674.7,467.5,0.4675,31.21,47.22,1013.49,122.5,62.5,sht20,bh1750,fixed_position_sensor_facing_light,included
2026-09-18T12:12:22+08:00,1670.7,466.3,0.4663,31.38,45.63,1013.49,119.2,62.5,sht20,bh1750,fixed_position_sensor_facing_light,included
2026-09-18T12:17:23+08:00,1671.2,465.5,0.4655,30.91,46.19,1013.48,130.8,62.5,sht20,bh1750,fixed_position_sensor_facing_light,included
2026-09-18T12:22:23+08:00,1664.5,464.1,0.4641,31.21,44.26,1013.37,128.3,62.5,sht20,bh1750,fixed_position_sensor_facing_light,included
2026-09-18T12:27:24+08:00,1666.4,465.2,0.4652,30.83,44.4,1013.42,131.7,63.5,sht20,bh1750,fixed_position_sensor_facing_light,included
2026-09-18T12:32:25+08:00,1645.4,459.2,0.4593,31.3,43.2,1013.26,129.2,62.5,sht20,bh1750,fixed_position_sensor_facing_light,included
2026-09-18T12:37:26+08:00,1637.1,455.7,0.4557,30.83,43.09,1013.3,125.8,62.5,sht20,bh1750,fixed_position_sensor_facing_light,included
2026-09-18T12:42:26+08:00,1606.0,448.8,0.4488,31.59,41.25,1013.24,121.7,62.5,sht20,bh1750,fixed_position_sensor_facing_light,included
2026-09-18T12:47:27+08:00,1614.0,450.0,0.45,30.93,44.99,1013.25,120.0,62.5,sht20,bh1750,fixed_position_sensor_facing_light,included
2026-09-18T12:52:28+08:00,1620.8,451.6,0.4516,30.89,48.25,1013.25,118.3,62.5,sht20,bh1750,fixed_position_sensor_facing_light,included
2026-09-18T12:57:29+08:00,1636.7,456.9,0.4569,30.7,44.96,1013.24,120.8,62.5,sht20,bh1750,fixed_position_sensor_facing_light,included
2026-09-18T13:02:30+08:00,1646.0,459.8,0.4598,30.53,44.89,1013.18,123.3,63.5,sht20,bh1750,fixed_position_sensor_facing_light,included
2026-09-18T13:07:30+08:00,1653.6,462.0,0.462,30.41,44.58,1013.2,121.7,62.5,sht20,bh1750,fixed_position_sensor_facing_light,included
2026-09-18T13:12:31+08:00,1661.7,462.7,0.4627,30.37,44.52,1013.09,123.3,63.5,sht20,bh1750,fixed_position_sensor_facing_light,included
2026-09-18T13:17:31+08:00,1649.3,460.9,0.4609,30.42,44.65,1013.15,155.0,64.5,sht20,bh1750,fixed_position_sensor_facing_light,included
2026-09-18T13:21:08+08:00,1570.0,436.6,0.4366,29.85,47.3,1013.13,240.8,40.5,sht20,bh1750,fixed_position_sensor_facing_light,included
2026-09-18T13:22:17+08:00,921.0,257.6,0.2576,29.89,47.86,1013.16,73.3,47.5,sht20,bh1750,fixed_position_sensor_facing_light,included
2026-09-18T13:27:23+08:00,1073.3,300.2,0.3002,29.12,49.51,1013.2,102.5,51.5,sht20,bh1750,fixed_position_sensor_facing_light,included
2026-09-18T13:32:28+08:00,1075.5,301.1,0.3011,29.15,50.04,1013.26,110.0,57.5,sht20,bh1750,fixed_position_sensor_facing_light,included
2026-09-18T13:37:34+08:00,1174.0,327.8,0.3278,29.18,49.73,1013.08,143.3,59.5,sht20,bh1750,fixed_position_sensor_facing_light,included
2026-09-18T13:42:39+08:00,1178.6,328.8,0.3288,29.27,48.47,1013.09,144.2,60.5,sht20,bh1750,fixed_position_sensor_facing_light,included
2026-09-18T13:47:45+08:00,1179.5,329.4,0.3294,29.46,49.16,1012.99,140.8,60.5,sht20,bh1750,fixed_position_sensor_facing_light,included
2026-09-18T13:52:51+08:00,1178.8,329.8,0.3298,29.42,47.92,1013.06,145.8,62.5,sht20,bh1750,fixed_position_sensor_facing_light,included
2026-09-18T13:57:56+08:00,1189.8,333.4,0.3334,29.44,47.79,1013.15,148.3,61.5,sht20,bh1750,fixed_position_sensor_facing_light,included
2026-09-18T14:03:02+08:00,1151.1,321.0,0.321,29.38,48.43,1012.92,150.8,60.5,sht20,bh1750,fixed_position_sensor_facing_light,included
2026-09-18T14:08:07+08:00,1178.3,328.8,0.3288,29.56,46.93,1012.96,162.5,61.5,sht20,bh1750,fixed_position_sensor_facing_light,included
2026-09-18T14:13:13+08:00,1177.4,329.9,0.3299,29.58,46.37,1012.87,156.7,61.5,sht20,bh1750,fixed_position_sensor_facing_light,included
2026-09-18T14:18:18+08:00,1259.4,351.3,0.3513,29.76,44.7,1012.79,208.3,61.5,sht20,bh1750,fixed_position_sensor_facing_light,included
2026-09-18T14:23:24+08:00,1270.5,355.2,0.3552,29.39,47.15,1012.9,207.5,61.5,sht20,bh1750,fixed_position_sensor_facing_light,included
2026-09-18T14:28:29+08:00,1271.7,354.2,0.3542,29.5,49.71,1012.9,206.7,61.5,sht20,bh1750,fixed_position_sensor_facing_light,included
2026-09-18T14:33:35+08:00,1275.4,355.2,0.3552,29.59,48.43,1012.82,207.5,61.5,sht20,bh1750,fixed_position_sensor_facing_light,included
2026-09-18T14:38:41+08:00,1257.7,351.3,0.3513,29.6,48.22,1012.93,203.3,62.5,sht20,bh1750,fixed_position_sensor_facing_light,included
2026-09-18T14:43:42+08:00,1277.0,355.8,0.3558,29.51,48.47,1012.96,148.3,63.5,sht20,bh1750,fixed_position_sensor_facing_light,included
2026-09-18T14:48:42+08:00,1263.2,352.8,0.3528,29.54,47.44,1012.96,143.3,64.5,sht20,bh1750,fixed_position_sensor_facing_light,included
2026-09-18T14:53:43+08:00,1275.1,355.8,0.3558,29.41,47.09,1013.12,146.7,62.5,sht20,bh1750,fixed_position_sensor_facing_light,included
2026-09-18T14:58:43+08:00,1275.0,355.8,0.3558,29.42,46.25,1013.09,148.3,62.5,sht20,bh1750,fixed_position_sensor_facing_light,included
2026-09-18T15:03:44+08:00,1268.9,353.9,0.3539,29.32,46.17,1013.06,146.7,61.5,sht20,bh1750,fixed_position_sensor_facing_light,included
2026-09-18T15:08:45+08:00,1263.8,352.2,0.3522,29.43,47.49,1013.12,141.7,61.5,sht20,bh1750,fixed_position_sensor_facing_light,included
2026-09-18T15:13:46+08:00,1259.7,350.9,0.3509,30.07,47.97,1013.11,143.3,62.5,sht20,bh1750,fixed_position_sensor_facing_light,included
2026-09-18T15:18:47+08:00,1256.7,349.3,0.3493,30.41,48.98,1013.09,140.8,63.5,sht20,bh1750,fixed_position_sensor_facing_light,included
2026-09-18T15:23:48+08:00,1250.7,349.2,0.3492,30.62,49.99,1012.99,141.7,64.5,sht20,bh1750,fixed_position_sensor_facing_light,included
2026-09-18T15:28:48+08:00,1250.0,348.5,0.3485,30.7,51.09,1013.05,140.8,63.5,sht20,bh1750,fixed_position_sensor_facing_light,included
2026-09-18T15:33:49+08:00,1247.8,348.3,0.3483,30.9,51.03,1013.31,141.7,63.5,sht20,bh1750,fixed_position_sensor_facing_light,included
2026-09-18T15:38:50+08:00,1243.2,346.5,0.3465,30.94,51.75,1013.22,141.7,63.5,sht20,bh1750,fixed_position_sensor_facing_light,included
2026-09-18T15:43:51+08:00,1242.7,346.3,0.3463,30.93,52.53,1013.25,140.8,63.5,sht20,bh1750,fixed_position_sensor_facing_light,included
2026-09-18T15:48:51+08:00,1241.0,346.1,0.3461,30.96,53.36,1013.25,140.8,64.5,sht20,bh1750,fixed_position_sensor_facing_light,included
2026-09-18T15:53:52+08:00,1254.0,349.9,0.3499,31.08,54.88,1013.34,145.8,63.5,sht20,bh1750,fixed_position_sensor_facing_light,included
2026-09-18T15:58:53+08:00,1254.4,349.9,0.3499,30.23,50.06,1013.23,145.0,62.5,sht20,bh1750,fixed_position_sensor_facing_light,included
2026-09-18T16:03:54+08:00,1254.5,349.2,0.3492,29.96,48.01,1013.34,148.3,62.5,sht20,bh1750,fixed_position_sensor_facing_light,included
2026-09-18T16:08:54+08:00,1261.9,351.7,0.3517,30.01,46.4,1013.34,150.0,62.5,sht20,bh1750,fixed_position_sensor_facing_light,included
2026-09-18T16:13:55+08:00,1261.6,352.4,0.3524,29.86,46.22,1013.28,150.0,62.5,sht20,bh1750,fixed_position_sensor_facing_light,included
2026-09-18T16:18:56+08:00,1263.9,352.8,0.3528,29.98,45.95,1013.31,150.0,62.5,sht20,bh1750,fixed_position_sensor_facing_light,included
2026-09-18T16:23:56+08:00,1266.8,352.5,0.3525,29.97,44.48,1013.51,148.3,62.5,sht20,bh1750,fixed_position_sensor_facing_light,included
2026-09-18T16:28:57+08:00,1266.2,352.9,0.3529,29.79,44.94,1013.56,148.3,63.5,sht20,bh1750,fixed_position_sensor_facing_light,included
2026-09-18T16:33:57+08:00,1258.5,351.4,0.3514,29.89,44.48,1013.45,145.0,64.5,sht20,bh1750,fixed_position_sensor_facing_light,included
2026-09-18T16:38:58+08:00,1270.4,354.1,0.3541,29.83,43.7,1013.56,149.2,62.5,sht20,bh1750,fixed_position_sensor_facing_light,included
2026-09-18T16:43:59+08:00,1271.9,354.0,0.354,29.79,43.39,1013.48,150.0,62.5,sht20,bh1750,fixed_position_sensor_facing_light,included
2026-09-18T16:49:00+08:00,1273.4,355.4,0.3554,29.73,44.31,1013.55,148.3,61.5,sht20,bh1750,fixed_position_sensor_facing_light,included
2026-09-18T16:54:01+08:00,1271.5,354.8,0.3548,29.64,44.99,1013.61,148.3,62.5,sht20,bh1750,fixed_position_sensor_facing_light,included
2026-09-18T16:59:02+08:00,1276.7,354.7,0.3547,29.61,47.15,1013.61,149.2,63.5,sht20,bh1750,fixed_position_sensor_facing_light,included
2026-09-18T17:04:03+08:00,1275.3,354.8,0.3548,29.65,46.46,1013.67,147.5,63.5,sht20,bh1750,fixed_position_sensor_facing_light,included
2026-09-18T17:09:09+08:00,1135.1,316.9,0.3169,29.82,46.6,1013.64,93.3,64.5,sht20,bh1750,fixed_position_sensor_facing_light,included
2026-09-18T17:14:14+08:00,1310.3,364.9,0.3649,30.11,45.85,1013.71,130.0,62.5,sht20,bh1750,fixed_position_sensor_facing_light,included
2026-09-18T17:19:20+08:00,1311.4,365.3,0.3653,30.12,44.5,1013.8,130.8,61.5,sht20,bh1750,fixed_position_sensor_facing_light,included
2026-09-18T17:24:25+08:00,1313.4,365.3,0.3652,30.27,43.93,1013.89,137.5,60.5,sht20,bh1750,fixed_position_sensor_facing_light,included
2026-09-18T17:29:31+08:00,1312.9,365.8,0.3658,30.51,43.1,1013.81,136.7,60.5,sht20,bh1750,fixed_position_sensor_facing_light,included
2026-09-18T17:34:36+08:00,1310.7,365.0,0.365,30.4,45.72,1013.78,136.7,60.5,sht20,bh1750,fixed_position_sensor_facing_light,included
2026-09-18T17:39:41+08:00,1312.7,365.3,0.3653,30.35,44.76,1013.95,135.8,62.5,sht20,bh1750,fixed_position_sensor_facing_light,included
2026-09-18T17:44:47+08:00,1310.7,365.3,0.3653,30.26,44.29,1013.95,136.7,62.5,sht20,bh1750,fixed_position_sensor_facing_light,included
2026-09-18T17:49:53+08:00,1274.8,355.3,0.3553,30.22,44.32,1013.86,134.2,60.5,sht20,bh1750,fixed_position_sensor_facing_light,included
2026-09-18T17:54:58+08:00,1310.0,365.2,0.3652,30.2,43.67,1013.92,135.8,60.5,sht20,bh1750,fixed_position_sensor_facing_light,included
2026-09-18T18:00:04+08:00,1312.6,366.4,0.3664,30.16,43.33,1013.89,135.0,59.5,sht20,bh1750,fixed_position_sensor_facing_light,included
2026-09-18T18:05:09+08:00,1311.1,365.3,0.3652,30.13,43.56,1014.09,133.3,59.5,sht20,bh1750,fixed_position_sensor_facing_light,included
2026-09-18T18:10:15+08:00,1313.9,366.1,0.3661,30.24,46.99,1014.21,135.0,59.5,sht20,bh1750,fixed_position_sensor_facing_light,included
2026-09-18T18:15:20+08:00,1313.9,365.0,0.365,30.23,46.53,1014.18,135.8,60.5,sht20,bh1750,fixed_position_sensor_facing_light,included
2026-09-18T18:20:26+08:00,1315.5,366.1,0.3661,30.19,45.06,1014.18,135.0,62.5,sht20,bh1750,fixed_position_sensor_facing_light,included
2026-09-18T18:25:31+08:00,1315.3,367.3,0.3672,30.17,44.48,1014.21,135.0,62.5,sht20,bh1750,fixed_position_sensor_facing_light,included
2026-09-18T18:30:37+08:00,1313.0,366.5,0.3665,30.13,43.92,1014.2,136.7,60.5,sht20,bh1750,fixed_position_sensor_facing_light,included
2026-09-18T18:35:43+08:00,1315.1,366.0,0.366,29.76,44.53,1014.05,136.7,61.5,sht20,bh1750,fixed_position_sensor_facing_light,included
2026-09-18T18:40:48+08:00,996.3,278.3,0.2783,29.71,46.58,1014.13,60.8,60.5,sht20,bh1750,fixed_position_sensor_facing_light,included
2026-09-18T18:45:53+08:00,992.6,276.5,0.2765,30.16,47.44,1014.23,60.8,60.5,sht20,bh1750,fixed_position_sensor_facing_light,included
2026-09-18T18:50:59+08:00,987.3,275.6,0.2756,30.19,49.05,1014.18,60.8,63.5,sht20,bh1750,fixed_position_sensor_facing_light,included
2026-09-18T18:56:04+08:00,988.8,275.0,0.275,30.31,49.63,1014.21,60.0,64.5,sht20,bh1750,fixed_position_sensor_facing_light,included
2026-09-18T19:01:10+08:00,988.3,274.8,0.2748,30.45,50.14,1014.24,60.0,62.5,sht20,bh1750,fixed_position_sensor_facing_light,included
2026-09-18T19:06:16+08:00,982.6,274.6,0.2746,30.53,50.98,1014.24,60.0,62.5,sht20,bh1750,fixed_position_sensor_facing_light,included
2026-09-18T19:11:21+08:00,981.9,274.7,0.2747,30.71,50.62,1014.34,60.0,64.5,sht20,bh1750,fixed_position_sensor_facing_light,included
2026-09-18T19:16:26+08:00,976.5,273.2,0.2732,30.77,51.22,1014.48,59.2,62.5,sht20,bh1750,fixed_position_sensor_facing_light,included
2026-09-18T19:21:32+08:00,976.4,273.7,0.2737,30.89,51.52,1014.46,60.0,62.5,sht20,bh1750,fixed_position_sensor_facing_light,included
2026-09-18T19:26:37+08:00,977.1,272.4,0.2724,30.85,52.27,1014.57,60.0,64.5,sht20,bh1750,fixed_position_sensor_facing_light,included
2026-09-18T19:31:43+08:00,974.2,273.0,0.273,31.07,52.03,1014.44,60.0,63.5,sht20,bh1750,fixed_position_sensor_facing_light,included
2026-09-18T19:36:48+08:00,977.6,272.4,0.2724,30.92,52.62,1014.55,60.0,62.5,sht20,bh1750,fixed_position_sensor_facing_light,included
2026-09-18T19:41:54+08:00,976.0,272.1,0.2721,31.06,52.37,1014.61,60.0,62.5,sht20,bh1750,fixed_position_sensor_facing_light,included
2026-09-18T19:47:00+08:00,972.7,271.9,0.2719,31.12,52.5,1014.55,60.0,64.5,sht20,bh1750,fixed_position_sensor_facing_light,included
2026-09-18T19:52:05+08:00,971.2,271.1,0.2711,31.14,52.64,1014.55,60.0,63.5,sht20,bh1750,fixed_position_sensor_facing_light,included
2026-09-18T19:57:10+08:00,977.3,271.9,0.2719,31.25,52.66,1014.73,60.0,62.5,sht20,bh1750,fixed_position_sensor_facing_light,included
2026-09-18T20:02:16+08:00,973.8,271.3,0.2713,31.27,53.09,1014.7,60.0,62.5,sht20,bh1750,fixed_position_sensor_facing_light,included
2026-09-18T20:07:21+08:00,972.0,272.4,0.2724,31.27,54.0,1014.67,60.0,63.5,sht20,bh1750,fixed_position_sensor_facing_light,included
2026-09-18T20:12:27+08:00,966.1,271.5,0.2715,31.29,53.47,1014.71,60.0,62.5,sht20,bh1750,fixed_position_sensor_facing_light,included
2026-09-18T20:17:32+08:00,963.5,269.5,0.2695,31.1,54.76,1014.9,56.7,62.5,sht20,bh1750,fixed_position_sensor_facing_light,included
2026-09-18T20:22:38+08:00,964.8,269.0,0.269,31.11,54.91,1014.95,56.7,62.5,sht20,bh1750,fixed_position_sensor_facing_light,included
2026-09-18T20:27:44+08:00,963.7,269.7,0.2697,31.22,54.46,1015.01,57.5,63.5,sht20,bh1750,fixed_position_sensor_facing_light,included
2026-09-18T20:32:49+08:00,962.5,269.5,0.2695,31.24,54.53,1014.94,56.7,63.5,sht20,bh1750,fixed_position_sensor_facing_light,included
2026-09-18T20:37:54+08:00,963.2,269.6,0.2696,31.28,54.84,1014.99,57.5,63.5,sht20,bh1750,fixed_position_sensor_facing_light,included
2026-09-18T20:43:00+08:00,964.0,268.2,0.2682,31.33,54.94,1015.05,57.5,63.5,sht20,bh1750,fixed_position_sensor_facing_light,included
2026-09-18T20:48:05+08:00,961.4,268.1,0.2681,31.34,54.8,1015.07,57.5,65.5,sht20,bh1750,fixed_position_sensor_facing_light,included
2026-09-18T20:53:11+08:00,1281.0,358.0,0.358,31.38,56.0,1015.25,160.0,63.5,sht20,bh1750,fixed_position_sensor_facing_light,included
2026-09-18T20:58:17+08:00,1496.0,416.7,0.4167,31.26,51.6,1015.16,497.5,62.5,sht20,bh1750,fixed_position_sensor_facing_light,included
2026-09-18T21:03:22+08:00,1500.8,418.5,0.4185,31.02,48.59,1015.12,498.3,62.5,sht20,bh1750,fixed_position_sensor_facing_light,included
2026-09-18T21:08:28+08:00,1498.2,418.3,0.4183,30.99,47.25,1015.12,500.0,62.5,sht20,bh1750,fixed_position_sensor_facing_light,included
2026-09-18T21:13:33+08:00,1503.0,419.2,0.4192,31.01,46.01,1015.18,500.0,63.5,sht20,bh1750,fixed_position_sensor_facing_light,included
2026-09-18T21:18:39+08:00,1504.0,419.6,0.4196,30.96,44.31,1015.27,497.5,64.5,sht20,bh1750,fixed_position_sensor_facing_light,included
2026-09-18T21:23:44+08:00,1508.0,420.3,0.4203,30.87,43.3,1015.41,500.8,62.5,sht20,bh1750,fixed_position_sensor_facing_light,included
2026-09-18T21:28:50+08:00,1507.2,420.3,0.4203,30.94,42.09,1015.41,498.3,63.5,sht20,bh1750,fixed_position_sensor_facing_light,included
2026-09-18T21:33:55+08:00,1509.0,421.6,0.4216,30.93,43.52,1015.41,498.3,64.5,sht20,bh1750,fixed_position_sensor_facing_light,included
2026-09-18T21:39:01+08:00,1511.5,421.1,0.4211,30.81,43.07,1015.38,505.8,62.5,sht20,bh1750,fixed_position_sensor_facing_light,included
2026-09-18T21:44:06+08:00,1512.4,421.7,0.4217,30.7,42.09,1015.46,500.0,61.5,sht20,bh1750,fixed_position_sensor_facing_light,included
2026-09-18T21:49:12+08:00,1510.0,422.4,0.4224,30.68,41.42,1015.46,500.0,61.5,sht20,bh1750,fixed_position_sensor_facing_light,included
2026-09-18T21:54:17+08:00,1511.9,422.1,0.4221,30.69,40.99,1015.43,500.8,61.5,sht20,bh1750,fixed_position_sensor_facing_light,included
2026-09-18T21:59:23+08:00,1514.3,421.9,0.4219,30.62,41.33,1015.52,499.2,61.5,sht20,bh1750,fixed_position_sensor_facing_light,included
2026-09-18T22:04:28+08:00,1516.2,422.4,0.4224,30.59,40.49,1015.49,498.3,61.5,sht20,bh1750,fixed_position_sensor_facing_light,included
2026-09-18T22:09:34+08:00,1410.1,393.7,0.3937,30.6,39.68,1015.52,362.5,61.5,sht20,bh1750,fixed_position_sensor_facing_light,included
2026-09-18T22:14:40+08:00,1407.2,393.1,0.3931,30.34,40.13,1015.62,363.3,62.5,sht20,bh1750,fixed_position_sensor_facing_light,included
2026-09-18T22:19:45+08:00,1412.2,394.0,0.394,30.59,39.4,1015.43,363.3,63.5,sht20,bh1750,fixed_position_sensor_facing_light,included
2026-09-18T22:24:51+08:00,1413.8,393.8,0.3938,30.53,38.85,1015.43,362.5,64.5,sht20,bh1750,fixed_position_sensor_facing_light,included
2026-09-18T22:29:56+08:00,1413.4,393.5,0.3935,30.45,38.36,1015.48,368.3,61.5,sht20,bh1750,fixed_position_sensor_facing_light,included
2026-09-18T22:35:02+08:00,1412.7,394.4,0.3944,30.26,38.36,1015.39,366.7,62.5,sht20,bh1750,fixed_position_sensor_facing_light,included
2026-09-18T22:40:07+08:00,1415.7,395.3,0.3953,30.2,38.57,1015.44,367.5,63.5,sht20,bh1750,fixed_position_sensor_facing_light,included
2026-09-18T22:45:14+08:00,1417.0,394.6,0.3946,30.1,38.88,1015.47,368.3,63.5,sht20,bh1750,fixed_position_sensor_facing_light,included
2026-09-18T22:50:20+08:00,1421.2,395.7,0.3957,29.9,38.57,1015.38,360.0,63.5,sht20,bh1750,fixed_position_sensor_facing_light,included
2026-09-18T22:55:25+08:00,1421.9,396.2,0.3962,30.04,38.13,1015.41,369.2,62.5,sht20,bh1750,fixed_position_sensor_facing_light,included
2026-09-18T23:00:30+08:00,1421.7,396.3,0.3963,30.01,38.08,1015.41,369.2,61.5,sht20,bh1750,fixed_position_sensor_facing_light,included
2026-09-18T23:05:36+08:00,1421.8,395.7,0.3957,29.9,38.27,1015.35,370.8,62.5,sht20,bh1750,fixed_position_sensor_facing_light,included
2026-09-18T23:10:42+08:00,1422.9,397.3,0.3973,29.81,38.59,1015.37,366.7,62.5,sht20,bh1750,fixed_position_sensor_facing_light,included
2026-09-18T23:15:47+08:00,1431.9,398.6,0.3986,29.76,37.5,1015.34,373.3,61.5,sht20,bh1750,fixed_position_sensor_facing_light,included
2026-09-18T23:20:53+08:00,1431.5,399.2,0.3992,29.86,37.06,1015.26,372.5,62.5,sht20,bh1750,fixed_position_sensor_facing_light,included
2026-09-18T23:25:58+08:00,1374.9,383.3,0.3833,28.87,39.59,1015.11,155.0,60.5,sht20,bh1750,fixed_position_sensor_facing_light,included
2026-09-18T23:31:04+08:00,1374.5,383.3,0.3833,28.77,39.3,1015.19,156.7,62.5,sht20,bh1750,fixed_position_sensor_facing_light,included
2026-09-18T23:36:09+08:00,1377.5,382.7,0.3827,29.0,39.39,1015.08,155.0,62.5,sht20,bh1750,fixed_position_sensor_facing_light,included
2026-09-18T23:41:15+08:00,1380.1,385.2,0.3852,28.48,40.12,1015.18,126.7,62.5,sht20,bh1750,fixed_position_sensor_facing_light,included
2026-09-18T23:46:20+08:00,1380.4,385.0,0.385,28.38,41.36,1015.21,127.5,60.5,sht20,bh1750,fixed_position_sensor_facing_light,included
2026-09-18T23:51:26+08:00,1381.7,385.1,0.3851,28.78,45.59,1015.11,129.2,60.5,sht20,bh1750,fixed_position_sensor_facing_light,included
2026-09-18T23:56:31+08:00,1378.2,384.9,0.3849,29.32,46.46,1015.24,130.8,60.5,sht20,bh1750,fixed_position_sensor_facing_light,included
2026-09-19T00:01:37+08:00,1375.7,383.5,0.3835,29.52,49.23,1015.22,131.7,61.5,sht20,bh1750,fixed_position_sensor_facing_light,included
2026-09-19T00:06:42+08:00,1373.2,382.5,0.3825,29.6,50.38,1015.14,131.7,61.5,sht20,bh1750,fixed_position_sensor_facing_light,included
2026-09-19T00:11:48+08:00,1367.7,381.6,0.3816,29.78,49.68,1015.2,132.5,63.5,sht20,bh1750,fixed_position_sensor_facing_light,included
2026-09-19T00:16:53+08:00,1368.1,381.4,0.3814,29.36,47.41,1015.1,134.2,63.5,sht20,bh1750,fixed_position_sensor_facing_light,included
2026-09-19T00:21:59+08:00,1365.7,379.6,0.3796,29.16,45.54,1015.03,134.2,63.5,sht20,bh1750,fixed_position_sensor_facing_light,included
2026-09-19T00:27:04+08:00,1369.9,382.3,0.3823,29.13,44.43,1015.12,132.5,63.5,sht20,bh1750,fixed_position_sensor_facing_light,included
2026-09-19T00:32:10+08:00,1369.6,381.6,0.3816,29.24,42.52,1015.04,133.3,63.5,sht20,bh1750,fixed_position_sensor_facing_light,included
2026-09-19T00:37:15+08:00,1372.1,381.7,0.3817,29.26,42.86,1015.04,135.8,63.5,sht20,bh1750,fixed_position_sensor_facing_light,included
2026-09-19T00:42:21+08:00,1371.0,382.2,0.3822,29.26,41.53,1015.04,135.8,61.5,sht20,bh1750,fixed_position_sensor_facing_light,included
2026-09-19T00:47:26+08:00,1371.9,382.2,0.3822,29.04,41.78,1015.06,136.7,60.5,sht20,bh1750,fixed_position_sensor_facing_light,included
2026-09-19T00:52:32+08:00,1373.2,381.9,0.3819,28.89,41.63,1015.05,134.2,60.5,sht20,bh1750,fixed_position_sensor_facing_light,included
2026-09-19T00:57:37+08:00,1372.0,382.6,0.3826,28.76,41.51,1014.91,133.3,60.5,sht20,bh1750,fixed_position_sensor_facing_light,included
2026-09-19T01:02:43+08:00,1368.6,381.3,0.3813,28.63,42.08,1015.07,133.3,62.5,sht20,bh1750,fixed_position_sensor_facing_light,included
2026-09-19T01:07:48+08:00,1365.7,382.0,0.382,28.56,41.62,1014.96,133.3,62.5,sht20,bh1750,fixed_position_sensor_facing_light,included
2026-09-19T01:12:54+08:00,1369.2,381.3,0.3813,28.54,41.47,1015.01,133.3,62.5,sht20,bh1750,fixed_position_sensor_facing_light,included
2026-09-19T01:17:59+08:00,1366.6,380.8,0.3808,28.78,45.48,1014.89,131.7,62.5,sht20,bh1750,fixed_position_sensor_facing_light,included
2026-09-19T01:23:05+08:00,1363.0,381.3,0.3813,29.18,47.85,1014.98,131.7,61.5,sht20,bh1750,fixed_position_sensor_facing_light,included
2026-09-19T01:28:10+08:00,1349.1,376.8,0.3767,29.29,49.63,1014.98,129.2,61.5,sht20,bh1750,fixed_position_sensor_facing_light,included
2026-09-19T01:33:15+08:00,1364.2,380.0,0.38,29.47,51.69,1014.88,132.5,61.5,sht20,bh1750,fixed_position_sensor_facing_light,included
2026-09-19T01:38:21+08:00,1306.7,363.0,0.363,29.64,52.75,1014.96,127.5,62.5,sht20,bh1750,fixed_position_sensor_facing_light,included
2026-09-19T01:43:27+08:00,1330.8,371.1,0.3711,29.58,52.75,1014.88,130.8,62.5,sht20,bh1750,fixed_position_sensor_facing_light,included
2026-09-19T01:48:32+08:00,1334.6,371.5,0.3715,29.17,49.25,1014.87,130.0,61.5,sht20,bh1750,fixed_position_sensor_facing_light,included
2026-09-19T01:53:38+08:00,1332.5,371.1,0.3711,28.94,47.99,1014.92,130.0,61.5,sht20,bh1750,fixed_position_sensor_facing_light,included
2026-09-19T01:58:43+08:00,1335.8,371.8,0.3718,28.77,46.22,1014.96,130.0,60.5,sht20,bh1750,fixed_position_sensor_facing_light,included
2026-09-19T02:03:49+08:00,1335.6,372.6,0.3726,28.69,45.1,1014.91,131.7,60.5,sht20,bh1750,fixed_position_sensor_facing_light,included
2026-09-19T02:08:54+08:00,1336.3,372.9,0.3729,28.6,44.11,1015.01,130.8,60.5,sht20,bh1750,fixed_position_sensor_facing_light,included
2026-09-19T02:13:59+08:00,1340.1,373.4,0.3734,28.53,43.33,1014.91,131.7,60.5,sht20,bh1750,fixed_position_sensor_facing_light,included
2026-09-19T02:19:05+08:00,1338.9,372.9,0.3729,28.48,43.13,1014.85,130.0,59.5,sht20,bh1750,fixed_position_sensor_facing_light,included
2026-09-19T02:24:10+08:00,1338.9,373.5,0.3735,28.61,46.77,1014.82,130.0,59.5,sht20,bh1750,fixed_position_sensor_facing_light,included
2026-09-19T02:29:16+08:00,1338.4,373.1,0.3731,28.9,48.61,1014.83,130.8,60.5,sht20,bh1750,fixed_position_sensor_facing_light,included
2026-09-19T02:34:21+08:00,1337.9,372.5,0.3725,29.01,51.25,1014.94,130.8,60.5,sht20,bh1750,fixed_position_sensor_facing_light,included
2026-09-19T02:39:27+08:00,1336.2,372.2,0.3722,29.04,53.85,1014.92,131.7,60.5,sht20,bh1750,fixed_position_sensor_facing_light,included
2026-09-19T02:44:32+08:00,1335.0,372.1,0.3721,29.27,53.51,1014.84,130.0,60.5,sht20,bh1750,fixed_position_sensor_facing_light,included
2026-09-19T02:49:38+08:00,1334.4,371.8,0.3718,29.39,55.29,1014.88,130.8,61.5,sht20,bh1750,fixed_position_sensor_facing_light,included
2026-09-19T02:54:43+08:00,1332.1,371.3,0.3713,29.13,51.39,1014.84,131.7,62.5,sht20,bh1750,fixed_position_sensor_facing_light,included
2026-09-19T02:59:49+08:00,1335.3,372.4,0.3724,28.83,49.02,1014.8,131.7,62.5,sht20,bh1750,fixed_position_sensor_facing_light,included
2026-09-19T03:04:54+08:00,1337.9,372.3,0.3723,28.67,47.95,1014.71,130.8,62.5,sht20,bh1750,fixed_position_sensor_facing_light,included
2026-09-19T03:10:00+08:00,1336.4,372.7,0.3727,28.6,45.85,1014.71,130.8,61.5,sht20,bh1750,fixed_position_sensor_facing_light,included
2026-09-19T03:15:05+08:00,1338.7,373.5,0.3735,28.52,45.03,1014.73,130.0,60.5,sht20,bh1750,fixed_position_sensor_facing_light,included
2026-09-19T03:20:11+08:00,1338.5,373.7,0.3737,28.43,45.34,1014.7,130.0,60.5,sht20,bh1750,fixed_position_sensor_facing_light,included
2026-09-19T03:25:16+08:00,1338.1,373.4,0.3734,28.76,49.45,1014.6,130.8,60.5,sht20,bh1750,fixed_position_sensor_facing_light,included
2026-09-19T03:30:22+08:00,1337.5,373.4,0.3734,28.92,51.14,1014.57,130.8,62.5,sht20,bh1750,fixed_position_sensor_facing_light,included
2026-09-19T03:35:27+08:00,1336.5,372.0,0.372,29.07,53.35,1014.66,130.8,62.5,sht20,bh1750,fixed_position_sensor_facing_light,included
2026-09-19T03:40:33+08:00,1338.1,372.4,0.3724,29.16,54.65,1014.75,131.7,63.5,sht20,bh1750,fixed_position_sensor_facing_light,included
2026-09-19T03:45:38+08:00,1128.0,314.9,0.3149,29.29,55.4,1014.79,33.3,63.5,sht20,bh1750,fixed_position_sensor_facing_light,included
2026-09-19T03:50:44+08:00,1128.2,315.0,0.315,29.24,53.42,1014.7,32.5,63.5,sht20,bh1750,fixed_position_sensor_facing_light,included
2026-09-19T03:55:49+08:00,1131.5,315.4,0.3154,28.67,50.98,1014.68,32.5,61.5,sht20,bh1750,fixed_position_sensor_facing_light,included
2026-09-19T04:00:55+08:00,1130.4,316.2,0.3162,28.49,48.94,1014.76,33.3,62.5,sht20,bh1750,fixed_position_sensor_facing_light,included
2026-09-19T04:06:00+08:00,1132.7,316.0,0.316,28.42,47.39,1014.79,32.5,62.5,sht20,bh1750,fixed_position_sensor_facing_light,included
2026-09-19T04:11:06+08:00,1135.5,316.5,0.3165,28.25,46.09,1014.87,33.3,60.5,sht20,bh1750,fixed_position_sensor_facing_light,included
2026-09-19T04:16:12+08:00,1137.4,317.4,0.3174,28.35,49.11,1014.79,32.5,59.5,sht20,bh1750,fixed_position_sensor_facing_light,included
2026-09-19T04:21:17+08:00,1134.4,316.9,0.3169,28.58,52.49,1014.73,32.5,59.5,sht20,bh1750,fixed_position_sensor_facing_light,included
2026-09-19T04:26:23+08:00,1134.6,317.5,0.3175,28.8,53.49,1014.92,33.3,60.5,sht20,bh1750,fixed_position_sensor_facing_light,included
2026-09-19T04:31:28+08:00,1133.1,316.5,0.3165,28.9,55.04,1014.86,32.5,60.5,sht20,bh1750,fixed_position_sensor_facing_light,included
2026-09-19T04:36:34+08:00,1131.1,315.9,0.3159,29.03,56.41,1014.89,32.5,60.5,sht20,bh1750,fixed_position_sensor_facing_light,included
2026-09-19T04:41:39+08:00,1130.4,315.7,0.3157,29.16,56.37,1014.95,32.5,60.5,sht20,bh1750,fixed_position_sensor_facing_light,included
2026-09-19T04:46:45+08:00,1129.0,315.5,0.3155,29.19,53.76,1014.84,32.5,61.5,sht20,bh1750,fixed_position_sensor_facing_light,included
2026-09-19T04:51:50+08:00,1132.0,315.2,0.3152,28.63,51.49,1014.99,32.5,62.5,sht20,bh1750,fixed_position_sensor_facing_light,included
2026-09-19T04:56:56+08:00,1132.6,316.3,0.3163,28.43,49.41,1014.87,33.3,60.5,sht20,bh1750,fixed_position_sensor_facing_light,included
2026-09-19T05:02:01+08:00,1134.3,317.4,0.3174,28.27,47.59,1014.95,32.5,62.5,sht20,bh1750,fixed_position_sensor_facing_light,included
2026-09-19T05:07:07+08:00,1135.5,317.8,0.3178,28.3,49.43,1015.03,32.5,60.5,sht20,bh1750,fixed_position_sensor_facing_light,included
2026-09-19T05:12:12+08:00,1134.7,317.1,0.3171,28.57,53.02,1015.01,32.5,62.5,sht20,bh1750,fixed_position_sensor_facing_light,included
2026-09-19T05:17:17+08:00,1132.8,316.6,0.3166,28.75,54.38,1015.11,33.3,61.5,sht20,bh1750,fixed_position_sensor_facing_light,included
2026-09-19T05:22:23+08:00,1132.2,316.0,0.316,28.87,55.49,1015.17,33.3,60.5,sht20,bh1750,fixed_position_sensor_facing_light,included
2026-09-19T05:27:28+08:00,1131.9,315.7,0.3157,28.9,56.89,1015.2,32.5,60.5,sht20,bh1750,fixed_position_sensor_facing_light,included
2026-09-19T05:32:34+08:00,1129.1,316.1,0.3161,29.05,57.37,1015.29,32.5,60.5,sht20,bh1750,fixed_position_sensor_facing_light,included
2026-09-19T05:37:39+08:00,1127.3,314.8,0.3148,29.17,57.91,1015.24,32.5,62.5,sht20,bh1750,fixed_position_sensor_facing_light,included
2026-09-19T05:42:45+08:00,1127.0,315.3,0.3153,28.79,53.56,1015.25,32.5,62.5,sht20,bh1750,fixed_position_sensor_facing_light,included
2026-09-19T05:47:51+08:00,1131.7,315.5,0.3155,28.48,51.05,1015.33,32.5,62.5,sht20,bh1750,fixed_position_sensor_facing_light,included
2026-09-19T05:52:56+08:00,1133.2,317.1,0.3171,28.39,50.28,1015.44,32.5,60.5,sht20,bh1750,fixed_position_sensor_facing_light,included
2026-09-19T05:58:02+08:00,1136.9,317.1,0.3171,28.33,50.47,1015.32,33.3,62.5,sht20,bh1750,fixed_position_sensor_facing_light,included
2026-09-19T06:03:07+08:00,1133.3,317.2,0.3172,28.38,50.21,1015.47,33.3,62.5,sht20,bh1750,fixed_position_sensor_facing_light,included
2026-09-19T06:08:13+08:00,1132.9,317.3,0.3173,28.4,49.81,1015.47,33.3,62.5,sht20,bh1750,fixed_position_sensor_facing_light,included
2026-09-19T06:13:18+08:00,1136.9,318.1,0.3181,28.33,49.47,1015.53,33.3,60.5,sht20,bh1750,fixed_position_sensor_facing_light,included
2026-09-19T06:18:24+08:00,1137.8,317.6,0.3176,28.34,49.53,1015.56,33.3,59.5,sht20,bh1750,fixed_position_sensor_facing_light,included
2026-09-19T06:23:30+08:00,1137.9,318.1,0.3181,28.29,48.94,1015.67,33.3,61.5,sht20,bh1750,fixed_position_sensor_facing_light,included
2026-09-19T06:28:35+08:00,1137.1,317.9,0.3179,28.26,48.99,1015.58,33.3,60.5,sht20,bh1750,fixed_position_sensor_facing_light,included
2026-09-19T06:33:41+08:00,1139.8,318.1,0.3181,28.28,48.57,1015.73,33.3,61.5,sht20,bh1750,fixed_position_sensor_facing_light,included
2026-09-19T06:38:46+08:00,1140.0,317.6,0.3176,28.23,48.5,1015.78,33.3,60.5,sht20,bh1750,fixed_position_sensor_facing_light,included
2026-09-19T06:43:52+08:00,1139.4,318.5,0.3185,28.24,48.23,1015.7,33.3,61.5,sht20,bh1750,fixed_position_sensor_facing_light,included
2026-09-19T06:48:57+08:00,1139.8,318.7,0.3187,28.21,48.12,1015.81,33.3,60.5,sht20,bh1750,fixed_position_sensor_facing_light,included
2026-09-19T06:54:03+08:00,1141.0,318.7,0.3187,28.17,47.95,1015.84,33.3,59.5,sht20,bh1750,fixed_position_sensor_facing_light,included
2026-09-19T06:59:09+08:00,1143.9,318.9,0.3189,28.12,48.61,1015.92,33.3,61.5,sht20,bh1750,fixed_position_sensor_facing_light,included
2026-09-19T07:04:14+08:00,1141.4,318.8,0.3188,28.35,51.4,1015.9,33.3,62.5,sht20,bh1750,fixed_position_sensor_facing_light,included
2026-09-19T07:09:20+08:00,1141.7,318.6,0.3186,28.5,53.2,1015.88,33.3,62.5,sht20,bh1750,fixed_position_sensor_facing_light,included
2026-09-19T07:14:25+08:00,1139.7,318.3,0.3183,28.54,55.23,1015.91,34.2,60.5,sht20,bh1750,fixed_position_sensor_facing_light,included
2026-09-19T07:19:31+08:00,1139.7,318.7,0.3187,28.72,56.39,1016.0,34.2,62.5,sht20,bh1750,fixed_position_sensor_facing_light,included
2026-09-19T07:24:36+08:00,1138.1,318.1,0.3181,28.86,56.48,1015.86,34.2,62.5,sht20,bh1750,fixed_position_sensor_facing_light,included
2026-09-19T07:29:42+08:00,1137.9,318.8,0.3187,29.05,56.58,1015.9,35.0,63.5,sht20,bh1750,fixed_position_sensor_facing_light,included
2026-09-19T07:34:47+08:00,1138.4,317.9,0.3179,29.21,56.47,1016.02,35.0,63.5,sht20,bh1750,fixed_position_sensor_facing_light,included
2026-09-19T07:39:53+08:00,1140.5,317.9,0.3179,28.65,52.27,1015.97,35.0,61.5,sht20,bh1750,fixed_position_sensor_facing_light,included
2026-09-19T07:44:58+08:00,1366.2,380.0,0.38,28.32,50.11,1016.05,139.2,60.5,sht20,bh1750,fixed_position_sensor_facing_light,included
2026-09-19T07:50:04+08:00,1357.1,379.4,0.3794,28.24,47.96,1016.04,137.5,60.5,sht20,bh1750,fixed_position_sensor_facing_light,included
2026-09-19T07:55:09+08:00,1362.2,379.6,0.3796,28.41,52.27,1016.02,136.7,59.5,sht20,bh1750,fixed_position_sensor_facing_light,included
2026-09-19T08:00:15+08:00,1360.9,379.6,0.3796,28.64,54.44,1016.09,137.5,59.5,sht20,bh1750,fixed_position_sensor_facing_light,included
2026-09-19T08:05:20+08:00,1362.0,378.9,0.3789,28.79,55.84,1016.14,136.7,62.5,sht20,bh1750,fixed_position_sensor_facing_light,included
2026-09-19T08:10:26+08:00,1358.9,379.5,0.3795,28.93,57.87,1016.12,138.3,61.5,sht20,bh1750,fixed_position_sensor_facing_light,included
2026-09-19T08:15:31+08:00,1343.2,374.7,0.3747,29.08,58.14,1016.18,136.7,60.5,sht20,bh1750,fixed_position_sensor_facing_light,included
2026-09-19T08:20:38+08:00,1340.3,373.4,0.3734,29.22,58.93,1016.08,136.7,62.5,sht20,bh1750,fixed_position_sensor_facing_light,included
2026-09-19T08:25:44+08:00,1344.5,374.0,0.374,28.89,54.67,1016.14,136.7,63.5,sht20,bh1750,fixed_position_sensor_facing_light,included
2026-09-19T08:30:49+08:00,1347.2,375.5,0.3755,28.48,51.68,1016.02,135.8,62.5,sht20,bh1750,fixed_position_sensor_facing_light,included
2026-09-19T08:35:55+08:00,1349.6,376.2,0.3762,28.32,49.89,1016.08,136.7,60.5,sht20,bh1750,fixed_position_sensor_facing_light,included
2026-09-19T08:41:00+08:00,1352.6,376.6,0.3766,28.23,48.25,1016.18,139.2,61.5,sht20,bh1750,fixed_position_sensor_facing_light,included
2026-09-19T08:46:06+08:00,1355.9,377.4,0.3774,28.44,52.08,1016.24,139.2,62.5,sht20,bh1750,fixed_position_sensor_facing_light,included
2026-09-19T08:51:11+08:00,1354.1,377.8,0.3778,28.67,54.33,1016.19,140.0,62.5,sht20,bh1750,fixed_position_sensor_facing_light,included
2026-09-19T08:56:17+08:00,1354.8,377.5,0.3775,28.87,55.81,1016.2,140.0,61.5,sht20,bh1750,fixed_position_sensor_facing_light,included
2026-09-19T09:01:22+08:00,1353.7,377.2,0.3772,28.94,57.76,1016.15,141.7,60.5,sht20,bh1750,fixed_position_sensor_facing_light,included
2026-09-19T09:06:28+08:00,1353.4,377.1,0.3771,29.05,58.37,1016.15,139.2,62.5,sht20,bh1750,fixed_position_sensor_facing_light,included
2026-09-19T09:11:34+08:00,1353.4,377.3,0.3773,29.12,59.41,1016.18,140.8,63.5,sht20,bh1750,fixed_position_sensor_facing_light,included
2026-09-19T09:16:39+08:00,1347.6,375.4,0.3754,28.74,54.51,1016.28,136.7,61.5,sht20,bh1750,fixed_position_sensor_facing_light,included
2026-09-19T09:21:45+08:00,1353.0,377.0,0.377,28.46,52.36,1016.36,140.8,62.5,sht20,bh1750,fixed_position_sensor_facing_light,included
2026-09-19T09:26:50+08:00,1343.8,374.6,0.3746,28.41,50.37,1016.27,133.3,62.5,sht20,bh1750,fixed_position_sensor_facing_light,included
2026-09-19T09:31:56+08:00,1351.2,376.9,0.3769,28.27,49.03,1016.24,137.5,62.5,sht20,bh1750,fixed_position_sensor_facing_light,included
2026-09-19T09:37:01+08:00,1361.8,378.8,0.3788,28.23,47.9,1016.15,142.5,62.5,sht20,bh1750,fixed_position_sensor_facing_light,included
2026-09-19T09:42:06+08:00,1363.8,379.4,0.3794,28.16,47.11,1016.18,143.3,62.5,sht20,bh1750,fixed_position_sensor_facing_light,included
2026-09-19T09:47:12+08:00,1362.6,380.2,0.3802,28.1,46.06,1016.15,140.8,62.5,sht20,bh1750,fixed_position_sensor_facing_light,included
2026-09-19T09:52:18+08:00,1365.4,380.6,0.3806,28.02,46.15,1015.98,141.7,62.5,sht20,bh1750,fixed_position_sensor_facing_light,included
2026-09-19T09:57:23+08:00,1351.8,377.5,0.3775,28.09,47.58,1016.04,134.2,62.5,sht20,bh1750,fixed_position_sensor_facing_light,included
2026-09-19T10:02:29+08:00,1363.2,380.6,0.3806,28.45,51.73,1016.08,142.5,62.5,sht20,bh1750,fixed_position_sensor_facing_light,included
2026-09-19T10:07:34+08:00,1362.3,379.5,0.3795,28.73,52.33,1016.23,144.2,61.5,sht20,bh1750,fixed_position_sensor_facing_light,included
2026-09-19T10:12:40+08:00,1352.7,376.9,0.3769,28.86,54.47,1016.04,136.7,60.5,sht20,bh1750,fixed_position_sensor_facing_light,included
2026-09-19T10:17:45+08:00,1358.4,379.0,0.379,29.03,56.01,1016.07,142.5,60.5,sht20,bh1750,fixed_position_sensor_facing_light,included
2026-09-19T10:22:51+08:00,1349.0,375.2,0.3752,29.17,58.01,1016.05,135.0,61.5,sht20,bh1750,fixed_position_sensor_facing_light,included
2026-09-19T10:27:57+08:00,1357.6,377.8,0.3778,28.79,54.19,1016.01,142.5,60.5,sht20,bh1750,fixed_position_sensor_facing_light,included
2026-09-19T10:33:02+08:00,1355.7,378.1,0.3781,28.52,51.69,1015.97,143.3,60.5,sht20,bh1750,fixed_position_sensor_facing_light,included
2026-09-19T10:38:08+08:00,1360.0,378.9,0.3789,28.35,49.89,1015.82,142.5,59.5,sht20,bh1750,fixed_position_sensor_facing_light,included
2026-09-19T10:43:13+08:00,1360.4,379.5,0.3795,28.25,48.75,1015.67,141.7,59.5,sht20,bh1750,fixed_position_sensor_facing_light,included
2026-09-19T10:48:19+08:00,1360.4,379.0,0.379,28.25,48.19,1015.67,140.8,61.5,sht20,bh1750,fixed_position_sensor_facing_light,included
2026-09-19T10:53:24+08:00,1363.1,379.1,0.3791,28.3,48.31,1015.76,142.5,60.5,sht20,bh1750,fixed_position_sensor_facing_light,included
2026-09-19T10:58:30+08:00,1360.7,379.0,0.379,28.38,47.83,1015.67,140.8,59.5,sht20,bh1750,fixed_position_sensor_facing_light,included
2026-09-19T11:03:35+08:00,1361.8,379.3,0.3793,28.13,46.41,1015.55,140.8,61.5,sht20,bh1750,fixed_position_sensor_facing_light,included
2026-09-19T11:08:41+08:00,1360.5,379.5,0.3795,28.05,45.38,1015.66,139.2,60.5,sht20,bh1750,fixed_position_sensor_facing_light,included
2026-09-19T11:13:46+08:00,1360.7,379.9,0.3799,28.0,45.2,1015.63,140.8,59.5,sht20,bh1750,fixed_position_sensor_facing_light,included
2026-09-19T11:18:52+08:00,1361.4,379.6,0.3796,28.0,46.51,1015.4,139.2,59.5,sht20,bh1750,fixed_position_sensor_facing_light,included
2026-09-19T11:23:57+08:00,1359.8,378.3,0.3783,28.14,48.27,1015.43,138.3,59.5,sht20,bh1750,fixed_position_sensor_facing_light,included
2026-09-19T11:29:03+08:00,1364.6,381.1,0.3811,28.35,47.67,1015.5,140.0,59.5,sht20,bh1750,fixed_position_sensor_facing_light,included
2026-09-19T11:34:08+08:00,1360.9,379.9,0.3799,28.83,50.85,1015.4,140.0,60.5,sht20,bh1750,fixed_position_sensor_facing_light,included
2026-09-19T11:39:14+08:00,1360.1,378.9,0.3789,29.01,53.68,1015.43,138.3,62.5,sht20,bh1750,fixed_position_sensor_facing_light,included
2026-09-19T11:44:19+08:00,1357.5,377.7,0.3777,29.12,56.37,1015.32,139.2,61.5,sht20,bh1750,fixed_position_sensor_facing_light,included
2026-09-19T11:49:24+08:00,1355.8,377.0,0.377,29.17,57.08,1015.29,137.5,62.5,sht20,bh1750,fixed_position_sensor_facing_light,included
2026-09-19T11:54:30+08:00,1352.2,377.5,0.3775,28.72,53.58,1015.22,137.5,63.5,sht20,bh1750,fixed_position_sensor_facing_light,included
2026-09-19T11:59:35+08:00,1353.9,377.5,0.3775,28.55,51.27,1015.3,136.7,61.5,sht20,bh1750,fixed_position_sensor_facing_light,included
2026-09-19T12:04:41+08:00,1352.0,377.7,0.3777,28.42,49.75,1015.04,135.8,60.5,sht20,bh1750,fixed_position_sensor_facing_light,included
2026-09-19T12:09:46+08:00,1351.2,377.9,0.3779,28.54,48.85,1015.16,135.8,59.5,sht20,bh1750,fixed_position_sensor_facing_light,included
2026-09-19T12:14:52+08:00,1351.9,378.0,0.378,28.52,48.24,1014.95,136.7,59.5,sht20,bh1750,fixed_position_sensor_facing_light,included
2026-09-19T12:19:57+08:00,1355.5,377.1,0.3771,28.42,47.06,1014.85,135.8,59.5,sht20,bh1750,fixed_position_sensor_facing_light,included
2026-09-19T12:25:03+08:00,1354.0,378.0,0.378,28.35,46.17,1014.79,136.7,61.5,sht20,bh1750,fixed_position_sensor_facing_light,included
2026-09-19T12:30:08+08:00,1354.5,377.4,0.3774,28.24,45.26,1014.75,135.0,60.5,sht20,bh1750,fixed_position_sensor_facing_light,included
2026-09-19T12:35:14+08:00,1353.8,377.9,0.3779,28.18,45.03,1014.72,135.8,61.5,sht20,bh1750,fixed_position_sensor_facing_light,included
2026-09-19T12:40:19+08:00,1356.2,377.8,0.3778,28.15,45.93,1014.78,135.8,62.5,sht20,bh1750,fixed_position_sensor_facing_light,included
2026-09-19T12:45:25+08:00,1355.1,377.4,0.3774,28.15,45.52,1014.58,133.3,60.5,sht20,bh1750,fixed_position_sensor_facing_light,included
2026-09-19T12:50:30+08:00,1354.3,377.7,0.3777,28.11,45.54,1014.69,135.0,59.5,sht20,bh1750,fixed_position_sensor_facing_light,included
2026-09-19T12:55:36+08:00,1353.3,377.5,0.3775,28.08,45.11,1014.63,133.3,59.5,sht20,bh1750,fixed_position_sensor_facing_light,included
2026-09-19T13:00:41+08:00,1355.7,377.7,0.3777,28.06,44.9,1014.72,134.2,59.5,sht20,bh1750,fixed_position_sensor_facing_light,included
2026-09-19T13:05:47+08:00,1356.0,377.0,0.377,28.04,43.88,1014.52,132.5,59.5,sht20,bh1750,fixed_position_sensor_facing_light,included
2026-09-19T13:10:52+08:00,1355.4,378.1,0.3781,28.04,44.03,1014.49,134.2,59.5,sht20,bh1750,fixed_position_sensor_facing_light,included
2026-09-19T13:15:58+08:00,1355.2,377.5,0.3775,27.97,43.16,1014.54,133.3,59.5,sht20,bh1750,fixed_position_sensor_facing_light,included
2026-09-19T13:21:03+08:00,1354.7,378.4,0.3784,27.99,43.1,1014.34,133.3,59.5,sht20,bh1750,fixed_position_sensor_facing_light,included
2026-09-19T13:26:09+08:00,1357.1,378.4,0.3784,28.0,45.21,1014.49,133.3,59.5,sht20,bh1750,fixed_position_sensor_facing_light,included
2026-09-19T13:31:14+08:00,1357.3,378.3,0.3783,28.0,45.65,1014.43,134.2,59.5,sht20,bh1750,fixed_position_sensor_facing_light,included
2026-09-19T13:36:20+08:00,1349.5,375.7,0.3757,28.77,45.78,1014.34,134.2,59.5,sht20,bh1750,fixed_position_sensor_facing_light,included
2026-09-19T13:41:25+08:00,1346.0,375.1,0.3751,29.2,47.27,1014.18,133.3,60.5,sht20,bh1750,fixed_position_sensor_facing_light,included
2026-09-19T13:46:31+08:00,1343.4,374.8,0.3748,29.36,48.06,1014.27,134.2,62.5,sht20,bh1750,fixed_position_sensor_facing_light,included
2026-09-19T13:51:36+08:00,1342.2,373.7,0.3737,29.53,48.95,1014.24,134.2,62.5,sht20,bh1750,fixed_position_sensor_facing_light,included
2026-09-19T13:56:42+08:00,1340.4,373.2,0.3732,29.67,49.43,1014.22,134.2,62.5,sht20,bh1750,fixed_position_sensor_facing_light,included
2026-09-19T14:01:47+08:00,1334.2,372.4,0.3724,29.78,50.3,1014.25,133.3,62.5,sht20,bh1750,fixed_position_sensor_facing_light,included
2026-09-19T14:06:53+08:00,1333.9,372.2,0.3722,29.9,50.52,1014.25,132.5,62.5,sht20,bh1750,fixed_position_sensor_facing_light,included
2026-09-19T14:11:58+08:00,1332.8,371.9,0.3719,30.0,50.56,1014.2,135.0,62.5,sht20,bh1750,fixed_position_sensor_facing_light,included
2026-09-19T14:17:04+08:00,1332.5,371.4,0.3714,30.09,50.91,1014.12,134.2,62.5,sht20,bh1750,fixed_position_sensor_facing_light,included
2026-09-19T14:22:09+08:00,1327.2,370.2,0.3702,30.17,51.38,1014.09,133.3,62.5,sht20,bh1750,fixed_position_sensor_facing_light,included
2026-09-19T14:27:15+08:00,1325.9,369.8,0.3698,30.22,51.39,1014.12,131.7,62.5,sht20,bh1750,fixed_position_sensor_facing_light,included
2026-09-19T14:32:20+08:00,1324.2,369.3,0.3693,30.27,51.8,1014.24,131.7,62.5,sht20,bh1750,fixed_position_sensor_facing_light,included
2026-09-19T14:37:26+08:00,1324.2,368.7,0.3687,30.37,51.7,1014.12,132.5,62.5,sht20,bh1750,fixed_position_sensor_facing_light,included
2026-09-19T14:42:31+08:00,1321.3,368.7,0.3687,30.4,51.62,1014.18,132.5,62.5,sht20,bh1750,fixed_position_sensor_facing_light,included
2026-09-19T14:47:36+08:00,1320.9,368.4,0.3684,30.45,51.7,1014.1,131.7,62.5,sht20,bh1750,fixed_position_sensor_facing_light,included
2026-09-19T14:52:42+08:00,1318.5,367.1,0.3671,30.52,52.01,1014.22,131.7,62.5,sht20,bh1750,fixed_position_sensor_facing_light,included
2026-09-19T14:57:47+08:00,1319.0,366.5,0.3665,30.53,51.88,1014.16,132.5,62.5,sht20,bh1750,fixed_position_sensor_facing_light,included
2026-09-19T15:02:53+08:00,1317.5,366.7,0.3667,30.61,51.64,1014.31,131.7,62.5,sht20,bh1750,fixed_position_sensor_facing_light,included
2026-09-19T15:07:58+08:00,1316.1,367.4,0.3674,30.68,51.66,1014.28,130.8,62.5,sht20,bh1750,fixed_position_sensor_facing_light,included
2026-09-19T15:13:04+08:00,1315.6,366.4,0.3664,30.78,51.28,1014.22,131.7,64.5,sht20,bh1750,fixed_position_sensor_facing_light,included
2026-09-19T15:18:10+08:00,1313.3,365.9,0.3659,30.79,51.01,1014.28,131.7,63.5,sht20,bh1750,fixed_position_sensor_facing_light,included
2026-09-19T15:23:15+08:00,1307.7,364.5,0.3645,30.87,50.37,1014.28,130.0,65.5,sht20,bh1750,fixed_position_sensor_facing_light,included
2026-09-19T15:28:21+08:00,1312.7,364.6,0.3646,30.89,50.0,1014.31,130.0,63.5,sht20,bh1750,fixed_position_sensor_facing_light,included
2026-09-19T15:33:26+08:00,1310.5,365.3,0.3653,30.89,49.98,1014.2,130.0,63.5,sht20,bh1750,fixed_position_sensor_facing_light,included
2026-09-19T15:38:32+08:00,1309.4,365.1,0.3651,30.91,49.82,1014.34,130.8,63.5,sht20,bh1750,fixed_position_sensor_facing_light,included
2026-09-19T15:43:38+08:00,1315.2,366.2,0.3662,30.83,50.92,1014.14,131.7,62.5,sht20,bh1750,fixed_position_sensor_facing_light,included
2026-09-19T15:48:43+08:00,1320.3,368.5,0.3685,30.0,46.72,1014.17,131.7,62.5,sht20,bh1750,fixed_position_sensor_facing_light,included
2026-09-19T15:53:49+08:00,1325.2,368.9,0.3689,29.66,44.87,1014.28,133.3,61.5,sht20,bh1750,fixed_position_sensor_facing_light,included
2026-09-19T15:58:54+08:00,1325.0,369.5,0.3695,29.41,44.79,1014.27,132.5,61.5,sht20,bh1750,fixed_position_sensor_facing_light,included
2026-09-19T16:04:00+08:00,1325.2,369.7,0.3697,29.35,44.53,1014.27,132.5,62.5,sht20,bh1750,fixed_position_sensor_facing_light,included
2026-09-19T16:09:05+08:00,1330.4,370.5,0.3705,29.42,43.76,1014.33,132.5,63.5,sht20,bh1750,fixed_position_sensor_facing_light,included
2026-09-19T16:14:11+08:00,1328.6,370.7,0.3707,29.32,43.68,1014.3,133.3,63.5,sht20,bh1750,fixed_position_sensor_facing_light,included
2026-09-19T16:19:17+08:00,1331.2,371.5,0.3715,29.19,42.92,1014.29,133.3,63.5,sht20,bh1750,fixed_position_sensor_facing_light,included
2026-09-19T16:24:22+08:00,1332.8,371.8,0.3718,29.14,42.58,1014.41,130.8,61.5,sht20,bh1750,fixed_position_sensor_facing_light,included
2026-09-19T16:29:28+08:00,1333.7,371.0,0.371,29.01,42.48,1014.43,132.5,61.5,sht20,bh1750,fixed_position_sensor_facing_light,included
2026-09-19T16:34:33+08:00,1333.1,371.9,0.3719,28.99,42.59,1014.49,133.3,60.5,sht20,bh1750,fixed_position_sensor_facing_light,included
2026-09-19T16:39:39+08:00,1335.0,372.6,0.3726,28.97,42.3,1014.57,132.5,60.5,sht20,bh1750,fixed_position_sensor_facing_light,included
2026-09-19T16:44:45+08:00,1336.3,372.2,0.3722,28.92,42.48,1014.6,133.3,60.5,sht20,bh1750,fixed_position_sensor_facing_light,included
2026-09-19T16:49:50+08:00,1337.9,372.9,0.3729,28.85,42.16,1014.63,131.7,60.5,sht20,bh1750,fixed_position_sensor_facing_light,included
2026-09-19T16:54:55+08:00,1340.8,372.2,0.3722,28.92,43.69,1014.63,133.3,61.5,sht20,bh1750,fixed_position_sensor_facing_light,included
2026-09-19T17:00:01+08:00,1335.0,372.8,0.3728,28.85,43.33,1014.63,131.7,60.5,sht20,bh1750,fixed_position_sensor_facing_light,included
2026-09-19T17:05:07+08:00,1338.8,373.2,0.3732,28.87,43.48,1014.72,130.8,60.5,sht20,bh1750,fixed_position_sensor_facing_light,included
2026-09-19T17:10:12+08:00,1340.4,373.4,0.3734,28.85,43.03,1014.8,131.7,60.5,sht20,bh1750,fixed_position_sensor_facing_light,included
2026-09-19T17:15:18+08:00,1341.9,373.9,0.3739,28.69,42.19,1014.8,133.3,62.5,sht20,bh1750,fixed_position_sensor_facing_light,included
2026-09-19T17:20:23+08:00,1341.0,372.9,0.3729,28.63,42.26,1014.96,132.5,62.5,sht20,bh1750,fixed_position_sensor_facing_light,included
2026-09-19T17:25:29+08:00,1342.2,373.8,0.3738,28.58,42.0,1014.85,132.5,62.5,sht20,bh1750,fixed_position_sensor_facing_light,included
2026-09-19T17:30:34+08:00,1342.9,374.1,0.3741,28.56,41.83,1014.91,132.5,60.5,sht20,bh1750,fixed_position_sensor_facing_light,included
2026-09-19T17:35:39+08:00,1344.0,374.5,0.3745,28.5,41.45,1014.98,132.5,60.5,sht20,bh1750,fixed_position_sensor_facing_light,included
2026-09-19T17:40:45+08:00,1344.1,374.5,0.3745,28.46,41.68,1014.88,132.5,59.5,sht20,bh1750,fixed_position_sensor_facing_light,included
2026-09-19T17:45:51+08:00,1344.4,374.8,0.3748,28.42,41.95,1015.15,131.7,59.5,sht20,bh1750,fixed_position_sensor_facing_light,included
2026-09-19T17:50:56+08:00,1344.3,375.8,0.3758,28.41,41.88,1015.21,131.7,61.5,sht20,bh1750,fixed_position_sensor_facing_light,included
2026-09-19T17:56:02+08:00,1347.3,375.0,0.375,28.35,42.15,1015.3,131.7,62.5,sht20,bh1750,fixed_position_sensor_facing_light,included
2026-09-19T18:01:07+08:00,1347.5,375.3,0.3753,28.4,42.24,1015.36,131.7,62.5,sht20,bh1750,fixed_position_sensor_facing_light,included
2026-09-19T18:06:13+08:00,1346.6,374.4,0.3744,28.37,42.07,1015.38,132.5,62.5,sht20,bh1750,fixed_position_sensor_facing_light,included
2026-09-19T18:11:18+08:00,1347.3,375.0,0.375,28.39,42.07,1015.33,131.7,62.5,sht20,bh1750,fixed_position_sensor_facing_light,included
2026-09-19T18:16:24+08:00,1347.7,375.7,0.3757,28.39,41.83,1015.41,132.5,62.5,sht20,bh1750,fixed_position_sensor_facing_light,included
2026-09-19T18:21:29+08:00,1347.8,375.3,0.3753,28.38,41.53,1015.5,133.3,60.5,sht20,bh1750,fixed_position_sensor_facing_light,included
2026-09-19T18:26:35+08:00,1350.5,376.0,0.376,28.3,41.35,1015.58,133.3,60.5,sht20,bh1750,fixed_position_sensor_facing_light,included
2026-09-19T18:31:41+08:00,1350.5,375.7,0.3757,28.28,41.24,1015.55,130.8,61.5,sht20,bh1750,fixed_position_sensor_facing_light,included
2026-09-19T18:36:46+08:00,1348.7,375.5,0.3755,28.26,41.13,1015.67,132.5,60.5,sht20,bh1750,fixed_position_sensor_facing_light,included
2026-09-19T18:41:52+08:00,1349.4,376.7,0.3767,28.3,41.37,1015.7,132.5,59.5,sht20,bh1750,fixed_position_sensor_facing_light,included
2026-09-19T18:46:57+08:00,1350.0,375.5,0.3755,28.28,41.47,1015.7,132.5,59.5,sht20,bh1750,fixed_position_sensor_facing_light,included
2026-09-19T18:52:03+08:00,1347.6,375.8,0.3758,28.23,41.47,1015.73,132.5,59.5,sht20,bh1750,fixed_position_sensor_facing_light,included
2026-09-19T18:57:08+08:00,1351.0,375.9,0.3759,28.2,41.52,1015.72,133.3,61.5,sht20,bh1750,fixed_position_sensor_facing_light,included
2026-09-19T19:02:14+08:00,1351.8,376.7,0.3767,28.21,41.2,1015.75,132.5,59.5,sht20,bh1750,fixed_position_sensor_facing_light,included
2026-09-19T19:07:19+08:00,1351.8,376.4,0.3764,28.26,41.63,1015.78,132.5,59.5,sht20,bh1750,fixed_position_sensor_facing_light,included
2026-09-19T19:12:25+08:00,1352.1,376.5,0.3765,28.24,41.8,1015.75,131.7,59.5,sht20,bh1750,fixed_position_sensor_facing_light,included
2026-09-19T19:17:30+08:00,1351.5,376.6,0.3766,28.19,41.8,1015.87,132.5,59.5,sht20,bh1750,fixed_position_sensor_facing_light,included
2026-09-19T19:22:35+08:00,1350.8,376.4,0.3764,28.24,41.82,1015.96,131.7,61.5,sht20,bh1750,fixed_position_sensor_facing_light,included
2026-09-19T19:27:41+08:00,1352.3,376.6,0.3766,28.23,41.72,1015.93,133.3,62.5,sht20,bh1750,fixed_position_sensor_facing_light,included
2026-09-19T19:32:46+08:00,1350.4,376.3,0.3763,28.19,41.68,1016.01,133.3,62.5,sht20,bh1750,fixed_position_sensor_facing_light,included
2026-09-19T19:37:52+08:00,1348.5,376.3,0.3763,28.19,41.42,1016.12,131.7,62.5,sht20,bh1750,fixed_position_sensor_facing_light,included
2026-09-19T19:42:57+08:00,1350.8,377.0,0.377,28.25,42.36,1016.15,132.5,60.5,sht20,bh1750,fixed_position_sensor_facing_light,included
2026-09-19T19:48:03+08:00,1352.0,376.9,0.3769,28.26,41.77,1016.15,131.7,59.5,sht20,bh1750,fixed_position_sensor_facing_light,included
2026-09-19T19:53:09+08:00,1352.5,376.3,0.3763,28.23,41.65,1016.27,133.3,59.5,sht20,bh1750,fixed_position_sensor_facing_light,included
2026-09-19T19:58:14+08:00,1353.2,376.9,0.3769,28.18,41.08,1016.41,132.5,59.5,sht20,bh1750,fixed_position_sensor_facing_light,included
2026-09-19T20:03:20+08:00,1350.8,376.5,0.3765,28.44,44.58,1016.42,134.2,59.5,sht20,bh1750,fixed_position_sensor_facing_light,included
2026-09-19T20:08:25+08:00,1348.7,376.1,0.3761,28.94,46.06,1016.52,132.5,60.5,sht20,bh1750,fixed_position_sensor_facing_light,included
2026-09-19T20:13:31+08:00,1348.2,375.6,0.3756,29.14,48.21,1016.64,132.5,60.5,sht20,bh1750,fixed_position_sensor_facing_light,included
2026-09-19T20:18:37+08:00,1344.3,375.1,0.3751,29.36,49.76,1016.54,132.5,60.5,sht20,bh1750,fixed_position_sensor_facing_light,included
2026-09-19T20:23:42+08:00,1341.0,374.0,0.374,29.5,51.52,1016.69,132.5,63.5,sht20,bh1750,fixed_position_sensor_facing_light,included
2026-09-19T20:28:48+08:00,1338.7,373.3,0.3733,29.34,49.91,1016.77,130.8,63.5,sht20,bh1750,fixed_position_sensor_facing_light,included
2026-09-19T20:33:53+08:00,1340.8,373.9,0.3739,29.28,50.59,1016.68,130.8,63.5,sht20,bh1750,fixed_position_sensor_facing_light,included
2026-09-19T20:38:59+08:00,1126.8,315.0,0.315,29.72,53.04,1016.64,33.3,62.5,sht20,bh1750,fixed_position_sensor_facing_light,included
2026-09-19T20:44:04+08:00,1126.0,314.5,0.3145,29.88,53.91,1016.79,32.5,63.5,sht20,bh1750,fixed_position_sensor_facing_light,included
2026-09-19T20:49:10+08:00,1125.8,314.2,0.3142,30.04,54.37,1016.65,32.5,64.5,sht20,bh1750,fixed_position_sensor_facing_light,included
2026-09-19T20:54:15+08:00,1123.1,313.5,0.3135,30.13,56.37,1016.8,33.3,62.5,sht20,bh1750,fixed_position_sensor_facing_light,included
2026-09-19T20:59:21+08:00,1120.8,313.3,0.3133,30.13,55.8,1016.77,33.3,62.5,sht20,bh1750,fixed_position_sensor_facing_light,included
2026-09-19T21:04:26+08:00,1120.7,313.3,0.3133,30.25,55.84,1016.68,32.5,62.5,sht20,bh1750,fixed_position_sensor_facing_light,included
2026-09-19T21:09:32+08:00,1117.8,312.0,0.312,30.33,56.61,1016.8,32.5,62.5,sht20,bh1750,fixed_position_sensor_facing_light,included
2026-09-19T21:14:37+08:00,1116.2,312.5,0.3125,30.33,56.48,1016.66,32.5,62.5,sht20,bh1750,fixed_position_sensor_facing_light,included
2026-09-19T21:19:43+08:00,1115.3,311.6,0.3116,30.36,57.1,1016.69,32.5,62.5,sht20,bh1750,fixed_position_sensor_facing_light,included
2026-09-19T21:24:48+08:00,1115.1,311.0,0.311,30.41,56.82,1016.54,32.5,62.5,sht20,bh1750,fixed_position_sensor_facing_light,included
2026-09-19T21:29:54+08:00,1113.0,311.1,0.3111,30.44,57.22,1016.63,32.5,62.5,sht20,bh1750,fixed_position_sensor_facing_light,included
2026-09-19T21:34:59+08:00,1111.9,310.5,0.3105,30.47,57.05,1016.52,32.5,64.5,sht20,bh1750,fixed_position_sensor_facing_light,included
2026-09-19T21:40:05+08:00,1112.8,310.7,0.3107,30.48,57.25,1016.52,33.3,65.5,sht20,bh1750,fixed_position_sensor_facing_light,included
2026-09-19T21:45:10+08:00,1110.8,310.2,0.3102,30.48,57.61,1016.52,32.5,63.5,sht20,bh1750,fixed_position_sensor_facing_light,included
2026-09-19T21:50:16+08:00,1109.8,310.6,0.3106,30.55,57.29,1016.43,32.5,62.5,sht20,bh1750,fixed_position_sensor_facing_light,included
2026-09-19T21:55:21+08:00,1109.5,310.1,0.3101,30.55,57.58,1016.52,32.5,62.5,sht20,bh1750,fixed_position_sensor_facing_light,included
2026-09-19T22:00:27+08:00,1111.4,309.7,0.3097,30.64,57.5,1016.55,33.3,64.5,sht20,bh1750,fixed_position_sensor_facing_light,included
2026-09-19T22:05:32+08:00,1106.6,309.5,0.3095,30.61,57.91,1016.35,32.5,65.5,sht20,bh1750,fixed_position_sensor_facing_light,included
2026-09-19T22:10:38+08:00,1110.8,309.9,0.3099,30.7,57.22,1016.41,32.5,63.5,sht20,bh1750,fixed_position_sensor_facing_light,included
2026-09-19T22:15:43+08:00,1106.1,309.6,0.3096,30.74,57.98,1016.27,32.5,63.5,sht20,bh1750,fixed_position_sensor_facing_light,included
2026-09-19T22:20:49+08:00,1107.3,308.4,0.3084,30.74,57.96,1016.21,33.3,62.5,sht20,bh1750,fixed_position_sensor_facing_light,included
2026-09-19T22:25:54+08:00,1104.7,310.0,0.31,30.76,58.38,1016.21,32.5,64.5,sht20,bh1750,fixed_position_sensor_facing_light,included
2026-09-19T22:31:00+08:00,1105.1,309.1,0.3091,30.78,58.29,1016.27,33.3,63.5,sht20,bh1750,fixed_position_sensor_facing_light,included
2026-09-19T22:36:05+08:00,1106.2,309.6,0.3096,30.83,58.36,1016.33,33.3,63.5,sht20,bh1750,fixed_position_sensor_facing_light,included
2026-09-19T22:41:11+08:00,1106.2,308.9,0.3089,30.75,59.39,1016.3,32.5,63.5,sht20,bh1750,fixed_position_sensor_facing_light,included
2026-09-19T22:46:16+08:00,1104.2,308.8,0.3088,30.66,60.84,1016.35,32.5,62.5,sht20,bh1750,fixed_position_sensor_facing_light,included
2026-09-19T22:51:22+08:00,1103.9,308.4,0.3084,30.71,61.04,1016.44,32.5,62.5,sht20,bh1750,fixed_position_sensor_facing_light,included
2026-09-19T22:56:27+08:00,1105.0,308.6,0.3086,30.77,60.99,1016.32,33.3,62.5,sht20,bh1750,fixed_position_sensor_facing_light,included
2026-09-19T23:01:33+08:00,1104.2,308.2,0.3082,30.74,61.95,1016.38,32.5,62.5,sht20,bh1750,fixed_position_sensor_facing_light,included
2026-09-19T23:06:38+08:00,1102.7,308.7,0.3087,30.82,61.31,1016.3,32.5,62.5,sht20,bh1750,fixed_position_sensor_facing_light,included
2026-09-19T23:11:44+08:00,1104.0,308.1,0.3081,30.78,62.26,1016.47,33.3,62.5,sht20,bh1750,fixed_position_sensor_facing_light,included
2026-09-19T23:16:49+08:00,1103.0,307.6,0.3076,30.85,61.34,1016.42,32.5,62.5,sht20,bh1750,fixed_position_sensor_facing_light,included
2026-09-19T23:21:55+08:00,1102.7,308.4,0.3084,30.87,61.72,1016.47,32.5,62.5,sht20,bh1750,fixed_position_sensor_facing_light,included
2026-09-19T23:27:00+08:00,1105.0,307.8,0.3078,30.86,61.43,1016.44,32.5,65.5,sht20,bh1750,fixed_position_sensor_facing_light,included
2026-09-19T23:32:05+08:00,1102.4,307.7,0.3077,30.92,61.05,1016.42,33.3,63.5,sht20,bh1750,fixed_position_sensor_facing_light,included
2026-09-19T23:37:11+08:00,1099.6,307.6,0.3076,30.95,61.28,1016.45,32.5,65.5,sht20,bh1750,fixed_position_sensor_facing_light,included
2026-09-19T23:42:16+08:00,1102.9,308.0,0.308,30.92,61.24,1016.36,32.5,63.5,sht20,bh1750,fixed_position_sensor_facing_light,included
2026-09-19T23:47:22+08:00,1102.8,308.0,0.308,30.83,61.44,1016.36,32.5,63.5,sht20,bh1750,fixed_position_sensor_facing_light,included
2026-09-19T23:52:27+08:00,1101.4,307.5,0.3075,30.91,61.44,1016.33,32.5,63.5,sht20,bh1750,fixed_position_sensor_facing_light,included
2026-09-19T23:57:33+08:00,1101.9,307.1,0.3071,30.98,60.86,1016.33,32.5,63.5,sht20,bh1750,fixed_position_sensor_facing_light,included
2026-09-20T00:02:38+08:00,1101.6,307.5,0.3075,30.91,61.02,1016.24,33.3,62.5,sht20,bh1750,fixed_position_sensor_facing_light,included
2026-09-20T00:07:44+08:00,1100.4,307.9,0.3079,30.82,61.99,1016.35,32.5,64.5,sht20,bh1750,fixed_position_sensor_facing_light,included
2026-09-20T00:12:49+08:00,1102.9,307.5,0.3075,30.79,62.05,1016.27,32.5,63.5,sht20,bh1750,fixed_position_sensor_facing_light,included
2026-09-20T00:17:55+08:00,1099.7,308.2,0.3082,30.84,61.81,1016.3,32.5,63.5,sht20,bh1750,fixed_position_sensor_facing_light,included
2026-09-20T00:23:00+08:00,1102.5,307.6,0.3076,30.87,61.19,1016.13,32.5,62.5,sht20,bh1750,fixed_position_sensor_facing_light,included
2026-09-20T00:28:06+08:00,1100.6,307.6,0.3076,30.82,61.38,1016.21,32.5,62.5,sht20,bh1750,fixed_position_sensor_facing_light,included
2026-09-20T00:33:11+08:00,1103.3,307.1,0.3071,30.75,62.37,1016.12,32.5,62.5,sht20,bh1750,fixed_position_sensor_facing_light,included
2026-09-20T00:38:17+08:00,1100.0,307.7,0.3077,30.79,62.41,1016.12,32.5,62.5,sht20,bh1750,fixed_position_sensor_facing_light,included
2026-09-20T00:43:22+08:00,1100.4,307.6,0.3076,30.86,61.77,1015.87,32.5,62.5,sht20,bh1750,fixed_position_sensor_facing_light,included
2026-09-20T00:48:28+08:00,1100.3,307.1,0.3071,31.0,61.19,1015.91,32.5,63.5,sht20,bh1750,fixed_position_sensor_facing_light,included
2026-09-20T00:53:33+08:00,1100.3,307.2,0.3072,31.01,60.61,1015.79,32.5,63.5,sht20,bh1750,fixed_position_sensor_facing_light,included
2026-09-20T00:58:39+08:00,1099.3,307.1,0.3071,30.91,61.11,1015.79,32.5,63.5,sht20,bh1750,fixed_position_sensor_facing_light,included
2026-09-20T01:03:45+08:00,1101.4,307.8,0.3078,30.75,62.5,1015.78,32.5,63.5,sht20,bh1750,fixed_position_sensor_facing_light,included
2026-09-20T01:08:50+08:00,1102.3,308.1,0.3081,30.44,64.65,1015.68,32.5,62.5,sht20,bh1750,fixed_position_sensor_facing_light,included
2026-09-20T01:13:56+08:00,1102.3,307.8,0.3077,30.4,65.12,1015.83,32.5,64.5,sht20,bh1750,fixed_position_sensor_facing_light,included
2026-09-20T01:19:01+08:00,1103.5,308.8,0.3088,29.9,57.48,1015.84,32.5,62.5,sht20,bh1750,fixed_position_sensor_facing_light,included
2026-09-20T01:24:07+08:00,1106.8,308.4,0.3084,29.63,53.79,1015.77,32.5,61.5,sht20,bh1750,fixed_position_sensor_facing_light,included
2026-09-20T01:29:12+08:00,1109.7,309.9,0.3099,29.44,52.2,1015.77,32.5,61.5,sht20,bh1750,fixed_position_sensor_facing_light,included
2026-09-20T01:34:18+08:00,1111.8,310.3,0.3103,29.32,50.69,1015.7,32.5,60.5,sht20,bh1750,fixed_position_sensor_facing_light,included
2026-09-20T01:39:23+08:00,1115.7,310.9,0.3109,29.17,49.33,1015.64,32.5,60.5,sht20,bh1750,fixed_position_sensor_facing_light,included
2026-09-20T01:44:29+08:00,1114.3,311.2,0.3112,29.06,48.16,1015.58,32.5,62.5,sht20,bh1750,fixed_position_sensor_facing_light,included
2026-09-20T01:49:34+08:00,1119.0,312.6,0.3126,28.99,47.44,1015.61,33.3,62.5,sht20,bh1750,fixed_position_sensor_facing_light,included
2026-09-20T01:54:40+08:00,1121.9,313.4,0.3134,28.9,46.16,1015.63,32.5,62.5,sht20,bh1750,fixed_position_sensor_facing_light,included
2026-09-20T01:59:46+08:00,1120.9,314.0,0.314,28.76,45.93,1015.54,32.5,61.5,sht20,bh1750,fixed_position_sensor_facing_light,included
2026-09-20T02:04:51+08:00,1122.5,313.8,0.3138,28.68,45.54,1015.74,33.3,60.5,sht20,bh1750,fixed_position_sensor_facing_light,included
2026-09-20T02:09:57+08:00,1125.0,314.1,0.3141,28.64,44.82,1015.45,32.5,60.5,sht20,bh1750,fixed_position_sensor_facing_light,included
2026-09-20T02:15:02+08:00,1126.0,315.2,0.3152,28.65,44.59,1015.48,32.5,59.5,sht20,bh1750,fixed_position_sensor_facing_light,included
2026-09-20T02:20:08+08:00,1129.8,315.5,0.3155,28.57,44.7,1015.42,32.5,59.5,sht20,bh1750,fixed_position_sensor_facing_light,included
2026-09-20T02:25:13+08:00,1130.3,315.4,0.3154,28.54,44.68,1015.33,32.5,59.5,sht20,bh1750,fixed_position_sensor_facing_light,included
2026-09-20T02:30:19+08:00,1130.9,315.8,0.3158,28.47,44.45,1015.3,32.5,59.5,sht20,bh1750,fixed_position_sensor_facing_light,included
2026-09-20T02:35:24+08:00,1130.9,316.1,0.3161,28.37,43.75,1015.33,32.5,59.5,sht20,bh1750,fixed_position_sensor_facing_light,included
2026-09-20T02:40:30+08:00,1131.0,316.4,0.3164,28.33,43.63,1015.18,32.5,59.5,sht20,bh1750,fixed_position_sensor_facing_light,included
2026-09-20T02:45:35+08:00,1133.7,317.2,0.3172,28.27,44.29,1015.29,32.5,59.5,sht20,bh1750,fixed_position_sensor_facing_light,included
2026-09-20T02:50:41+08:00,1134.6,317.6,0.3176,28.25,43.96,1015.32,33.3,59.5,sht20,bh1750,fixed_position_sensor_facing_light,included
2026-09-20T02:55:46+08:00,1134.9,317.3,0.3173,28.25,43.11,1015.29,32.5,59.5,sht20,bh1750,fixed_position_sensor_facing_light,included
2026-09-20T03:00:52+08:00,1136.5,318.1,0.3181,28.18,43.18,1015.2,32.5,59.5,sht20,bh1750,fixed_position_sensor_facing_light,included
2026-09-20T03:05:57+08:00,1137.0,317.5,0.3175,28.14,43.67,1015.17,32.5,59.5,sht20,bh1750,fixed_position_sensor_facing_light,included
2026-09-20T03:11:03+08:00,1135.4,317.6,0.3176,28.62,47.35,1015.36,32.5,59.5,sht20,bh1750,fixed_position_sensor_facing_light,included
2026-09-20T03:16:08+08:00,1134.4,316.6,0.3166,28.82,50.27,1015.28,33.3,60.5,sht20,bh1750,fixed_position_sensor_facing_light,included
2026-09-20T03:21:14+08:00,1134.8,316.5,0.3165,28.99,52.36,1015.4,32.5,62.5,sht20,bh1750,fixed_position_sensor_facing_light,included
2026-09-20T03:26:19+08:00,1133.7,316.1,0.3161,29.09,53.84,1015.32,32.5,61.5,sht20,bh1750,fixed_position_sensor_facing_light,included
2026-09-20T03:31:25+08:00,1131.3,315.7,0.3158,29.19,54.99,1015.3,32.5,61.5,sht20,bh1750,fixed_position_sensor_facing_light,included
2026-09-20T03:36:30+08:00,1129.3,315.3,0.3153,29.01,52.29,1015.14,32.5,62.5,sht20,bh1750,fixed_position_sensor_facing_light,included
2026-09-20T03:41:36+08:00,1130.3,315.6,0.3156,28.68,50.12,1015.31,32.5,61.5,sht20,bh1750,fixed_position_sensor_facing_light,included
2026-09-20T03:46:42+08:00,1131.5,316.4,0.3164,28.53,48.47,1015.21,32.5,60.5,sht20,bh1750,fixed_position_sensor_facing_light,included
2026-09-20T03:51:47+08:00,1135.8,316.6,0.3166,28.4,47.09,1015.21,32.5,59.5,sht20,bh1750,fixed_position_sensor_facing_light,included
2026-09-20T03:56:53+08:00,1134.9,316.9,0.3169,28.32,46.1,1015.35,32.5,59.5,sht20,bh1750,fixed_position_sensor_facing_light,included
2026-09-20T04:01:58+08:00,1134.6,318.0,0.318,28.29,45.29,1015.21,32.5,59.5,sht20,bh1750,fixed_position_sensor_facing_light,included
2026-09-20T04:07:04+08:00,1137.6,317.6,0.3176,28.19,44.62,1015.23,32.5,59.5,sht20,bh1750,fixed_position_sensor_facing_light,included
2026-09-20T04:12:11+08:00,1138.1,318.1,0.3181,28.12,44.05,1015.17,32.5,61.5,sht20,bh1750,fixed_position_sensor_facing_light,included
2026-09-20T04:17:16+08:00,1140.5,317.8,0.3178,28.41,48.35,1015.18,32.5,60.5,sht20,bh1750,fixed_position_sensor_facing_light,included
2026-09-20T04:22:22+08:00,1135.6,317.3,0.3173,28.74,50.89,1015.16,33.3,60.5,sht20,bh1750,fixed_position_sensor_facing_light,included
2026-09-20T04:27:27+08:00,1136.0,316.4,0.3164,28.89,52.36,1015.17,32.5,60.5,sht20,bh1750,fixed_position_sensor_facing_light,included
2026-09-20T04:32:33+08:00,1134.4,316.5,0.3165,28.98,54.23,1015.26,32.5,62.5,sht20,bh1750,fixed_position_sensor_facing_light,included
2026-09-20T04:37:39+08:00,1131.7,315.7,0.3158,29.06,55.74,1015.23,32.5,61.5,sht20,bh1750,fixed_position_sensor_facing_light,included
2026-09-20T04:42:45+08:00,1131.1,315.9,0.3159,29.18,56.48,1015.24,32.5,61.5,sht20,bh1750,fixed_position_sensor_facing_light,included
2026-09-20T04:47:50+08:00,1128.2,316.5,0.3165,28.83,52.17,1015.37,32.5,60.5,sht20,bh1750,fixed_position_sensor_facing_light,included
2026-09-20T04:52:56+08:00,1131.9,316.4,0.3164,28.54,50.79,1015.39,32.5,60.5,sht20,bh1750,fixed_position_sensor_facing_light,included
2026-09-20T04:58:01+08:00,1131.6,316.6,0.3166,28.4,49.12,1015.27,32.5,61.5,sht20,bh1750,fixed_position_sensor_facing_light,included
2026-09-20T05:03:07+08:00,1134.7,317.3,0.3173,28.3,47.95,1015.26,32.5,62.5,sht20,bh1750,fixed_position_sensor_facing_light,included
2026-09-20T05:08:13+08:00,1134.7,317.7,0.3177,28.23,47.02,1015.32,32.5,62.5,sht20,bh1750,fixed_position_sensor_facing_light,included
2026-09-20T05:13:18+08:00,1137.8,317.7,0.3177,28.16,46.06,1015.41,32.5,60.5,sht20,bh1750,fixed_position_sensor_facing_light,included
2026-09-20T05:18:24+08:00,1135.4,317.6,0.3176,28.5,49.94,1015.45,32.5,60.5,sht20,bh1750,fixed_position_sensor_facing_light,included
2026-09-20T05:23:30+08:00,1134.5,317.1,0.3171,28.78,52.58,1015.37,32.5,60.5,sht20,bh1750,fixed_position_sensor_facing_light,included
2026-09-20T05:28:35+08:00,1133.8,316.9,0.3169,28.9,54.52,1015.4,32.5,60.5,sht20,bh1750,fixed_position_sensor_facing_light,included
2026-09-20T05:33:41+08:00,1135.5,316.9,0.3169,29.04,55.97,1015.52,32.5,60.5,sht20,bh1750,fixed_position_sensor_facing_light,included
2026-09-20T05:38:46+08:00,1130.3,316.2,0.3162,29.12,57.0,1015.49,32.5,62.5,sht20,bh1750,fixed_position_sensor_facing_light,included
2026-09-20T05:43:52+08:00,1131.7,315.5,0.3155,29.22,57.65,1015.53,32.5,61.5,sht20,bh1750,fixed_position_sensor_facing_light,included
2026-09-20T05:48:57+08:00,1132.9,316.6,0.3166,28.72,52.97,1015.68,32.5,60.5,sht20,bh1750,fixed_position_sensor_facing_light,included
2026-09-20T05:54:03+08:00,1132.5,316.8,0.3167,28.48,51.36,1015.65,32.5,60.5,sht20,bh1750,fixed_position_sensor_facing_light,included
2026-09-20T05:59:08+08:00,1134.0,317.2,0.3172,28.33,49.18,1015.56,32.5,59.5,sht20,bh1750,fixed_position_sensor_facing_light,included
2026-09-20T06:04:14+08:00,1136.4,317.5,0.3175,28.2,47.99,1015.46,33.3,59.5,sht20,bh1750,fixed_position_sensor_facing_light,included
2026-09-20T06:09:19+08:00,1138.0,318.3,0.3183,28.15,46.89,1015.58,33.3,59.5,sht20,bh1750,fixed_position_sensor_facing_light,included
2026-09-20T06:14:25+08:00,1140.8,318.7,0.3187,28.45,50.94,1015.59,33.3,59.5,sht20,bh1750,fixed_position_sensor_facing_light,included
2026-09-20T06:19:30+08:00,1137.7,317.9,0.3179,28.7,53.96,1015.63,33.3,60.5,sht20,bh1750,fixed_position_sensor_facing_light,included
2026-09-20T06:24:36+08:00,1136.0,317.6,0.3176,28.9,54.84,1015.72,33.3,62.5,sht20,bh1750,fixed_position_sensor_facing_light,included
2026-09-20T06:29:42+08:00,1134.8,316.5,0.3165,29.02,55.64,1015.72,33.3,63.5,sht20,bh1750,fixed_position_sensor_facing_light,included
2026-09-20T06:34:47+08:00,1131.0,316.9,0.3169,29.11,56.97,1015.73,33.3,63.5,sht20,bh1750,fixed_position_sensor_facing_light,included
2026-09-20T06:39:53+08:00,1134.2,316.5,0.3165,29.18,57.71,1015.79,33.3,61.5,sht20,bh1750,fixed_position_sensor_facing_light,included
2026-09-20T06:44:59+08:00,1136.2,316.7,0.3167,28.79,53.82,1015.77,33.3,61.5,sht20,bh1750,fixed_position_sensor_facing_light,included
2026-09-20T06:50:05+08:00,1134.8,316.7,0.3167,28.54,51.76,1015.88,33.3,60.5,sht20,bh1750,fixed_position_sensor_facing_light,included
2026-09-20T06:55:11+08:00,1136.4,317.3,0.3173,28.41,49.6,1015.79,33.3,62.5,sht20,bh1750,fixed_position_sensor_facing_light,included
2026-09-20T07:00:18+08:00,1138.8,318.9,0.3189,28.18,47.69,1015.93,33.3,60.5,sht20,bh1750,fixed_position_sensor_facing_light,included
2026-09-20T07:05:24+08:00,1140.5,318.7,0.3187,28.06,46.5,1015.84,33.3,59.5,sht20,bh1750,fixed_position_sensor_facing_light,included
2026-09-20T07:10:30+08:00,1139.4,318.5,0.3185,28.48,50.86,1015.79,33.3,59.5,sht20,bh1750,fixed_position_sensor_facing_light,included
2026-09-20T07:15:35+08:00,1137.7,318.7,0.3187,28.75,53.1,1015.77,33.3,61.5,sht20,bh1750,fixed_position_sensor_facing_light,included
2026-09-20T07:20:41+08:00,1139.9,319.4,0.3194,28.9,55.65,1015.86,34.2,61.5,sht20,bh1750,fixed_position_sensor_facing_light,included
2026-09-20T07:25:47+08:00,1140.3,318.2,0.3182,28.98,56.64,1015.9,34.2,62.5,sht20,bh1750,fixed_position_sensor_facing_light,included
2026-09-20T07:30:53+08:00,1139.1,318.8,0.3188,29.11,57.42,1015.99,34.2,63.5,sht20,bh1750,fixed_position_sensor_facing_light,included
2026-09-20T07:35:59+08:00,1138.9,318.3,0.3183,29.2,57.95,1016.13,35.0,63.5,sht20,bh1750,fixed_position_sensor_facing_light,included
2026-09-20T07:41:04+08:00,1135.3,317.0,0.317,28.73,53.46,1016.23,34.2,63.5,sht20,bh1750,fixed_position_sensor_facing_light,included
2026-09-20T07:46:10+08:00,1141.0,318.9,0.3189,28.52,51.67,1016.36,35.0,61.5,sht20,bh1750,fixed_position_sensor_facing_light,included
2026-09-20T07:51:15+08:00,1145.8,320.3,0.3203,28.4,49.78,1016.16,35.8,60.5,sht20,bh1750,fixed_position_sensor_facing_light,included
2026-09-20T07:56:21+08:00,1142.5,319.5,0.3195,28.28,48.15,1016.21,34.2,59.5,sht20,bh1750,fixed_position_sensor_facing_light,included
2026-09-20T08:01:27+08:00,1143.7,318.6,0.3186,28.26,46.89,1016.15,34.2,59.5,sht20,bh1750,fixed_position_sensor_facing_light,included
2026-09-20T08:06:32+08:00,1144.2,319.5,0.3195,28.26,47.87,1016.18,34.2,59.5,sht20,bh1750,fixed_position_sensor_facing_light,included
2026-09-20T08:11:38+08:00,1148.6,320.9,0.3209,28.58,51.82,1016.13,35.8,59.5,sht20,bh1750,fixed_position_sensor_facing_light,included
2026-09-20T08:16:44+08:00,1149.6,322.3,0.3223,28.84,53.01,1016.14,36.7,60.5,sht20,bh1750,fixed_position_sensor_facing_light,included
2026-09-20T08:21:49+08:00,1150.2,321.0,0.321,28.92,54.8,1016.2,36.7,60.5,sht20,bh1750,fixed_position_sensor_facing_light,included
2026-09-20T08:26:55+08:00,1141.3,319.0,0.319,29.04,56.71,1016.21,34.2,60.5,sht20,bh1750,fixed_position_sensor_facing_light,included
2026-09-20T08:32:01+08:00,1150.8,321.8,0.3218,29.16,57.13,1016.27,38.3,62.5,sht20,bh1750,fixed_position_sensor_facing_light,included
2026-09-20T08:37:06+08:00,1152.8,322.5,0.3225,29.02,54.78,1016.12,38.3,63.5,sht20,bh1750,fixed_position_sensor_facing_light,included
2026-09-20T08:42:12+08:00,1155.6,322.9,0.3229,28.63,52.88,1016.13,39.2,62.5,sht20,bh1750,fixed_position_sensor_facing_light,included
2026-09-20T08:47:17+08:00,1160.9,323.3,0.3233,28.44,50.04,1016.16,40.0,62.5,sht20,bh1750,fixed_position_sensor_facing_light,included
2026-09-20T08:52:24+08:00,1163.2,325.0,0.325,28.35,49.03,1016.18,40.0,60.5,sht20,bh1750,fixed_position_sensor_facing_light,included
2026-09-20T08:57:29+08:00,1163.6,325.4,0.3254,28.26,48.67,1016.04,40.8,59.5,sht20,bh1750,fixed_position_sensor_facing_light,included
2026-09-20T09:02:35+08:00,1164.5,326.1,0.3261,28.24,47.67,1015.93,40.8,59.5,sht20,bh1750,fixed_position_sensor_facing_light,included
2026-09-20T09:07:40+08:00,1171.2,327.2,0.3272,28.19,47.13,1015.84,41.7,59.5,sht20,bh1750,fixed_position_sensor_facing_light,included
2026-09-20T09:12:46+08:00,1172.4,327.1,0.3271,28.14,46.54,1015.75,42.5,59.5,sht20,bh1750,fixed_position_sensor_facing_light,included
2026-09-20T09:17:52+08:00,1174.2,327.6,0.3276,28.09,46.28,1015.86,42.5,61.5,sht20,bh1750,fixed_position_sensor_facing_light,included
2026-09-20T09:22:57+08:00,1172.5,328.4,0.3284,28.05,45.93,1015.83,42.5,62.5,sht20,bh1750,fixed_position_sensor_facing_light,included
2026-09-20T09:28:03+08:00,1176.6,328.2,0.3282,28.38,50.16,1015.85,42.5,60.5,sht20,bh1750,fixed_position_sensor_facing_light,included
2026-09-20T09:33:08+08:00,1162.9,324.7,0.3247,28.87,51.13,1015.75,38.3,60.5,sht20,bh1750,fixed_position_sensor_facing_light,included
2026-09-20T09:38:15+08:00,1161.4,325.3,0.3253,29.06,52.73,1015.78,40.8,60.5,sht20,bh1750,fixed_position_sensor_facing_light,included
2026-09-20T09:43:20+08:00,1158.9,324.2,0.3242,29.21,54.74,1015.76,40.8,62.5,sht20,bh1750,fixed_position_sensor_facing_light,included
2026-09-20T09:48:29+08:00,1162.0,324.1,0.3241,29.34,56.31,1015.76,43.3,62.5,sht20,bh1750,fixed_position_sensor_facing_light,included
2026-09-20T09:53:34+08:00,1158.4,322.7,0.3227,28.91,54.11,1015.78,40.8,61.5,sht20,bh1750,fixed_position_sensor_facing_light,included
2026-09-20T09:58:40+08:00,1148.4,320.3,0.3203,28.71,51.4,1015.65,38.3,62.5,sht20,bh1750,fixed_position_sensor_facing_light,included
2026-09-20T10:03:46+08:00,1165.0,325.9,0.3259,28.57,49.58,1015.65,43.3,62.5,sht20,bh1750,fixed_position_sensor_facing_light,included
2026-09-20T10:08:51+08:00,1185.0,331.5,0.3315,28.78,46.55,1015.63,45.0,61.5,sht20,bh1750,fixed_position_sensor_facing_light,included
2026-09-20T10:13:57+08:00,1189.9,332.5,0.3325,28.68,46.42,1015.48,46.7,60.5,sht20,bh1750,fixed_position_sensor_facing_light,included
2026-09-20T10:19:03+08:00,1161.7,325.0,0.325,28.65,46.15,1015.48,37.5,62.5,sht20,bh1750,fixed_position_sensor_facing_light,included
2026-09-20T10:24:08+08:00,1161.6,324.2,0.3242,28.57,45.45,1015.62,35.8,62.5,sht20,bh1750,fixed_position_sensor_facing_light,included
2026-09-20T10:29:14+08:00,1155.5,323.9,0.3239,28.44,45.26,1015.5,35.0,62.5,sht20,bh1750,fixed_position_sensor_facing_light,included
2026-09-20T10:34:19+08:00,1156.7,323.3,0.3233,28.43,44.16,1015.41,35.0,62.5,sht20,bh1750,fixed_position_sensor_facing_light,included
2026-09-20T10:39:25+08:00,1158.1,323.3,0.3233,28.49,44.18,1015.47,35.0,61.5,sht20,bh1750,fixed_position_sensor_facing_light,included
2026-09-20T10:44:30+08:00,1157.6,324.2,0.3242,28.43,43.37,1015.65,35.0,60.5,sht20,bh1750,fixed_position_sensor_facing_light,included
2026-09-20T10:49:36+08:00,1159.3,323.5,0.3235,28.32,43.19,1015.79,34.2,59.5,sht20,bh1750,fixed_position_sensor_facing_light,included
2026-09-20T10:54:41+08:00,1159.0,323.5,0.3235,28.6,46.54,1015.65,35.0,59.5,sht20,bh1750,fixed_position_sensor_facing_light,included
2026-09-20T10:59:42+08:00,1154.0,323.3,0.3233,28.93,48.65,1015.66,35.0,60.5,sht20,bh1750,fixed_position_sensor_facing_light,included
2026-09-20T11:04:42+08:00,1156.3,322.8,0.3228,29.13,50.05,1015.52,35.8,60.5,sht20,bh1750,fixed_position_sensor_facing_light,included
2026-09-20T11:09:43+08:00,1154.4,322.7,0.3227,29.31,51.88,1015.59,35.8,61.5,sht20,bh1750,fixed_position_sensor_facing_light,included
2026-09-20T11:14:44+08:00,1152.2,322.8,0.3228,29.38,53.23,1015.48,35.8,61.5,sht20,bh1750,fixed_position_sensor_facing_light,included
2026-09-20T11:19:45+08:00,1156.0,322.6,0.3226,29.47,54.87,1015.36,37.5,61.5,sht20,bh1750,fixed_position_sensor_facing_light,included
2026-09-20T11:24:45+08:00,1156.3,324.0,0.324,29.22,51.91,1015.33,37.5,62.5,sht20,bh1750,fixed_position_sensor_facing_light,included
2026-09-20T11:29:46+08:00,1168.3,325.8,0.3258,28.99,50.07,1015.29,40.8,62.5,sht20,bh1750,fixed_position_sensor_facing_light,included
2026-09-20T11:34:47+08:00,1169.0,326.8,0.3268,28.94,48.91,1015.23,41.7,61.5,sht20,bh1750,fixed_position_sensor_facing_light,included
2026-09-20T11:39:47+08:00,1166.6,326.5,0.3265,28.91,47.89,1015.08,40.8,60.5,sht20,bh1750,fixed_position_sensor_facing_light,included
2026-09-20T11:44:48+08:00,1166.7,326.0,0.326,28.75,47.83,1014.94,40.8,60.5,sht20,bh1750,fixed_position_sensor_facing_light,included
2026-09-20T11:49:48+08:00,1157.1,323.0,0.323,28.67,48.7,1014.91,36.7,60.5,sht20,bh1750,fixed_position_sensor_facing_light,included
2026-09-20T11:54:49+08:00,1154.3,322.0,0.322,28.95,47.11,1014.86,35.8,60.5,sht20,bh1750,fixed_position_sensor_facing_light,included
2026-09-20T11:59:50+08:00,1152.4,322.3,0.3223,28.72,47.23,1014.8,35.0,60.5,sht20,bh1750,fixed_position_sensor_facing_light,included
2026-09-20T12:04:50+08:00,1152.8,322.9,0.3229,28.69,45.82,1014.71,35.8,60.5,sht20,bh1750,fixed_position_sensor_facing_light,included
2026-09-20T12:09:51+08:00,1153.2,322.8,0.3228,28.64,45.32,1014.74,35.0,59.5,sht20,bh1750,fixed_position_sensor_facing_light,included
2026-09-20T12:14:52+08:00,1156.6,323.1,0.3231,28.62,45.05,1014.59,35.8,59.5,sht20,bh1750,fixed_position_sensor_facing_light,included
2026-09-20T12:19:53+08:00,1156.9,324.1,0.3241,28.6,44.67,1014.39,35.8,59.5,sht20,bh1750,fixed_position_sensor_facing_light,included
2026-09-20T12:24:54+08:00,1157.8,323.2,0.3232,28.79,46.14,1014.4,35.8,60.5,sht20,bh1750,fixed_position_sensor_facing_light,included
2026-09-20T12:29:55+08:00,1156.5,322.9,0.3229,28.99,49.71,1014.31,35.8,60.5,sht20,bh1750,fixed_position_sensor_facing_light,included
2026-09-20T12:34:56+08:00,1150.8,321.4,0.3214,29.27,52.1,1014.38,35.0,62.5,sht20,bh1750,fixed_position_sensor_facing_light,included
2026-09-20T12:39:56+08:00,1147.7,320.3,0.3203,29.42,53.31,1014.33,35.0,61.5,sht20,bh1750,fixed_position_sensor_facing_light,included
2026-09-20T12:44:57+08:00,1145.4,320.5,0.3205,29.52,55.55,1014.19,34.2,63.5,sht20,bh1750,fixed_position_sensor_facing_light,included
2026-09-20T12:49:58+08:00,1146.6,319.4,0.3194,29.38,54.0,1014.15,34.2,63.5,sht20,bh1750,fixed_position_sensor_facing_light,included
2026-09-20T12:54:58+08:00,1145.3,320.4,0.3204,29.14,51.46,1014.15,35.0,63.5,sht20,bh1750,fixed_position_sensor_facing_light,included
2026-09-20T12:59:59+08:00,1148.8,319.8,0.3198,29.05,50.16,1014.08,35.0,61.5,sht20,bh1750,fixed_position_sensor_facing_light,included
2026-09-20T13:05:00+08:00,1150.7,321.3,0.3213,28.87,49.96,1014.08,35.0,62.5,sht20,bh1750,fixed_position_sensor_facing_light,included
2026-09-20T13:10:00+08:00,1150.5,321.5,0.3215,28.99,49.21,1014.08,35.0,61.5,sht20,bh1750,fixed_position_sensor_facing_light,included
2026-09-20T13:15:02+08:00,1149.2,321.2,0.3212,29.01,46.56,1013.94,35.0,61.5,sht20,bh1750,fixed_position_sensor_facing_light,included
2026-09-20T13:20:07+08:00,1153.2,321.7,0.3217,28.87,46.02,1013.67,35.0,62.5,sht20,bh1750,fixed_position_sensor_facing_light,included
2026-09-20T13:25:13+08:00,1153.5,321.6,0.3216,28.79,46.06,1013.7,35.0,62.5,sht20,bh1750,fixed_position_sensor_facing_light,included
2026-09-20T13:30:18+08:00,1149.8,321.9,0.3219,28.8,45.25,1013.88,35.0,63.5,sht20,bh1750,fixed_position_sensor_facing_light,included
2026-09-20T13:35:19+08:00,1151.6,322.0,0.322,28.69,45.08,1013.7,35.0,61.5,sht20,bh1750,fixed_position_sensor_facing_light,included
2026-09-20T13:40:20+08:00,1113.0,310.6,0.3106,28.84,44.96,1013.64,34.2,62.5,sht20,bh1750,fixed_position_sensor_facing_light,included
2026-09-20T13:45:20+08:00,1152.2,322.3,0.3223,28.68,44.93,1013.55,35.0,61.5,sht20,bh1750,fixed_position_sensor_facing_light,included
2026-09-20T13:50:21+08:00,1154.8,322.6,0.3226,28.74,44.77,1013.64,35.0,60.5,sht20,bh1750,fixed_position_sensor_facing_light,included
2026-09-20T13:55:21+08:00,1154.0,322.4,0.3224,28.71,45.16,1013.7,35.0,62.5,sht20,bh1750,fixed_position_sensor_facing_light,included
2026-09-20T14:00:22+08:00,1156.0,322.4,0.3224,28.6,44.88,1013.55,35.8,60.5,sht20,bh1750,fixed_position_sensor_facing_light,included
2026-09-20T14:05:23+08:00,1155.1,322.5,0.3225,28.9,45.3,1013.45,35.0,62.5,sht20,bh1750,fixed_position_sensor_facing_light,included
2026-09-20T14:10:23+08:00,1150.7,321.9,0.3219,29.26,45.66,1013.49,35.8,61.5,sht20,bh1750,fixed_position_sensor_facing_light,included
2026-09-20T14:15:24+08:00,1148.8,321.4,0.3214,29.46,46.14,1013.38,35.0,63.5,sht20,bh1750,fixed_position_sensor_facing_light,included
2026-09-20T14:20:25+08:00,1148.3,320.9,0.3209,29.58,46.31,1013.41,35.8,64.5,sht20,bh1750,fixed_position_sensor_facing_light,included
2026-09-20T14:25:25+08:00,1145.1,320.3,0.3203,29.71,46.91,1013.39,35.0,64.5,sht20,bh1750,fixed_position_sensor_facing_light,included
2026-09-20T14:30:26+08:00,1143.9,320.3,0.3203,29.8,47.36,1013.36,35.8,64.5,sht20,bh1750,fixed_position_sensor_facing_light,included
2026-09-20T14:35:27+08:00,1145.5,319.5,0.3195,29.9,47.92,1013.31,35.0,62.5,sht20,bh1750,fixed_position_sensor_facing_light,included
2026-09-20T14:40:28+08:00,1144.0,319.6,0.3196,29.96,47.72,1013.37,35.0,62.5,sht20,bh1750,fixed_position_sensor_facing_light,included
2026-09-20T14:45:28+08:00,1140.3,317.6,0.3176,30.06,48.16,1013.22,35.0,64.5,sht20,bh1750,fixed_position_sensor_facing_light,included
2026-09-20T14:50:29+08:00,1139.5,317.8,0.3178,30.07,48.88,1013.17,35.0,64.5,sht20,bh1750,fixed_position_sensor_facing_light,included
2026-09-20T14:55:30+08:00,1136.3,318.1,0.3181,30.19,50.08,1013.23,35.8,62.5,sht20,bh1750,fixed_position_sensor_facing_light,included
2026-09-20T15:00:31+08:00,1136.1,317.6,0.3176,30.24,50.65,1013.08,35.0,62.5,sht20,bh1750,fixed_position_sensor_facing_light,included
2026-09-20T15:05:32+08:00,1137.7,317.7,0.3177,30.27,51.33,1013.11,35.8,62.5,sht20,bh1750,fixed_position_sensor_facing_light,included
2026-09-20T15:10:32+08:00,1134.4,317.0,0.317,30.31,51.92,1013.09,35.8,62.5,sht20,bh1750,fixed_position_sensor_facing_light,included
2026-09-20T15:15:33+08:00,1131.4,316.0,0.316,30.37,52.2,1013.09,35.0,62.5,sht20,bh1750,fixed_position_sensor_facing_light,included
2026-09-20T15:20:34+08:00,1130.1,315.9,0.3159,30.4,52.33,1013.23,35.0,62.5,sht20,bh1750,fixed_position_sensor_facing_light,included
2026-09-20T15:25:35+08:00,1130.1,315.5,0.3155,30.48,52.49,1013.18,35.0,62.5,sht20,bh1750,fixed_position_sensor_facing_light,included
2026-09-20T15:30:36+08:00,1129.7,315.7,0.3157,30.37,53.0,1013.21,35.0,62.5,sht20,bh1750,fixed_position_sensor_facing_light,included
2026-09-20T15:35:37+08:00,1132.3,317.1,0.3171,29.88,52.55,1013.22,35.0,63.5,sht20,bh1750,fixed_position_sensor_facing_light,included
2026-09-20T15:40:37+08:00,1132.9,316.6,0.3166,29.79,52.63,1013.31,35.0,62.5,sht20,bh1750,fixed_position_sensor_facing_light,included
2026-09-20T15:45:38+08:00,1327.4,370.2,0.3702,29.83,51.18,1013.13,139.2,61.5,sht20,bh1750,fixed_position_sensor_facing_light,included
2026-09-20T15:50:39+08:00,1325.0,369.8,0.3698,29.57,49.79,1013.15,134.2,61.5,sht20,bh1750,fixed_position_sensor_facing_light,included
2026-09-20T15:55:40+08:00,1325.9,369.9,0.3699,29.46,48.68,1013.12,135.0,62.5,sht20,bh1750,fixed_position_sensor_facing_light,included
2026-09-20T16:00:41+08:00,1326.9,370.0,0.37,29.41,48.45,1013.09,134.2,61.5,sht20,bh1750,fixed_position_sensor_facing_light,included
2026-09-20T16:05:42+08:00,1326.3,369.8,0.3698,29.3,48.09,1013.15,135.0,61.5,sht20,bh1750,fixed_position_sensor_facing_light,included
2026-09-20T16:10:43+08:00,1330.0,371.5,0.3715,29.31,47.23,1013.15,133.3,61.5,sht20,bh1750,fixed_position_sensor_facing_light,included
2026-09-20T16:15:44+08:00,1328.0,370.5,0.3705,29.27,47.48,1013.2,135.0,60.5,sht20,bh1750,fixed_position_sensor_facing_light,included
2026-09-20T16:20:44+08:00,1288.9,359.4,0.3594,29.33,46.34,1013.2,134.2,60.5,sht20,bh1750,fixed_position_sensor_facing_light,included
2026-09-20T16:25:45+08:00,1292.2,361.5,0.3615,29.3,45.64,1013.26,135.0,60.5,sht20,bh1750,fixed_position_sensor_facing_light,included
2026-09-20T16:30:46+08:00,1296.6,362.2,0.3622,29.27,45.66,1013.29,134.2,60.5,sht20,bh1750,fixed_position_sensor_facing_light,included
2026-09-20T16:35:51+08:00,1303.4,362.0,0.362,29.24,45.61,1013.23,134.2,60.5,sht20,bh1750,fixed_position_sensor_facing_light,included
2026-09-20T16:40:57+08:00,1301.9,362.3,0.3623,29.21,46.01,1013.4,135.0,59.5,sht20,bh1750,fixed_position_sensor_facing_light,included
2026-09-20T16:46:02+08:00,1298.9,363.2,0.3632,29.36,51.81,1013.44,132.5,59.5,sht20,bh1750,fixed_position_sensor_facing_light,included
2026-09-20T16:51:08+08:00,1299.2,361.8,0.3618,29.26,49.98,1013.26,132.5,59.5,sht20,bh1750,fixed_position_sensor_facing_light,included
2026-09-20T16:56:13+08:00,1293.4,361.0,0.361,29.3,47.42,1013.32,134.2,59.5,sht20,bh1750,fixed_position_sensor_facing_light,included
2026-09-20T17:01:19+08:00,1301.2,361.5,0.3615,29.15,46.65,1013.4,134.2,59.5,sht20,bh1750,fixed_position_sensor_facing_light,included
2026-09-20T17:06:25+08:00,1299.4,362.5,0.3625,29.22,45.75,1013.29,135.0,61.5,sht20,bh1750,fixed_position_sensor_facing_light,included
2026-09-20T17:11:30+08:00,1302.1,363.0,0.363,29.13,45.59,1013.43,134.2,59.5,sht20,bh1750,fixed_position_sensor_facing_light,included
2026-09-20T17:16:36+08:00,1307.6,362.3,0.3623,29.07,45.58,1013.56,135.0,59.5,sht20,bh1750,fixed_position_sensor_facing_light,included
2026-09-20T17:21:41+08:00,1495.7,416.5,0.4165,29.05,44.76,1013.59,140.0,59.5,sht20,bh1750,fixed_position_sensor_facing_light,included
2026-09-20T17:26:47+08:00,1498.2,416.5,0.4165,28.9,45.28,1013.51,140.8,59.5,sht20,bh1750,fixed_position_sensor_facing_light,included
2026-09-20T17:31:52+08:00,1496.6,416.6,0.4166,28.95,45.06,1013.48,143.3,59.5,sht20,bh1750,fixed_position_sensor_facing_light,included
2026-09-20T17:36:58+08:00,1495.2,416.6,0.4166,28.98,44.6,1013.37,143.3,59.5,sht20,bh1750,fixed_position_sensor_facing_light,included
2026-09-20T17:42:03+08:00,1497.9,417.6,0.4176,29.01,44.48,1013.42,141.7,59.5,sht20,bh1750,fixed_position_sensor_facing_light,included
2026-09-20T17:47:09+08:00,1498.2,419.0,0.419,28.95,44.09,1013.42,143.3,59.5,sht20,bh1750,fixed_position_sensor_facing_light,included
2026-09-20T17:52:14+08:00,1502.2,419.0,0.419,28.95,43.9,1013.56,145.8,59.5,sht20,bh1750,fixed_position_sensor_facing_light,included
2026-09-20T17:57:20+08:00,1501.3,418.2,0.4182,28.94,43.84,1013.42,145.0,59.5,sht20,bh1750,fixed_position_sensor_facing_light,included
2026-09-20T18:02:25+08:00,1496.2,418.7,0.4187,28.97,43.48,1013.42,145.0,60.5,sht20,bh1750,fixed_position_sensor_facing_light,included
2026-09-20T18:07:30+08:00,1502.0,418.6,0.4186,28.95,43.68,1013.42,145.0,61.5,sht20,bh1750,fixed_position_sensor_facing_light,included
2026-09-20T18:12:36+08:00,1498.1,418.3,0.4183,29.21,47.99,1013.43,145.0,60.5,sht20,bh1750,fixed_position_sensor_facing_light,included
2026-09-20T18:17:41+08:00,1500.6,418.8,0.4188,29.35,51.56,1013.44,145.0,60.5,sht20,bh1750,fixed_position_sensor_facing_light,included
2026-09-20T18:22:47+08:00,1495.0,417.6,0.4176,29.38,52.85,1013.52,142.5,60.5,sht20,bh1750,fixed_position_sensor_facing_light,included
2026-09-20T18:27:53+08:00,1495.2,417.5,0.4175,29.53,54.91,1013.58,144.2,60.5,sht20,bh1750,fixed_position_sensor_facing_light,included
2026-09-20T18:32:58+08:00,1495.0,417.0,0.417,29.63,54.62,1013.61,143.3,62.5,sht20,bh1750,fixed_position_sensor_facing_light,included
2026-09-20T18:38:04+08:00,1493.5,416.6,0.4166,29.47,50.79,1013.63,143.3,62.5,sht20,bh1750,fixed_position_sensor_facing_light,included
2026-09-20T18:43:09+08:00,1493.6,417.7,0.4177,29.39,48.88,1013.72,145.0,61.5,sht20,bh1750,fixed_position_sensor_facing_light,included
2026-09-20T18:48:15+08:00,1496.5,417.4,0.4174,29.32,48.31,1013.8,145.0,62.5,sht20,bh1750,fixed_position_sensor_facing_light,included
2026-09-20T18:53:21+08:00,1499.6,418.0,0.418,29.29,46.83,1013.63,143.3,61.5,sht20,bh1750,fixed_position_sensor_facing_light,included
2026-09-20T18:58:26+08:00,1496.8,417.9,0.4179,29.3,46.02,1013.71,142.5,60.5,sht20,bh1750,fixed_position_sensor_facing_light,included
2026-09-20T19:03:32+08:00,1498.8,417.4,0.4174,29.27,45.17,1013.86,143.3,60.5,sht20,bh1750,fixed_position_sensor_facing_light,included
2026-09-20T19:08:37+08:00,1502.4,418.6,0.4186,29.26,45.97,1013.8,143.3,60.5,sht20,bh1750,fixed_position_sensor_facing_light,included
2026-09-20T19:13:43+08:00,1501.7,418.0,0.418,29.32,45.29,1013.92,143.3,62.5,sht20,bh1750,fixed_position_sensor_facing_light,included
2026-09-20T19:18:48+08:00,1553.8,432.3,0.4323,29.34,45.05,1014.01,154.2,61.5,sht20,bh1750,fixed_position_sensor_facing_light,included
2026-09-20T19:23:54+08:00,1547.8,432.6,0.4326,29.38,44.05,1014.06,153.3,62.5,sht20,bh1750,fixed_position_sensor_facing_light,included
2026-09-20T19:28:59+08:00,1548.2,431.8,0.4318,29.28,46.09,1014.15,154.2,63.5,sht20,bh1750,fixed_position_sensor_facing_light,included
2026-09-20T19:34:05+08:00,1548.2,431.6,0.4316,29.33,46.11,1014.24,155.8,63.5,sht20,bh1750,fixed_position_sensor_facing_light,included
2026-09-20T19:39:11+08:00,1548.8,431.9,0.4319,29.28,50.66,1014.44,156.7,61.5,sht20,bh1750,fixed_position_sensor_facing_light,included
2026-09-20T19:44:16+08:00,1549.9,432.1,0.4321,29.39,53.44,1014.53,155.8,62.5,sht20,bh1750,fixed_position_sensor_facing_light,included
2026-09-20T19:49:23+08:00,1548.9,431.8,0.4318,29.48,55.67,1014.59,154.2,62.5,sht20,bh1750,fixed_position_sensor_facing_light,included
2026-09-20T19:54:28+08:00,1550.1,431.6,0.4316,29.71,56.39,1014.54,155.8,61.5,sht20,bh1750,fixed_position_sensor_facing_light,included
2026-09-20T19:59:34+08:00,1547.8,431.5,0.4315,29.73,54.32,1014.6,154.2,63.5,sht20,bh1750,fixed_position_sensor_facing_light,included
2026-09-20T20:04:40+08:00,1546.7,432.1,0.4321,29.57,50.42,1014.71,154.2,63.5,sht20,bh1750,fixed_position_sensor_facing_light,included
2026-09-20T20:09:45+08:00,1546.0,431.3,0.4313,29.47,48.96,1014.7,155.0,63.5,sht20,bh1750,fixed_position_sensor_facing_light,included
2026-09-20T20:14:51+08:00,1548.6,432.6,0.4326,29.35,47.09,1014.64,155.8,63.5,sht20,bh1750,fixed_position_sensor_facing_light,included
2026-09-20T20:19:56+08:00,1551.1,432.1,0.4321,29.31,46.56,1014.5,155.0,63.5,sht20,bh1750,fixed_position_sensor_facing_light,included
2026-09-20T20:25:03+08:00,1548.5,432.8,0.4328,29.3,44.99,1014.44,155.0,63.5,sht20,bh1750,fixed_position_sensor_facing_light,included
2026-09-20T20:30:08+08:00,1552.9,433.6,0.4336,29.26,43.97,1014.61,154.2,61.5,sht20,bh1750,fixed_position_sensor_facing_light,included
2026-09-20T20:35:14+08:00,1553.2,432.8,0.4328,29.41,47.53,1014.67,153.3,61.5,sht20,bh1750,fixed_position_sensor_facing_light,included
2026-09-20T20:40:19+08:00,1549.9,432.6,0.4326,29.57,49.97,1014.74,155.0,62.5,sht20,bh1750,fixed_position_sensor_facing_light,included
2026-09-20T20:45:25+08:00,1550.3,432.2,0.4322,29.72,51.38,1014.68,153.3,62.5,sht20,bh1750,fixed_position_sensor_facing_light,included
2026-09-20T20:50:30+08:00,1548.0,431.8,0.4318,29.75,52.97,1014.74,155.8,61.5,sht20,bh1750,fixed_position_sensor_facing_light,included
2026-09-20T20:55:36+08:00,1548.6,431.6,0.4316,29.88,54.16,1014.75,154.2,63.5,sht20,bh1750,fixed_position_sensor_facing_light,included
2026-09-20T21:00:42+08:00,1544.7,431.0,0.431,29.82,52.93,1014.74,155.0,62.5,sht20,bh1750,fixed_position_sensor_facing_light,included
2026-09-20T21:05:47+08:00,1547.9,431.2,0.4312,29.64,49.79,1014.71,155.8,61.5,sht20,bh1750,fixed_position_sensor_facing_light,included
2026-09-20T21:10:53+08:00,1548.8,432.0,0.432,29.49,47.97,1014.59,155.8,61.5,sht20,bh1750,fixed_position_sensor_facing_light,included
2026-09-20T21:15:58+08:00,1551.2,432.1,0.4321,29.44,46.19,1014.67,155.0,61.5,sht20,bh1750,fixed_position_sensor_facing_light,included
2026-09-20T21:21:04+08:00,1550.5,432.1,0.4321,29.37,45.3,1014.59,153.3,61.5,sht20,bh1750,fixed_position_sensor_facing_light,included
2026-09-20T21:26:10+08:00,1550.0,432.3,0.4323,29.33,44.49,1014.56,154.2,62.5,sht20,bh1750,fixed_position_sensor_facing_light,included
2026-09-20T21:31:15+08:00,1551.8,432.6,0.4326,29.33,45.71,1014.41,155.0,61.5,sht20,bh1750,fixed_position_sensor_facing_light,included
2026-09-20T21:36:21+08:00,1547.7,433.0,0.433,29.53,48.76,1014.5,154.2,62.5,sht20,bh1750,fixed_position_sensor_facing_light,included
2026-09-20T21:41:26+08:00,1550.1,432.4,0.4324,29.71,49.44,1014.48,155.0,63.5,sht20,bh1750,fixed_position_sensor_facing_light,included
2026-09-20T21:46:32+08:00,1548.7,431.8,0.4317,29.78,51.37,1014.42,155.8,64.5,sht20,bh1750,fixed_position_sensor_facing_light,included
2026-09-20T21:51:37+08:00,1547.0,431.5,0.4315,29.93,52.36,1014.57,153.3,64.5,sht20,bh1750,fixed_position_sensor_facing_light,included
2026-09-20T21:56:43+08:00,1558.5,434.5,0.4345,29.98,53.78,1014.69,155.8,62.5,sht20,bh1750,fixed_position_sensor_facing_light,included
2026-09-20T22:01:48+08:00,1557.9,435.4,0.4354,29.72,49.4,1014.57,157.5,62.5,sht20,bh1750,fixed_position_sensor_facing_light,included
2026-09-20T22:06:54+08:00,1535.8,428.0,0.428,29.59,46.96,1014.54,308.3,61.5,sht20,bh1750,fixed_position_sensor_facing_light,included
2026-09-20T22:11:59+08:00,1540.7,429.2,0.4292,29.36,46.83,1014.5,307.5,60.5,sht20,bh1750,fixed_position_sensor_facing_light,included
2026-09-20T22:17:05+08:00,1540.7,430.1,0.4301,29.53,44.54,1014.39,308.3,60.5,sht20,bh1750,fixed_position_sensor_facing_light,included
2026-09-20T22:22:10+08:00,1543.5,430.0,0.43,29.53,43.3,1014.36,309.2,62.5,sht20,bh1750,fixed_position_sensor_facing_light,included
2026-09-20T22:27:16+08:00,1538.0,428.7,0.4287,29.6,43.63,1014.36,309.2,62.5,sht20,bh1750,fixed_position_sensor_facing_light,included
2026-09-20T22:32:22+08:00,1539.1,428.5,0.4285,29.67,47.76,1014.36,309.2,61.5,sht20,bh1750,fixed_position_sensor_facing_light,included
2026-09-20T22:37:27+08:00,1566.7,437.9,0.4379,29.72,49.58,1014.28,341.7,61.5,sht20,bh1750,fixed_position_sensor_facing_light,included
2026-09-20T22:42:33+08:00,1565.3,436.5,0.4365,29.86,50.8,1014.28,341.7,61.5,sht20,bh1750,fixed_position_sensor_facing_light,included
2026-09-20T22:47:38+08:00,1563.3,437.4,0.4374,30.01,51.36,1014.29,300.0,63.5,sht20,bh1750,fixed_position_sensor_facing_light,included
2026-09-20T22:52:44+08:00,1564.7,436.9,0.4369,30.12,52.98,1014.32,299.2,64.5,sht20,bh1750,fixed_position_sensor_facing_light,included
2026-09-20T22:57:49+08:00,1565.4,435.5,0.4355,29.76,49.95,1014.34,298.3,62.5,sht20,bh1750,fixed_position_sensor_facing_light,included
2026-09-20T23:02:55+08:00,1564.8,437.1,0.4371,29.56,48.26,1014.22,299.2,61.5,sht20,bh1750,fixed_position_sensor_facing_light,included
2026-09-20T23:08:00+08:00,1566.7,436.5,0.4365,29.33,46.91,1014.18,295.0,60.5,sht20,bh1750,fixed_position_sensor_facing_light,included
2026-09-20T23:13:06+08:00,1565.7,436.9,0.4369,29.13,46.02,1014.03,294.2,60.5,sht20,bh1750,fixed_position_sensor_facing_light,included
2026-09-20T23:18:11+08:00,1569.6,437.0,0.437,29.13,46.66,1014.14,294.2,61.5,sht20,bh1750,fixed_position_sensor_facing_light,included
2026-09-20T23:23:17+08:00,1564.2,436.8,0.4367,29.38,49.39,1014.04,295.0,62.5,sht20,bh1750,fixed_position_sensor_facing_light,included
2026-09-20T23:28:23+08:00,1566.7,436.5,0.4365,29.64,50.78,1014.1,294.2,61.5,sht20,bh1750,fixed_position_sensor_facing_light,included
2026-09-20T23:33:29+08:00,1565.7,437.5,0.4375,29.65,53.2,1014.1,296.7,62.5,sht20,bh1750,fixed_position_sensor_facing_light,included
2026-09-20T23:38:35+08:00,1564.8,436.7,0.4367,29.81,54.11,1013.91,295.0,61.5,sht20,bh1750,fixed_position_sensor_facing_light,included
2026-09-20T23:43:40+08:00,1565.0,436.5,0.4365,29.9,54.26,1013.88,295.8,61.5,sht20,bh1750,fixed_position_sensor_facing_light,included
2026-09-20T23:48:46+08:00,1563.3,436.3,0.4363,29.91,53.12,1013.79,295.8,63.5,sht20,bh1750,fixed_position_sensor_facing_light,included
2026-09-20T23:53:52+08:00,1564.6,436.5,0.4365,29.47,50.21,1013.78,293.3,61.5,sht20,bh1750,fixed_position_sensor_facing_light,included
2026-09-20T23:58:57+08:00,1565.0,436.5,0.4365,29.28,47.58,1013.95,294.2,60.5,sht20,bh1750,fixed_position_sensor_facing_light,included
2026-09-21T00:04:03+08:00,1566.7,436.4,0.4364,29.17,45.95,1013.8,292.5,60.5,sht20,bh1750,fixed_position_sensor_facing_light,included
2026-09-21T00:09:08+08:00,1566.2,436.3,0.4363,29.37,48.15,1013.86,294.2,60.5,sht20,bh1750,fixed_position_sensor_facing_light,included
2026-09-21T00:14:14+08:00,1566.3,436.7,0.4367,29.51,51.25,1013.87,292.5,60.5,sht20,bh1750,fixed_position_sensor_facing_light,included
2026-09-21T00:19:20+08:00,1564.9,436.6,0.4366,29.62,52.83,1013.78,293.3,60.5,sht20,bh1750,fixed_position_sensor_facing_light,included
2026-09-21T00:24:25+08:00,1565.0,436.5,0.4365,29.71,54.14,1013.84,292.5,60.5,sht20,bh1750,fixed_position_sensor_facing_light,included
2026-09-21T00:29:31+08:00,1563.1,436.9,0.4369,29.87,54.34,1013.7,294.2,61.5,sht20,bh1750,fixed_position_sensor_facing_light,included
2026-09-21T00:34:36+08:00,1565.8,436.2,0.4362,29.98,55.15,1013.74,295.8,61.5,sht20,bh1750,fixed_position_sensor_facing_light,included
2026-09-21T00:39:42+08:00,1564.1,435.8,0.4358,29.79,52.35,1013.58,295.0,61.5,sht20,bh1750,fixed_position_sensor_facing_light,included
2026-09-21T00:44:48+08:00,1564.5,436.8,0.4368,29.66,48.82,1013.47,293.3,61.5,sht20,bh1750,fixed_position_sensor_facing_light,included
2026-09-21T00:49:57+08:00,1566.3,436.9,0.4369,29.35,46.64,1013.47,294.2,62.5,sht20,bh1750,fixed_position_sensor_facing_light,included
2026-09-21T00:55:02+08:00,1567.9,436.8,0.4368,29.2,45.66,1013.43,294.2,62.5,sht20,bh1750,fixed_position_sensor_facing_light,included
2026-09-21T01:00:08+08:00,1568.0,437.7,0.4377,29.5,48.41,1013.27,294.2,62.5,sht20,bh1750,fixed_position_sensor_facing_light,included
2026-09-21T01:05:13+08:00,1565.9,437.0,0.437,29.64,50.8,1013.45,293.3,63.5,sht20,bh1750,fixed_position_sensor_facing_light,included
2026-09-21T01:10:19+08:00,1564.7,437.0,0.437,29.78,51.88,1013.3,295.0,63.5,sht20,bh1750,fixed_position_sensor_facing_light,included
2026-09-21T01:15:24+08:00,1565.5,436.4,0.4364,29.85,53.5,1013.16,294.2,63.5,sht20,bh1750,fixed_position_sensor_facing_light,included
2026-09-21T01:20:30+08:00,1564.5,436.8,0.4368,29.86,54.85,1013.25,294.2,63.5,sht20,bh1750,fixed_position_sensor_facing_light,included
2026-09-21T01:25:35+08:00,1564.0,436.9,0.4369,29.95,55.81,1013.08,294.2,64.5,sht20,bh1750,fixed_position_sensor_facing_light,included
2026-09-21T01:30:41+08:00,1564.6,436.1,0.4361,29.79,53.24,1013.13,294.2,62.5,sht20,bh1750,fixed_position_sensor_facing_light,included
2026-09-21T01:35:46+08:00,1579.3,440.6,0.4406,29.51,50.13,1013.12,324.2,61.5,sht20,bh1750,fixed_position_sensor_facing_light,included
2026-09-21T01:40:52+08:00,1579.5,440.8,0.4408,29.32,48.71,1013.09,322.5,60.5,sht20,bh1750,fixed_position_sensor_facing_light,included
2026-09-21T01:45:57+08:00,1582.1,441.4,0.4414,29.18,48.19,1013.26,321.7,59.5,sht20,bh1750,fixed_position_sensor_facing_light,included
2026-09-21T01:51:04+08:00,1582.9,441.2,0.4412,29.47,51.04,1013.18,323.3,59.5,sht20,bh1750,fixed_position_sensor_facing_light,included
2026-09-21T01:56:09+08:00,1580.6,441.2,0.4412,29.58,52.85,1013.21,321.7,62.5,sht20,bh1750,fixed_position_sensor_facing_light,included
2026-09-21T02:01:15+08:00,1580.9,441.1,0.4411,29.74,54.26,1013.3,321.7,62.5,sht20,bh1750,fixed_position_sensor_facing_light,included
2026-09-21T02:06:21+08:00,1580.7,441.0,0.441,29.7,56.37,1013.3,399.2,61.5,sht20,bh1750,fixed_position_sensor_facing_light,included
2026-09-21T02:11:26+08:00,1581.9,440.9,0.4409,29.71,57.0,1013.33,399.2,61.5,sht20,bh1750,fixed_position_sensor_facing_light,included
2026-09-21T02:16:32+08:00,1583.0,440.7,0.4407,29.94,57.09,1013.22,399.2,62.5,sht20,bh1750,fixed_position_sensor_facing_light,included
2026-09-21T02:21:37+08:00,1578.5,440.9,0.4409,29.42,53.85,1013.21,398.3,62.5,sht20,bh1750,fixed_position_sensor_facing_light,included
2026-09-21T02:26:43+08:00,1579.8,441.0,0.441,29.19,50.15,1013.29,399.2,62.5,sht20,bh1750,fixed_position_sensor_facing_light,included
2026-09-21T02:31:48+08:00,1584.0,441.5,0.4415,28.86,48.6,1013.13,400.0,60.5,sht20,bh1750,fixed_position_sensor_facing_light,included
2026-09-21T02:36:54+08:00,1584.8,442.4,0.4424,29.01,50.74,1013.28,400.0,59.5,sht20,bh1750,fixed_position_sensor_facing_light,included
2026-09-21T02:42:00+08:00,1583.9,442.1,0.4421,29.34,53.01,1013.04,400.0,59.5,sht20,bh1750,fixed_position_sensor_facing_light,included
2026-09-21T02:47:05+08:00,1584.0,441.9,0.4419,29.45,53.39,1013.12,398.3,60.5,sht20,bh1750,fixed_position_sensor_facing_light,included
2026-09-21T02:52:11+08:00,1581.1,441.2,0.4412,29.52,55.0,1013.15,399.2,62.5,sht20,bh1750,fixed_position_sensor_facing_light,included
2026-09-21T02:57:17+08:00,1579.9,441.3,0.4413,29.64,55.88,1013.15,398.3,63.5,sht20,bh1750,fixed_position_sensor_facing_light,included
2026-09-21T03:02:22+08:00,1580.5,441.0,0.441,29.75,56.69,1013.02,398.3,63.5,sht20,bh1750,fixed_position_sensor_facing_light,included
2026-09-21T03:07:28+08:00,1581.6,441.1,0.4411,29.82,56.36,1013.05,400.0,62.5,sht20,bh1750,fixed_position_sensor_facing_light,included
2026-09-21T03:12:33+08:00,1581.5,441.7,0.4417,29.2,52.23,1013.08,399.2,61.5,sht20,bh1750,fixed_position_sensor_facing_light,included
2026-09-21T03:17:39+08:00,1582.7,441.4,0.4414,28.92,50.5,1013.06,400.0,61.5,sht20,bh1750,fixed_position_sensor_facing_light,included
2026-09-21T03:22:44+08:00,1584.8,441.7,0.4417,28.77,48.63,1013.03,398.3,62.5,sht20,bh1750,fixed_position_sensor_facing_light,included
2026-09-21T03:27:50+08:00,1584.2,442.1,0.4421,29.08,50.92,1012.98,398.3,62.5,sht20,bh1750,fixed_position_sensor_facing_light,included
2026-09-21T03:32:55+08:00,1585.7,442.1,0.4421,29.28,53.12,1013.01,399.2,62.5,sht20,bh1750,fixed_position_sensor_facing_light,included
2026-09-21T03:38:01+08:00,1585.0,441.3,0.4413,29.46,54.5,1012.84,399.2,61.5,sht20,bh1750,fixed_position_sensor_facing_light,included
2026-09-21T03:43:07+08:00,1584.1,441.4,0.4414,29.51,55.76,1012.84,400.0,60.5,sht20,bh1750,fixed_position_sensor_facing_light,included
2026-09-21T03:48:13+08:00,1582.7,441.5,0.4415,29.59,57.05,1012.93,399.2,60.5,sht20,bh1750,fixed_position_sensor_facing_light,included
2026-09-21T03:53:18+08:00,1582.7,441.1,0.4411,29.57,57.78,1013.05,398.3,60.5,sht20,bh1750,fixed_position_sensor_facing_light,included
2026-09-21T03:58:24+08:00,1580.7,441.4,0.4414,29.65,56.7,1013.05,398.3,60.5,sht20,bh1750,fixed_position_sensor_facing_light,included
2026-09-21T04:03:30+08:00,1583.6,441.7,0.4417,29.12,53.05,1013.06,399.2,62.5,sht20,bh1750,fixed_position_sensor_facing_light,included
2026-09-21T04:08:35+08:00,1584.6,441.8,0.4418,28.87,50.2,1012.91,399.2,60.5,sht20,bh1750,fixed_position_sensor_facing_light,included
2026-09-21T04:13:41+08:00,1588.0,442.2,0.4422,28.88,52.21,1012.97,398.3,59.5,sht20,bh1750,fixed_position_sensor_facing_light,included
2026-09-21T04:18:46+08:00,1582.7,442.3,0.4423,29.16,53.91,1013.06,400.0,61.5,sht20,bh1750,fixed_position_sensor_facing_light,included
2026-09-21T04:23:52+08:00,1585.6,441.7,0.4417,29.38,54.82,1013.04,400.0,60.5,sht20,bh1750,fixed_position_sensor_facing_light,included
2026-09-21T04:28:57+08:00,1585.3,441.8,0.4417,29.41,56.36,1013.04,398.3,62.5,sht20,bh1750,fixed_position_sensor_facing_light,included
2026-09-21T04:34:03+08:00,1586.9,442.0,0.442,29.42,57.77,1012.99,398.3,62.5,sht20,bh1750,fixed_position_sensor_facing_light,included
2026-09-21T04:39:09+08:00,1584.5,441.4,0.4414,29.48,58.34,1012.93,398.3,61.5,sht20,bh1750,fixed_position_sensor_facing_light,included
2026-09-21T04:44:14+08:00,1580.8,441.0,0.441,29.53,59.32,1012.87,400.0,61.5,sht20,bh1750,fixed_position_sensor_facing_light,included
2026-09-21T04:49:20+08:00,1581.1,442.5,0.4425,29.41,56.01,1013.06,400.0,60.5,sht20,bh1750,fixed_position_sensor_facing_light,included
2026-09-21T04:54:26+08:00,1585.6,441.8,0.4418,28.86,53.68,1013.0,398.3,60.5,sht20,bh1750,fixed_position_sensor_facing_light,included
2026-09-21T04:59:32+08:00,1585.6,442.8,0.4428,28.52,51.24,1013.05,398.3,59.5,sht20,bh1750,fixed_position_sensor_facing_light,included
2026-09-21T05:04:37+08:00,1586.8,442.6,0.4426,28.78,53.94,1013.0,398.3,59.5,sht20,bh1750,fixed_position_sensor_facing_light,included
2026-09-21T05:09:43+08:00,1588.5,443.0,0.443,29.08,55.99,1012.95,400.0,59.5,sht20,bh1750,fixed_position_sensor_facing_light,included
2026-09-21T05:14:48+08:00,1583.9,442.2,0.4422,29.26,56.94,1012.98,398.3,61.5,sht20,bh1750,fixed_position_sensor_facing_light,included
2026-09-21T05:19:54+08:00,1585.9,442.1,0.4421,29.41,57.7,1013.15,397.5,62.5,sht20,bh1750,fixed_position_sensor_facing_light,included
2026-09-21T05:24:59+08:00,1585.0,442.4,0.4424,29.52,58.56,1013.12,399.2,62.5,sht20,bh1750,fixed_position_sensor_facing_light,included
2026-09-21T05:30:05+08:00,1587.4,442.7,0.4427,29.64,57.92,1013.21,397.5,63.5,sht20,bh1750,fixed_position_sensor_facing_light,included
2026-09-21T05:35:10+08:00,1583.3,441.6,0.4416,29.77,57.71,1013.22,398.3,63.5,sht20,bh1750,fixed_position_sensor_facing_light,included
2026-09-21T05:40:16+08:00,1582.1,441.2,0.4412,29.96,56.47,1013.31,398.3,62.5,sht20,bh1750,fixed_position_sensor_facing_light,included
2026-09-21T05:45:21+08:00,1540.7,429.7,0.4297,30.01,56.72,1013.31,302.5,62.5,sht20,bh1750,fixed_position_sensor_facing_light,included
2026-09-21T05:50:27+08:00,1540.4,429.9,0.4299,29.85,56.9,1013.36,302.5,61.5,sht20,bh1750,fixed_position_sensor_facing_light,included
2026-09-21T05:55:32+08:00,1541.1,429.9,0.4299,29.81,57.8,1013.33,302.5,61.5,sht20,bh1750,fixed_position_sensor_facing_light,included
2026-09-21T06:00:38+08:00,1541.2,429.5,0.4295,29.82,57.42,1013.39,303.3,61.5,sht20,bh1750,fixed_position_sensor_facing_light,included
2026-09-21T06:05:44+08:00,1540.0,429.1,0.4291,29.76,58.47,1013.36,302.5,61.5,sht20,bh1750,fixed_position_sensor_facing_light,included
2026-09-21T06:10:49+08:00,1541.3,429.4,0.4294,29.76,57.9,1013.58,303.3,62.5,sht20,bh1750,fixed_position_sensor_facing_light,included
2026-09-21T06:15:55+08:00,1540.6,429.6,0.4296,29.83,58.3,1013.51,303.3,61.5,sht20,bh1750,fixed_position_sensor_facing_light,included
2026-09-21T06:21:00+08:00,1538.3,429.2,0.4292,29.78,58.41,1013.51,303.3,61.5,sht20,bh1750,fixed_position_sensor_facing_light,included
2026-09-21T06:26:06+08:00,1539.9,428.9,0.4289,29.95,57.74,1013.59,303.3,61.5,sht20,bh1750,fixed_position_sensor_facing_light,included
2026-09-21T06:31:11+08:00,1539.0,429.2,0.4292,29.86,58.21,1013.76,303.3,62.5,sht20,bh1750,fixed_position_sensor_facing_light,included
2026-09-21T06:36:17+08:00,1539.0,429.2,0.4292,29.83,58.87,1013.64,303.3,63.5,sht20,bh1750,fixed_position_sensor_facing_light,included
2026-09-21T06:41:23+08:00,1540.9,429.0,0.429,30.01,57.78,1013.79,303.3,63.5,sht20,bh1750,fixed_position_sensor_facing_light,included
2026-09-21T06:46:28+08:00,1537.7,429.5,0.4295,29.95,57.79,1013.76,303.3,64.5,sht20,bh1750,fixed_position_sensor_facing_light,included
2026-09-21T06:51:34+08:00,1536.1,429.1,0.4291,30.18,57.61,1013.8,304.2,62.5,sht20,bh1750,fixed_position_sensor_facing_light,included
2026-09-21T06:56:39+08:00,1536.4,428.3,0.4283,29.97,58.75,1013.85,304.2,62.5,sht20,bh1750,fixed_position_sensor_facing_light,included
2026-09-21T07:01:45+08:00,1537.8,429.3,0.4293,30.08,57.97,1013.77,303.3,62.5,sht20,bh1750,fixed_position_sensor_facing_light,included
2026-09-21T07:06:50+08:00,1539.4,428.7,0.4287,29.85,59.27,1013.88,304.2,61.5,sht20,bh1750,fixed_position_sensor_facing_light,included
2026-09-21T07:11:56+08:00,1539.0,428.8,0.4288,30.13,57.27,1013.86,305.0,63.5,sht20,bh1750,fixed_position_sensor_facing_light,included
2026-09-21T07:17:01+08:00,1538.5,428.6,0.4286,30.31,56.66,1013.92,304.2,63.5,sht20,bh1750,fixed_position_sensor_facing_light,included
2026-09-21T07:22:07+08:00,1538.4,429.3,0.4293,30.1,57.34,1013.88,305.0,62.5,sht20,bh1750,fixed_position_sensor_facing_light,included
2026-09-21T07:27:12+08:00,1540.8,429.2,0.4292,30.32,57.26,1013.95,305.8,63.5,sht20,bh1750,fixed_position_sensor_facing_light,included
2026-09-21T07:32:18+08:00,1539.7,428.6,0.4286,30.28,57.56,1013.74,305.0,64.5,sht20,bh1750,fixed_position_sensor_facing_light,included
2026-09-21T07:37:24+08:00,1537.4,428.7,0.4287,30.3,58.16,1013.83,305.0,62.5,sht20,bh1750,fixed_position_sensor_facing_light,included
2026-09-21T07:42:29+08:00,1540.3,428.2,0.4282,30.18,58.79,1013.8,305.8,64.5,sht20,bh1750,fixed_position_sensor_facing_light,included
2026-09-21T07:47:35+08:00,1538.6,428.9,0.4289,30.15,58.94,1013.74,305.8,62.5,sht20,bh1750,fixed_position_sensor_facing_light,included
2026-09-21T07:52:40+08:00,1537.0,428.8,0.4288,30.25,58.86,1013.86,305.8,64.5,sht20,bh1750,fixed_position_sensor_facing_light,included
2026-09-21T07:57:46+08:00,1538.9,429.2,0.4292,30.42,58.37,1013.81,306.7,62.5,sht20,bh1750,fixed_position_sensor_facing_light,included
2026-09-21T08:02:52+08:00,1535.6,428.5,0.4285,30.48,58.68,1013.87,306.7,64.5,sht20,bh1750,fixed_position_sensor_facing_light,included
2026-09-21T08:07:58+08:00,1537.9,428.9,0.4289,30.52,59.11,1013.9,306.7,63.5,sht20,bh1750,fixed_position_sensor_facing_light,included
2026-09-21T08:13:04+08:00,1537.2,428.8,0.4288,30.55,59.05,1014.01,307.5,62.5,sht20,bh1750,fixed_position_sensor_facing_light,included
2026-09-21T08:18:10+08:00,1538.5,428.4,0.4284,30.54,58.74,1013.9,307.5,62.5,sht20,bh1750,fixed_position_sensor_facing_light,included
2026-09-21T08:23:16+08:00,1535.7,428.4,0.4284,30.54,58.34,1013.81,307.5,62.5,sht20,bh1750,fixed_position_sensor_facing_light,included
2026-09-21T08:28:21+08:00,1535.3,429.3,0.4293,30.6,58.17,1013.93,307.5,62.5,sht20,bh1750,fixed_position_sensor_facing_light,included
2026-09-21T08:33:27+08:00,1536.1,428.5,0.4285,30.6,57.67,1014.07,309.2,62.5,sht20,bh1750,fixed_position_sensor_facing_light,included
2026-09-21T08:38:33+08:00,1537.8,428.6,0.4286,30.63,57.06,1013.9,310.0,62.5,sht20,bh1750,fixed_position_sensor_facing_light,included
2026-09-21T08:43:38+08:00,1536.7,428.9,0.4289,30.67,56.48,1013.93,310.0,62.5,sht20,bh1750,fixed_position_sensor_facing_light,included
2026-09-21T08:48:44+08:00,1537.2,428.7,0.4287,30.66,55.71,1013.81,310.0,62.5,sht20,bh1750,fixed_position_sensor_facing_light,included
2026-09-21T08:53:50+08:00,1533.5,427.3,0.4273,30.68,55.16,1013.81,305.0,62.5,sht20,bh1750,fixed_position_sensor_facing_light,included
2026-09-21T08:58:55+08:00,1533.4,428.4,0.4284,30.7,54.97,1013.93,304.2,62.5,sht20,bh1750,fixed_position_sensor_facing_light,included
2026-09-21T09:04:01+08:00,1534.4,428.2,0.4282,30.68,55.21,1013.76,305.0,62.5,sht20,bh1750,fixed_position_sensor_facing_light,included
2026-09-21T09:09:06+08:00,1537.1,429.0,0.429,30.65,55.1,1013.78,314.2,62.5,sht20,bh1750,fixed_position_sensor_facing_light,included
2026-09-21T09:14:12+08:00,1578.6,440.4,0.4404,30.71,55.13,1013.9,412.5,62.5,sht20,bh1750,fixed_position_sensor_facing_light,included
2026-09-21T09:19:18+08:00,1577.8,440.1,0.4401,30.76,54.63,1013.87,407.5,64.5,sht20,bh1750,fixed_position_sensor_facing_light,included
2026-09-21T09:24:24+08:00,1577.6,441.0,0.441,30.56,52.4,1014.01,409.2,62.5,sht20,bh1750,fixed_position_sensor_facing_light,included
2026-09-21T09:29:30+08:00,1576.3,441.2,0.4412,30.2,51.62,1013.97,415.0,62.5,sht20,bh1750,fixed_position_sensor_facing_light,included
2026-09-21T09:34:36+08:00,1596.1,445.1,0.4451,30.07,50.81,1014.12,570.0,61.5,sht20,bh1750,fixed_position_sensor_facing_light,included
2026-09-21T09:39:41+08:00,1598.1,445.7,0.4457,29.78,49.36,1014.08,577.5,60.5,sht20,bh1750,fixed_position_sensor_facing_light,included
2026-09-21T09:44:47+08:00,1601.4,447.2,0.4472,29.58,48.3,1013.98,586.7,60.5,sht20,bh1750,fixed_position_sensor_facing_light,included
2026-09-21T09:49:53+08:00,1597.2,446.9,0.4469,29.41,47.21,1014.04,581.7,60.5,sht20,bh1750,fixed_position_sensor_facing_light,included
2026-09-21T09:54:58+08:00,1604.5,447.0,0.447,29.28,46.75,1013.89,588.3,59.5,sht20,bh1750,fixed_position_sensor_facing_light,included
2026-09-21T10:00:04+08:00,1605.9,447.7,0.4477,29.17,46.01,1014.0,579.2,61.5,sht20,bh1750,fixed_position_sensor_facing_light,included
2026-09-21T10:05:10+08:00,1605.8,447.7,0.4477,29.12,45.51,1013.88,577.5,62.5,sht20,bh1750,fixed_position_sensor_facing_light,included
2026-09-21T10:10:15+08:00,1608.3,447.8,0.4478,28.98,45.43,1013.62,589.2,62.5,sht20,bh1750,fixed_position_sensor_facing_light,included
2026-09-21T10:15:21+08:00,1608.3,448.8,0.4488,29.0,45.2,1013.68,591.7,60.5,sht20,bh1750,fixed_position_sensor_facing_light,included
2026-09-21T10:20:28+08:00,1609.5,448.6,0.4486,28.88,44.86,1013.76,590.0,59.5,sht20,bh1750,fixed_position_sensor_facing_light,included
2026-09-21T10:25:34+08:00,1607.8,449.0,0.449,28.76,44.83,1013.79,581.7,59.5,sht20,bh1750,fixed_position_sensor_facing_light,included
2026-09-21T10:30:39+08:00,1613.1,449.1,0.4491,28.83,44.9,1013.67,589.2,59.5,sht20,bh1750,fixed_position_sensor_facing_light,included
2026-09-21T10:35:45+08:00,1608.9,449.7,0.4497,28.77,44.71,1013.7,593.3,59.5,sht20,bh1750,fixed_position_sensor_facing_light,included
2026-09-21T10:40:51+08:00,1610.8,450.9,0.4509,28.91,46.09,1013.59,590.0,59.5,sht20,bh1750,fixed_position_sensor_facing_light,included
2026-09-21T10:45:56+08:00,1608.4,448.2,0.4482,28.79,45.27,1013.64,578.3,59.5,sht20,bh1750,fixed_position_sensor_facing_light,included
2026-09-21T10:51:02+08:00,1612.3,448.7,0.4487,28.68,45.21,1013.55,582.5,59.5,sht20,bh1750,fixed_position_sensor_facing_light,included
2026-09-21T10:56:08+08:00,1611.7,449.6,0.4496,28.62,44.71,1013.61,578.3,59.5,sht20,bh1750,fixed_position_sensor_facing_light,included
2026-09-21T11:01:14+08:00,1613.5,449.5,0.4495,28.53,44.61,1013.5,586.7,59.5,sht20,bh1750,fixed_position_sensor_facing_light,included
2026-09-21T11:06:19+08:00,1616.1,451.2,0.4512,28.48,44.73,1013.41,584.2,60.5,sht20,bh1750,fixed_position_sensor_facing_light,included
2026-09-21T11:11:25+08:00,1614.8,449.9,0.4499,28.41,44.8,1013.38,586.7,59.5,sht20,bh1750,fixed_position_sensor_facing_light,included
2026-09-21T11:16:31+08:00,1614.0,450.2,0.4502,28.4,44.38,1013.38,584.2,59.5,sht20,bh1750,fixed_position_sensor_facing_light,included
2026-09-21T11:21:36+08:00,1613.3,449.2,0.4492,28.42,44.78,1013.26,574.2,59.5,sht20,bh1750,fixed_position_sensor_facing_light,included
2026-09-21T11:26:42+08:00,1613.4,450.8,0.4507,28.29,44.49,1013.2,577.5,59.5,sht20,bh1750,fixed_position_sensor_facing_light,included
2026-09-21T11:31:48+08:00,1613.4,450.8,0.4507,28.25,43.93,1013.17,581.7,59.5,sht20,bh1750,fixed_position_sensor_facing_light,included
2026-09-21T11:36:53+08:00,1615.0,450.7,0.4507,28.53,51.07,1013.12,577.5,59.5,sht20,bh1750,fixed_position_sensor_facing_light,included
2026-09-21T11:41:59+08:00,1612.0,450.5,0.4505,28.78,53.83,1013.07,575.0,59.5,sht20,bh1750,fixed_position_sensor_facing_light,included
2026-09-21T11:47:05+08:00,1612.6,450.1,0.4501,28.9,56.17,1012.94,580.0,59.5,sht20,bh1750,fixed_position_sensor_facing_light,included
2026-09-21T11:52:11+08:00,1609.4,449.6,0.4496,29.01,58.09,1013.0,578.3,59.5,sht20,bh1750,fixed_position_sensor_facing_light,included
2026-09-21T11:57:16+08:00,1613.0,448.9,0.4489,29.16,59.16,1012.98,581.7,59.5,sht20,bh1750,fixed_position_sensor_facing_light,included
2026-09-21T12:02:22+08:00,1600.2,446.4,0.4464,29.08,56.51,1012.72,437.5,59.5,sht20,bh1750,fixed_position_sensor_facing_light,included
2026-09-21T12:07:28+08:00,1612.7,449.1,0.4491,29.04,53.34,1012.74,605.8,59.5,sht20,bh1750,fixed_position_sensor_facing_light,included
2026-09-21T12:12:33+08:00,1612.7,449.8,0.4498,28.99,50.18,1012.65,606.7,59.5,sht20,bh1750,fixed_position_sensor_facing_light,included
2026-09-22T23:54:01+08:00,1449.8,404.3,0.4043,29.83,62.73,1014.89,995.0,39.5,sht20,bh1750,fixed_position_sensor_facing_light,included
2026-09-22T23:59:02+08:00,1715.5,477.9,0.4779,30.21,57.13,1014.84,1128.3,48.5,sht20,bh1750,fixed_position_sensor_facing_light,included
2026-09-23T00:04:02+08:00,1715.7,477.8,0.4778,30.66,55.76,1014.77,1124.2,56.5,sht20,bh1750,fixed_position_sensor_facing_light,included
2026-09-23T00:09:03+08:00,1718.3,478.2,0.4782,30.93,54.56,1014.75,1149.2,60.5,sht20,bh1750,fixed_position_sensor_facing_light,included
2026-09-23T00:14:03+08:00,1716.0,478.3,0.4783,31.09,53.5,1014.7,1127.5,62.5,sht20,bh1750,fixed_position_sensor_facing_light,included
2026-09-23T00:19:04+08:00,1716.7,478.5,0.4785,31.19,53.33,1014.61,1135.8,62.5,sht20,bh1750,fixed_position_sensor_facing_light,included
2026-09-23T00:24:05+08:00,1720.8,477.2,0.4772,31.22,53.14,1014.59,1145.0,62.5,sht20,bh1750,fixed_position_sensor_facing_light,included
2026-09-23T00:29:06+08:00,1715.9,478.1,0.4781,31.35,53.07,1014.59,1139.2,62.5,sht20,bh1750,fixed_position_sensor_facing_light,included
2026-09-23T00:34:06+08:00,1716.4,477.7,0.4777,31.36,53.08,1014.53,1140.0,62.5,sht20,bh1750,fixed_position_sensor_facing_light,included
2026-09-23T00:39:07+08:00,1719.8,478.8,0.4788,31.36,53.23,1014.56,1146.7,62.5,sht20,bh1750,fixed_position_sensor_facing_light,included
2026-09-23T00:44:07+08:00,1719.2,478.1,0.4781,31.39,53.02,1014.42,1143.3,64.5,sht20,bh1750,fixed_position_sensor_facing_light,included
2026-09-23T00:49:08+08:00,1718.2,478.6,0.4786,31.41,53.31,1014.48,1151.7,63.5,sht20,bh1750,fixed_position_sensor_facing_light,included
2026-09-23T00:54:09+08:00,1722.2,478.9,0.4789,31.36,53.26,1014.42,1156.7,65.5,sht20,bh1750,fixed_position_sensor_facing_light,included
2026-09-23T00:59:09+08:00,1716.9,478.8,0.4788,31.34,53.37,1014.3,1130.0,63.5,sht20,bh1750,fixed_position_sensor_facing_light,included
2026-09-23T01:04:10+08:00,1720.6,478.4,0.4784,31.19,53.61,1014.5,1143.3,62.5,sht20,bh1750,fixed_position_sensor_facing_light,included
2026-09-23T01:09:10+08:00,1721.6,479.0,0.479,31.29,53.62,1014.33,1157.5,64.5,sht20,bh1750,fixed_position_sensor_facing_light,included
2026-09-23T01:14:11+08:00,1722.0,479.6,0.4796,31.06,53.78,1014.44,938.3,65.5,sht20,bh1750,fixed_position_sensor_facing_light,included
2026-09-23T01:19:11+08:00,1717.1,478.3,0.4783,30.9,54.43,1014.37,1052.5,62.5,sht20,bh1750,fixed_position_sensor_facing_light,included
2026-09-23T01:24:12+08:00,945.8,263.7,0.2637,30.52,55.63,1014.39,86.7,63.5,sht20,bh1750,fixed_position_sensor_facing_light,included
2026-09-23T01:29:12+08:00,1702.7,474.4,0.4744,31.0,54.39,1014.2,1431.7,64.5,sht20,bh1750,fixed_position_sensor_facing_light,included
2026-09-23T01:34:13+08:00,1701.9,474.6,0.4746,31.37,53.32,1014.24,1434.2,63.5,sht20,bh1750,fixed_position_sensor_facing_light,included
2026-09-23T01:39:14+08:00,1700.8,474.4,0.4744,31.4,53.09,1014.24,1434.2,63.5,sht20,bh1750,fixed_position_sensor_facing_light,included
2026-09-23T01:44:14+08:00,1699.6,474.2,0.4742,31.29,53.72,1014.21,975.8,65.5,sht20,bh1750,fixed_position_sensor_facing_light,included
2026-09-23T01:49:15+08:00,1696.5,473.5,0.4735,31.27,53.89,1014.24,414.2,63.5,sht20,bh1750,fixed_position_sensor_facing_light,included
2026-09-23T01:54:15+08:00,1699.0,473.9,0.4739,31.27,53.94,1014.09,414.2,63.5,sht20,bh1750,fixed_position_sensor_facing_light,included
2026-09-23T01:59:16+08:00,1698.3,473.0,0.473,31.28,54.3,1014.15,416.7,63.5,sht20,bh1750,fixed_position_sensor_facing_light,included
2026-09-23T02:04:17+08:00,1696.0,473.0,0.473,31.44,54.04,1014.04,415.8,63.5,sht20,bh1750,fixed_position_sensor_facing_light,included
2026-09-23T02:09:18+08:00,1697.6,473.3,0.4733,31.4,53.71,1014.13,410.8,63.5,sht20,bh1750,fixed_position_sensor_facing_light,included
2026-09-23T02:14:18+08:00,1698.1,473.2,0.4732,31.54,53.22,1014.1,405.8,63.5,sht20,bh1750,fixed_position_sensor_facing_light,included
2026-09-23T02:19:19+08:00,1699.0,474.0,0.474,31.52,53.38,1014.07,401.7,63.5,sht20,bh1750,fixed_position_sensor_facing_light,included
2026-09-23T02:24:19+08:00,1697.2,473.3,0.4733,31.59,53.86,1014.13,402.5,63.5,sht20,bh1750,fixed_position_sensor_facing_light,included
2026-09-23T02:29:20+08:00,1698.7,473.5,0.4735,31.65,52.69,1014.11,402.5,65.5,sht20,bh1750,fixed_position_sensor_facing_light,included
2026-09-23T02:34:21+08:00,1697.8,473.7,0.4737,31.69,52.76,1014.19,398.3,64.5,sht20,bh1750,fixed_position_sensor_facing_light,included
2026-09-23T02:39:22+08:00,1699.8,473.2,0.4732,31.7,53.73,1014.05,400.0,66.5,sht20,bh1750,fixed_position_sensor_facing_light,included
2026-09-23T02:44:23+08:00,1699.1,473.5,0.4735,31.78,53.22,1014.08,398.3,64.5,sht20,bh1750,fixed_position_sensor_facing_light,included
2026-09-23T02:49:24+08:00,1699.1,473.5,0.4735,31.76,53.52,1014.02,399.2,63.5,sht20,bh1750,fixed_position_sensor_facing_light,included
2026-09-23T02:54:24+08:00,1695.7,472.9,0.4729,31.81,54.02,1014.11,402.5,63.5,sht20,bh1750,fixed_position_sensor_facing_light,included
2026-09-23T02:59:25+08:00,1698.5,473.5,0.4735,31.8,53.55,1013.94,402.5,63.5,sht20,bh1750,fixed_position_sensor_facing_light,included
2026-09-23T03:04:25+08:00,1695.8,474.0,0.474,31.71,53.83,1013.85,405.8,65.5,sht20,bh1750,fixed_position_sensor_facing_light,included
2026-09-23T03:09:26+08:00,1699.7,474.5,0.4745,31.64,53.97,1013.73,406.7,66.5,sht20,bh1750,fixed_position_sensor_facing_light,included
2026-09-23T03:14:26+08:00,1700.3,473.6,0.4736,31.54,53.97,1013.9,405.8,64.5,sht20,bh1750,fixed_position_sensor_facing_light,included
2026-09-23T03:19:27+08:00,1698.1,473.4,0.4734,31.53,53.75,1013.96,406.7,65.5,sht20,bh1750,fixed_position_sensor_facing_light,included
2026-09-23T03:24:27+08:00,1700.6,473.9,0.4739,31.53,54.16,1013.81,405.0,64.5,sht20,bh1750,fixed_position_sensor_facing_light,included
2026-09-23T03:29:28+08:00,1700.6,473.7,0.4737,31.52,54.13,1013.81,405.8,63.5,sht20,bh1750,fixed_position_sensor_facing_light,included
2026-09-23T03:34:29+08:00,1688.4,472.0,0.472,31.31,54.34,1013.75,338.3,63.5,sht20,bh1750,fixed_position_sensor_facing_light,included
2026-09-23T03:39:29+08:00,1687.6,471.8,0.4718,30.99,55.49,1013.82,339.2,62.5,sht20,bh1750,fixed_position_sensor_facing_light,included
2026-09-23T03:44:30+08:00,1694.8,472.2,0.4722,30.53,57.16,1013.84,339.2,64.5,sht20,bh1750,fixed_position_sensor_facing_light,included
2026-09-23T03:49:31+08:00,1691.9,473.1,0.4731,30.51,57.06,1013.78,339.2,62.5,sht20,bh1750,fixed_position_sensor_facing_light,included
2026-09-23T03:54:31+08:00,1695.9,472.5,0.4725,30.86,55.89,1013.73,339.2,62.5,sht20,bh1750,fixed_position_sensor_facing_light,included
2026-09-23T03:59:32+08:00,1693.5,473.2,0.4732,30.67,55.88,1013.81,338.3,62.5,sht20,bh1750,fixed_position_sensor_facing_light,included
2026-09-23T04:04:32+08:00,1695.6,472.9,0.4729,30.57,56.28,1013.84,339.2,62.5,sht20,bh1750,fixed_position_sensor_facing_light,included
2026-09-23T04:09:33+08:00,1698.5,473.2,0.4732,30.66,55.26,1013.87,339.2,64.5,sht20,bh1750,fixed_position_sensor_facing_light,included
2026-09-23T04:14:33+08:00,1698.0,472.6,0.4726,30.92,54.46,1013.82,339.2,63.5,sht20,bh1750,fixed_position_sensor_facing_light,included
2026-09-23T04:19:34+08:00,1697.7,473.8,0.4737,30.64,55.12,1013.96,339.2,64.5,sht20,bh1750,fixed_position_sensor_facing_light,included
2026-09-23T04:24:35+08:00,1697.1,473.4,0.4734,30.53,55.06,1013.95,338.3,63.5,sht20,bh1750,fixed_position_sensor_facing_light,included
2026-09-23T04:29:35+08:00,1698.5,474.0,0.474,30.44,55.22,1013.87,338.3,64.5,sht20,bh1750,fixed_position_sensor_facing_light,included
2026-09-23T04:34:36+08:00,1697.6,473.9,0.4739,30.21,55.31,1013.86,338.3,62.5,sht20,bh1750,fixed_position_sensor_facing_light,included
2026-09-23T04:39:36+08:00,1699.9,473.9,0.4739,30.12,55.7,1013.74,339.2,62.5,sht20,bh1750,fixed_position_sensor_facing_light,included
2026-09-23T04:44:37+08:00,1700.8,473.8,0.4738,30.28,55.0,1013.89,338.3,62.5,sht20,bh1750,fixed_position_sensor_facing_light,included
2026-09-23T04:49:37+08:00,1700.4,473.7,0.4737,30.38,54.55,1014.04,339.2,62.5,sht20,bh1750,fixed_position_sensor_facing_light,included
2026-09-23T04:54:38+08:00,1700.7,473.7,0.4737,30.48,54.42,1014.04,338.3,62.5,sht20,bh1750,fixed_position_sensor_facing_light,included
2026-09-23T04:59:39+08:00,1700.9,474.2,0.4742,30.39,54.94,1014.01,338.3,64.5,sht20,bh1750,fixed_position_sensor_facing_light,included
2026-09-23T05:04:39+08:00,1700.8,474.6,0.4746,30.38,55.25,1014.1,338.3,62.5,sht20,bh1750,fixed_position_sensor_facing_light,included
2026-09-23T05:09:40+08:00,1701.7,474.5,0.4745,30.3,56.1,1014.27,338.3,62.5,sht20,bh1750,fixed_position_sensor_facing_light,included
2026-09-23T05:14:40+08:00,1702.3,473.9,0.4739,30.06,56.21,1014.35,338.3,62.5,sht20,bh1750,fixed_position_sensor_facing_light,included
2026-09-23T05:19:41+08:00,1702.8,474.7,0.4747,30.08,56.28,1014.35,338.3,62.5,sht20,bh1750,fixed_position_sensor_facing_light,included
2026-09-23T05:24:41+08:00,1702.0,475.1,0.4751,30.12,56.15,1014.15,338.3,61.5,sht20,bh1750,fixed_position_sensor_facing_light,included
2026-09-23T05:29:42+08:00,1702.7,474.6,0.4746,30.23,56.16,1014.18,338.3,62.5,sht20,bh1750,fixed_position_sensor_facing_light,included
2026-09-23T05:34:43+08:00,1704.7,475.0,0.475,30.19,55.92,1014.32,338.3,63.5,sht20,bh1750,fixed_position_sensor_facing_light,included
2026-09-23T05:39:44+08:00,1701.5,473.8,0.4738,30.03,56.5,1014.46,344.2,63.5,sht20,bh1750,fixed_position_sensor_facing_light,included
2026-09-23T05:44:44+08:00,1702.9,474.8,0.4748,30.19,56.03,1014.32,338.3,62.5,sht20,bh1750,fixed_position_sensor_facing_light,included
2026-09-23T05:49:45+08:00,1704.1,474.9,0.4749,30.41,54.71,1014.39,337.5,64.5,sht20,bh1750,fixed_position_sensor_facing_light,included
2026-09-23T05:54:46+08:00,1705.8,475.1,0.4751,30.52,54.67,1014.42,338.3,63.5,sht20,bh1750,fixed_position_sensor_facing_light,included
2026-09-23T05:59:46+08:00,1703.4,474.9,0.4749,29.91,57.6,1014.49,338.3,62.5,sht20,bh1750,fixed_position_sensor_facing_light,included
2026-09-23T06:04:47+08:00,1705.7,474.3,0.4743,29.91,56.66,1014.57,337.5,63.5,sht20,bh1750,fixed_position_sensor_facing_light,included
2026-09-23T06:09:47+08:00,1706.7,475.1,0.4751,29.89,56.66,1014.57,338.3,62.5,sht20,bh1750,fixed_position_sensor_facing_light,included
2026-09-23T06:14:48+08:00,1707.4,475.5,0.4755,30.07,55.96,1014.58,338.3,62.5,sht20,bh1750,fixed_position_sensor_facing_light,included
2026-09-23T06:19:49+08:00,1707.7,475.8,0.4757,30.13,56.13,1014.64,338.3,62.5,sht20,bh1750,fixed_position_sensor_facing_light,included
2026-09-23T06:24:50+08:00,1706.4,475.2,0.4752,29.85,56.83,1014.57,338.3,61.5,sht20,bh1750,fixed_position_sensor_facing_light,included
2026-09-23T06:29:50+08:00,1706.7,475.8,0.4758,30.22,56.0,1014.58,338.3,61.5,sht20,bh1750,fixed_position_sensor_facing_light,included
2026-09-23T06:34:51+08:00,1706.4,476.0,0.476,30.35,56.05,1014.62,338.3,62.5,sht20,bh1750,fixed_position_sensor_facing_light,included
2026-09-23T06:39:51+08:00,1706.6,474.9,0.4749,30.01,58.09,1014.75,338.3,61.5,sht20,bh1750,fixed_position_sensor_facing_light,included
2026-09-23T06:44:52+08:00,1706.5,475.9,0.4759,30.17,57.52,1014.76,338.3,61.5,sht20,bh1750,fixed_position_sensor_facing_light,included
2026-09-23T06:49:53+08:00,1705.0,475.0,0.475,30.38,56.95,1014.82,338.3,62.5,sht20,bh1750,fixed_position_sensor_facing_light,included
2026-09-23T06:54:53+08:00,1706.8,475.4,0.4754,30.52,56.32,1014.91,338.3,62.5,sht20,bh1750,fixed_position_sensor_facing_light,included
2026-09-23T06:59:54+08:00,1702.0,475.0,0.475,30.59,56.32,1014.94,338.3,62.5,sht20,bh1750,fixed_position_sensor_facing_light,included
2026-09-23T07:04:55+08:00,1700.5,475.0,0.475,30.61,56.55,1015.08,339.2,62.5,sht20,bh1750,fixed_position_sensor_facing_light,included
2026-09-23T07:09:55+08:00,1704.9,475.3,0.4753,30.61,56.93,1015.17,338.3,62.5,sht20,bh1750,fixed_position_sensor_facing_light,included
2026-09-23T07:14:55+08:00,1704.7,475.5,0.4755,30.64,57.0,1015.23,339.2,64.5,sht20,bh1750,fixed_position_sensor_facing_light,included
2026-09-23T07:19:56+08:00,1705.8,474.4,0.4744,30.56,57.53,1015.25,339.2,63.5,sht20,bh1750,fixed_position_sensor_facing_light,included
2026-09-23T07:24:57+08:00,1705.2,475.4,0.4754,30.6,58.06,1015.17,339.2,62.5,sht20,bh1750,fixed_position_sensor_facing_light,included
2026-09-23T07:29:57+08:00,1705.0,475.0,0.475,30.62,57.64,1015.11,339.2,62.5,sht20,bh1750,fixed_position_sensor_facing_light,included
2026-09-23T07:34:58+08:00,1705.8,474.8,0.4748,30.6,57.21,1015.31,339.2,62.5,sht20,bh1750,fixed_position_sensor_facing_light,included
2026-09-23T07:39:58+08:00,1705.2,474.8,0.4748,30.53,57.39,1015.22,340.0,62.5,sht20,bh1750,fixed_position_sensor_facing_light,included
2026-09-23T07:44:59+08:00,1705.9,475.2,0.4752,30.67,56.9,1015.17,340.0,62.5,sht20,bh1750,fixed_position_sensor_facing_light,included
2026-09-23T07:50:00+08:00,1702.2,474.5,0.4745,30.54,57.13,1015.25,340.0,62.5,sht20,bh1750,fixed_position_sensor_facing_light,included
2026-09-23T07:55:01+08:00,1705.8,475.4,0.4754,30.62,56.81,1015.14,339.2,64.5,sht20,bh1750,fixed_position_sensor_facing_light,included
2026-09-23T08:00:01+08:00,1706.7,474.8,0.4748,30.5,57.33,1015.22,340.8,64.5,sht20,bh1750,fixed_position_sensor_facing_light,included
2026-09-23T08:05:02+08:00,1703.5,475.2,0.4752,30.5,57.91,1015.13,340.8,62.5,sht20,bh1750,fixed_position_sensor_facing_light,included
2026-09-23T08:10:02+08:00,1704.6,475.0,0.475,30.45,58.74,1015.31,341.7,64.5,sht20,bh1750,fixed_position_sensor_facing_light,included
2026-09-23T08:15:03+08:00,1704.2,475.4,0.4754,30.4,60.18,1015.22,340.8,62.5,sht20,bh1750,fixed_position_sensor_facing_light,included
2026-09-23T08:20:04+08:00,1703.1,474.8,0.4748,30.41,60.22,1015.16,341.7,64.5,sht20,bh1750,fixed_position_sensor_facing_light,included
2026-09-23T08:25:04+08:00,1704.4,474.8,0.4748,30.53,60.31,1015.16,341.7,62.5,sht20,bh1750,fixed_position_sensor_facing_light,included
2026-09-23T08:30:05+08:00,1704.4,474.4,0.4744,30.65,60.09,1015.2,342.5,62.5,sht20,bh1750,fixed_position_sensor_facing_light,included
2026-09-23T08:35:05+08:00,1700.5,474.9,0.4749,30.9,58.29,1015.09,342.5,62.5,sht20,bh1750,fixed_position_sensor_facing_light,included
2026-09-23T08:40:06+08:00,1706.1,474.8,0.4748,30.78,58.62,1015.11,342.5,62.5,sht20,bh1750,fixed_position_sensor_facing_light,included
2026-09-23T08:45:07+08:00,1704.5,475.0,0.475,30.98,57.6,1015.12,343.3,62.5,sht20,bh1750,fixed_position_sensor_facing_light,included
2026-09-23T08:50:07+08:00,1704.7,474.9,0.4749,30.93,57.24,1015.09,341.7,62.5,sht20,bh1750,fixed_position_sensor_facing_light,included
2026-09-23T08:55:08+08:00,1700.9,474.5,0.4745,30.81,56.26,1015.12,343.3,62.5,sht20,bh1750,fixed_position_sensor_facing_light,included
2026-09-23T09:00:08+08:00,1704.8,474.6,0.4746,30.85,55.95,1015.03,345.0,62.5,sht20,bh1750,fixed_position_sensor_facing_light,included
2026-09-23T09:05:09+08:00,1703.2,475.1,0.4751,31.12,55.33,1014.95,345.0,62.5,sht20,bh1750,fixed_position_sensor_facing_light,included
2026-09-23T09:10:10+08:00,1702.7,474.7,0.4747,31.16,54.85,1015.01,345.0,63.5,sht20,bh1750,fixed_position_sensor_facing_light,included
2026-09-23T09:15:10+08:00,1702.7,474.5,0.4745,31.14,55.06,1015.01,345.0,62.5,sht20,bh1750,fixed_position_sensor_facing_light,included
2026-09-23T09:20:11+08:00,1703.5,473.8,0.4738,31.36,54.13,1014.94,343.3,63.5,sht20,bh1750,fixed_position_sensor_facing_light,included
2026-09-23T09:25:11+08:00,1701.3,474.6,0.4746,31.42,54.23,1015.05,345.0,65.5,sht20,bh1750,fixed_position_sensor_facing_light,included
2026-09-23T09:30:12+08:00,1701.2,474.0,0.474,31.49,53.91,1014.99,345.0,65.5,sht20,bh1750,fixed_position_sensor_facing_light,included
2026-09-23T09:35:12+08:00,1701.7,473.6,0.4736,31.49,53.75,1014.99,339.2,64.5,sht20,bh1750,fixed_position_sensor_facing_light,included
2026-09-23T09:40:13+08:00,1702.6,474.2,0.4742,31.51,53.26,1014.96,345.8,65.5,sht20,bh1750,fixed_position_sensor_facing_light,included
2026-09-23T09:45:14+08:00,1700.6,473.6,0.4736,31.44,53.66,1014.91,345.8,64.5,sht20,bh1750,fixed_position_sensor_facing_light,included
2026-09-23T09:50:14+08:00,1701.1,473.2,0.4732,31.55,53.75,1014.89,345.8,65.5,sht20,bh1750,fixed_position_sensor_facing_light,included
2026-09-23T09:55:15+08:00,1701.2,474.3,0.4743,31.35,54.29,1014.94,345.8,64.5,sht20,bh1750,fixed_position_sensor_facing_light,included
2026-09-23T10:00:15+08:00,1700.0,473.4,0.4734,31.37,54.69,1014.99,345.8,63.5,sht20,bh1750,fixed_position_sensor_facing_light,included
2026-09-23T10:05:16+08:00,1697.9,473.7,0.4737,31.56,53.47,1014.96,345.8,63.5,sht20,bh1750,fixed_position_sensor_facing_light,included
2026-09-23T10:10:16+08:00,1700.4,473.1,0.4731,31.56,53.64,1014.92,345.0,63.5,sht20,bh1750,fixed_position_sensor_facing_light,included
2026-09-23T10:15:17+08:00,1700.8,473.0,0.473,31.65,53.0,1014.97,346.7,65.5,sht20,bh1750,fixed_position_sensor_facing_light,included
2026-09-23T10:20:18+08:00,1703.8,473.3,0.4733,31.67,52.24,1014.86,345.8,64.5,sht20,bh1750,fixed_position_sensor_facing_light,included
2026-09-23T10:25:18+08:00,1698.6,473.6,0.4736,31.73,51.88,1014.84,345.8,65.5,sht20,bh1750,fixed_position_sensor_facing_light,included
2026-09-23T10:30:18+08:00,1699.9,473.9,0.4739,31.76,50.85,1014.84,345.8,66.5,sht20,bh1750,fixed_position_sensor_facing_light,included
2026-09-23T10:35:19+08:00,1697.7,473.5,0.4735,31.79,52.13,1014.93,345.0,64.5,sht20,bh1750,fixed_position_sensor_facing_light,included
2026-09-23T10:40:20+08:00,1696.6,473.0,0.473,31.76,52.56,1014.97,345.0,66.5,sht20,bh1750,fixed_position_sensor_facing_light,included
2026-09-23T10:45:20+08:00,1695.6,472.9,0.4729,31.85,53.07,1014.9,345.0,64.5,sht20,bh1750,fixed_position_sensor_facing_light,included
2026-09-23T10:50:21+08:00,1697.5,472.6,0.4726,31.79,53.2,1014.9,345.0,65.5,sht20,bh1750,fixed_position_sensor_facing_light,included
2026-09-23T10:55:21+08:00,1694.9,473.3,0.4733,31.87,52.79,1014.87,344.2,64.5,sht20,bh1750,fixed_position_sensor_facing_light,included
2026-09-23T11:00:22+08:00,1695.6,472.7,0.4727,31.93,52.65,1014.84,344.2,66.5,sht20,bh1750,fixed_position_sensor_facing_light,included
2026-09-23T11:05:23+08:00,1696.0,473.2,0.4732,31.93,52.67,1014.75,344.2,64.5,sht20,bh1750,fixed_position_sensor_facing_light,included
2026-09-23T11:10:23+08:00,1693.8,473.3,0.4733,31.92,52.38,1014.78,343.3,64.5,sht20,bh1750,fixed_position_sensor_facing_light,included
2026-09-23T11:15:23+08:00,1697.1,472.8,0.4728,31.93,52.38,1014.7,344.2,65.5,sht20,bh1750,fixed_position_sensor_facing_light,included
2026-09-23T11:20:24+08:00,1694.6,472.8,0.4728,31.96,52.62,1014.58,343.3,64.5,sht20,bh1750,fixed_position_sensor_facing_light,included
2026-09-23T11:25:25+08:00,1696.6,472.2,0.4722,32.01,52.03,1014.49,343.3,66.5,sht20,bh1750,fixed_position_sensor_facing_light,included
2026-09-23T11:30:25+08:00,1694.1,472.3,0.4723,32.05,51.03,1014.44,343.3,66.5,sht20,bh1750,fixed_position_sensor_facing_light,included
2026-09-23T11:35:26+08:00,1695.0,472.2,0.4723,32.02,50.3,1014.41,342.5,64.5,sht20,bh1750,fixed_position_sensor_facing_light,included
2026-09-23T11:40:26+08:00,1690.8,472.1,0.4721,32.12,50.04,1014.29,341.7,66.5,sht20,bh1750,fixed_position_sensor_facing_light,included
2026-09-23T11:45:27+08:00,1694.1,472.5,0.4725,32.22,49.56,1014.15,340.8,66.5,sht20,bh1750,fixed_position_sensor_facing_light,included
2026-09-23T11:50:27+08:00,1691.2,471.6,0.4716,32.2,49.73,1014.18,340.0,65.5,sht20,bh1750,fixed_position_sensor_facing_light,included
2026-09-23T11:55:28+08:00,1694.5,472.0,0.472,32.23,49.8,1014.09,340.0,64.5,sht20,bh1750,fixed_position_sensor_facing_light,included
2026-09-23T12:00:29+08:00,1692.6,471.7,0.4717,32.25,49.45,1014.06,340.0,66.5,sht20,bh1750,fixed_position_sensor_facing_light,included
2026-09-23T12:05:29+08:00,1700.3,474.5,0.4745,32.29,49.47,1013.92,407.5,64.5,sht20,bh1750,fixed_position_sensor_facing_light,included
2026-09-23T12:10:29+08:00,1700.2,474.2,0.4742,32.31,49.6,1014.01,400.8,64.5,sht20,bh1750,fixed_position_sensor_facing_light,included
2026-09-23T12:15:30+08:00,1698.7,473.8,0.4738,32.34,49.42,1013.89,400.0,64.5,sht20,bh1750,fixed_position_sensor_facing_light,included
2026-09-23T12:20:31+08:00,1701.5,473.9,0.4739,32.35,49.58,1013.84,399.2,64.5,sht20,bh1750,fixed_position_sensor_facing_light,included
2026-09-23T12:25:31+08:00,1700.3,473.8,0.4738,32.46,49.6,1013.69,405.0,64.5,sht20,bh1750,fixed_position_sensor_facing_light,included
2026-09-23T12:30:32+08:00,1701.0,474.3,0.4743,32.44,49.74,1013.6,404.2,64.5,sht20,bh1750,fixed_position_sensor_facing_light,included
2026-09-23T12:35:33+08:00,1699.3,474.0,0.474,32.43,49.86,1013.55,402.5,66.5,sht20,bh1750,fixed_position_sensor_facing_light,included
2026-09-23T12:40:33+08:00,1699.4,474.3,0.4743,32.46,50.02,1013.47,404.2,65.5,sht20,bh1750,fixed_position_sensor_facing_light,included
2026-09-23T12:45:34+08:00,1694.8,473.8,0.4738,32.38,49.31,1013.5,403.3,66.5,sht20,bh1750,fixed_position_sensor_facing_light,included
2026-09-23T12:50:35+08:00,1700.8,473.8,0.4738,32.4,49.95,1013.47,402.5,65.5,sht20,bh1750,fixed_position_sensor_facing_light,included
2026-09-23T12:55:35+08:00,1700.0,474.0,0.474,32.49,49.57,1013.41,401.7,66.5,sht20,bh1750,fixed_position_sensor_facing_light,included
2026-09-23T13:00:36+08:00,1701.7,473.2,0.4732,32.49,49.32,1013.41,402.5,65.5,sht20,bh1750,fixed_position_sensor_facing_light,included
2026-09-23T13:05:36+08:00,1697.7,473.9,0.4739,32.54,49.16,1013.15,403.3,66.5,sht20,bh1750,fixed_position_sensor_facing_light,included
2026-09-23T13:10:37+08:00,1696.4,472.9,0.4729,32.39,49.69,1013.26,402.5,66.5,sht20,bh1750,fixed_position_sensor_facing_light,included
2026-09-23T13:15:37+08:00,1694.9,472.2,0.4722,32.44,49.91,1013.21,402.5,64.5,sht20,bh1750,fixed_position_sensor_facing_light,included
2026-09-23T13:20:38+08:00,1697.2,473.0,0.473,32.5,50.31,1013.04,400.8,66.5,sht20,bh1750,fixed_position_sensor_facing_light,included
2026-09-23T13:25:39+08:00,1694.9,473.0,0.473,32.5,49.82,1013.24,401.7,64.5,sht20,bh1750,fixed_position_sensor_facing_light,included
2026-09-23T13:30:39+08:00,1691.6,472.6,0.4726,32.38,50.47,1013.17,402.5,66.5,sht20,bh1750,fixed_position_sensor_facing_light,included
2026-09-23T13:35:40+08:00,1693.4,472.1,0.4721,32.66,50.27,1013.12,400.8,64.5,sht20,bh1750,fixed_position_sensor_facing_light,included
2026-09-23T13:40:40+08:00,1694.3,472.0,0.472,32.72,50.24,1013.02,401.7,66.5,sht20,bh1750,fixed_position_sensor_facing_light,included
2026-09-23T13:45:41+08:00,1037.7,290.9,0.2909,32.58,51.64,1012.99,175.8,65.5,sht20,bh1750,fixed_position_sensor_facing_light,included
2026-09-23T13:50:41+08:00,1046.5,293.0,0.293,32.48,51.39,1012.87,175.8,66.5,sht20,bh1750,fixed_position_sensor_facing_light,included
2026-09-23T13:55:42+08:00,1047.0,293.1,0.2931,32.53,50.7,1012.87,175.8,64.5,sht20,bh1750,fixed_position_sensor_facing_light,included
2026-09-23T14:00:42+08:00,1052.1,293.8,0.2938,32.49,51.13,1013.04,176.7,64.5,sht20,bh1750,fixed_position_sensor_facing_light,included
2026-09-23T14:05:43+08:00,1054.5,294.1,0.2941,32.48,51.04,1013.04,175.8,64.5,sht20,bh1750,fixed_position_sensor_facing_light,included
2026-09-23T14:10:44+08:00,1051.3,294.6,0.2946,32.54,51.76,1012.96,175.8,66.5,sht20,bh1750,fixed_position_sensor_facing_light,included
2026-09-23T14:15:44+08:00,1056.5,295.5,0.2955,32.45,52.17,1012.81,175.8,64.5,sht20,bh1750,fixed_position_sensor_facing_light,included
2026-09-23T14:20:45+08:00,858.0,239.9,0.2399,32.41,52.56,1012.63,82.5,64.5,sht20,bh1750,fixed_position_sensor_facing_light,included
2026-09-23T14:25:45+08:00,839.0,234.7,0.2347,32.4,53.0,1012.84,76.7,64.5,sht20,bh1750,fixed_position_sensor_facing_light,included
2026-09-23T14:30:46+08:00,841.3,234.5,0.2345,32.43,52.98,1012.84,79.2,64.5,sht20,bh1750,fixed_position_sensor_facing_light,included
2026-09-23T14:35:47+08:00,226.8,62.9,0.0629,32.4,53.54,1012.89,12.5,66.5,sht20,bh1750,fixed_position_sensor_facing_light,included
2026-09-23T14:40:48+08:00,224.2,62.3,0.0623,32.48,52.91,1012.75,12.5,64.5,sht20,bh1750,fixed_position_sensor_facing_light,included
2026-09-23T14:45:48+08:00,215.5,60.8,0.0608,32.43,53.42,1012.72,12.5,64.5,sht20,bh1750,fixed_position_sensor_facing_light,included
2026-09-23T14:50:48+08:00,834.5,233.3,0.2333,32.47,53.14,1012.81,77.5,66.5,sht20,bh1750,fixed_position_sensor_facing_light,included
2026-09-23T14:55:49+08:00,836.5,233.6,0.2336,32.47,52.69,1012.87,77.5,64.5,sht20,bh1750,fixed_position_sensor_facing_light,included
2026-09-23T15:00:50+08:00,838.8,233.7,0.2337,32.41,52.42,1012.81,75.8,66.5,sht20,bh1750,fixed_position_sensor_facing_light,included
2026-09-23T15:05:50+08:00,841.7,234.1,0.2341,32.22,53.04,1012.8,76.7,66.5,sht20,bh1750,fixed_position_sensor_facing_light,included
2026-09-23T15:10:51+08:00,838.4,233.9,0.2339,32.16,53.04,1012.77,75.8,64.5,sht20,bh1750,fixed_position_sensor_facing_light,included
2026-09-23T15:15:51+08:00,829.8,232.4,0.2324,32.14,53.2,1012.74,75.0,66.5,sht20,bh1750,fixed_position_sensor_facing_light,included
2026-09-23T15:20:52+08:00,832.8,231.5,0.2315,32.15,53.36,1012.89,74.2,64.5,sht20,bh1750,fixed_position_sensor_facing_light,included
2026-09-23T15:25:53+08:00,859.2,240.0,0.24,32.15,53.03,1012.74,80.0,64.5,sht20,bh1750,fixed_position_sensor_facing_light,included
2026-09-23T15:30:53+08:00,860.0,240.2,0.2402,32.09,53.32,1012.94,80.0,66.5,sht20,bh1750,fixed_position_sensor_facing_light,included
2026-09-23T15:35:54+08:00,860.3,240.2,0.2402,32.28,53.36,1012.83,80.0,66.5,sht20,bh1750,fixed_position_sensor_facing_light,included
2026-09-23T15:40:54+08:00,860.8,240.1,0.2401,32.25,53.37,1012.86,80.0,66.5,sht20,bh1750,fixed_position_sensor_facing_light,included
2026-09-23T15:45:55+08:00,860.8,240.3,0.2403,31.72,49.38,1012.9,79.2,64.5,sht20,bh1750,fixed_position_sensor_facing_light,included
2026-09-23T15:50:55+08:00,857.7,239.4,0.2394,31.49,46.61,1012.98,79.2,63.5,sht20,bh1750,fixed_position_sensor_facing_light,included
2026-09-23T15:55:56+08:00,870.3,243.4,0.2434,30.41,46.06,1012.98,80.8,62.5,sht20,bh1750,fixed_position_sensor_facing_light,included
2026-09-23T16:00:57+08:00,875.3,244.6,0.2446,30.35,46.12,1013.2,79.2,62.5,sht20,bh1750,fixed_position_sensor_facing_light,included
2026-09-23T16:05:57+08:00,878.4,244.9,0.2449,30.31,46.5,1013.2,80.8,62.5,sht20,bh1750,fixed_position_sensor_facing_light,included
2026-09-23T16:10:58+08:00,879.0,245.2,0.2452,30.37,47.21,1013.2,80.0,61.5,sht20,bh1750,fixed_position_sensor_facing_light,included
2026-09-23T16:15:59+08:00,875.4,244.7,0.2447,30.63,47.06,1013.21,80.0,61.5,sht20,bh1750,fixed_position_sensor_facing_light,included
2026-09-23T16:21:00+08:00,880.3,245.7,0.2457,30.52,46.88,1013.35,79.2,61.5,sht20,bh1750,fixed_position_sensor_facing_light,included
2026-09-23T16:26:01+08:00,879.9,245.5,0.2455,30.7,46.12,1013.42,80.8,63.5,sht20,bh1750,fixed_position_sensor_facing_light,included
2026-09-23T16:31:02+08:00,879.4,245.7,0.2457,30.52,45.82,1013.35,80.0,63.5,sht20,bh1750,fixed_position_sensor_facing_light,included
2026-09-23T16:36:02+08:00,881.9,246.2,0.2462,30.56,45.7,1013.38,79.2,62.5,sht20,bh1750,fixed_position_sensor_facing_light,included
2026-09-23T16:41:03+08:00,883.0,246.1,0.2461,30.21,45.76,1013.4,80.0,63.5,sht20,bh1750,fixed_position_sensor_facing_light,included
2026-09-23T16:46:03+08:00,886.1,246.5,0.2465,30.21,44.93,1013.49,80.0,62.5,sht20,bh1750,fixed_position_sensor_facing_light,included
2026-09-23T16:51:04+08:00,880.1,247.6,0.2476,30.17,44.55,1013.46,80.0,63.5,sht20,bh1750,fixed_position_sensor_facing_light,included
2026-09-23T16:56:04+08:00,885.3,247.4,0.2474,30.13,44.87,1013.68,80.0,62.5,sht20,bh1750,fixed_position_sensor_facing_light,included
2026-09-23T17:01:05+08:00,886.4,248.2,0.2482,30.23,44.96,1013.68,79.2,61.5,sht20,bh1750,fixed_position_sensor_facing_light,included
2026-09-23T17:06:06+08:00,886.4,247.6,0.2476,30.31,44.49,1013.6,79.2,61.5,sht20,bh1750,fixed_position_sensor_facing_light,included
2026-09-23T17:11:06+08:00,887.8,247.9,0.2479,30.25,44.67,1013.66,80.0,61.5,sht20,bh1750,fixed_position_sensor_facing_light,included
2026-09-23T17:16:07+08:00,889.4,247.5,0.2475,29.94,44.83,1013.65,79.2,62.5,sht20,bh1750,fixed_position_sensor_facing_light,included
2026-09-23T17:21:08+08:00,889.3,248.5,0.2485,29.87,44.27,1013.73,80.0,63.5,sht20,bh1750,fixed_position_sensor_facing_light,included
2026-09-23T17:26:09+08:00,893.3,248.3,0.2482,29.51,45.09,1013.84,79.2,62.5,sht20,bh1750,fixed_position_sensor_facing_light,included
2026-09-23T17:31:09+08:00,885.2,247.3,0.2473,29.32,45.27,1013.86,78.3,62.5,sht20,bh1750,fixed_position_sensor_facing_light,included
2026-09-23T17:36:10+08:00,896.4,250.3,0.2503,29.27,45.96,1013.83,80.0,60.5,sht20,bh1750,fixed_position_sensor_facing_light,included
2026-09-23T17:41:10+08:00,897.7,250.1,0.2501,29.17,46.23,1013.97,80.0,59.5,sht20,bh1750,fixed_position_sensor_facing_light,included
2026-09-23T17:46:11+08:00,894.2,249.6,0.2496,29.2,45.86,1013.97,74.2,59.5,sht20,bh1750,fixed_position_sensor_facing_light,included
2026-09-23T17:51:11+08:00,898.2,250.7,0.2507,29.87,45.59,1013.96,80.0,60.5,sht20,bh1750,fixed_position_sensor_facing_light,included
2026-09-23T17:56:12+08:00,896.8,250.5,0.2505,29.76,44.8,1014.13,80.0,61.5,sht20,bh1750,fixed_position_sensor_facing_light,included
2026-09-23T18:01:12+08:00,896.5,251.0,0.251,29.81,44.51,1014.02,79.2,61.5,sht20,bh1750,fixed_position_sensor_facing_light,included
2026-09-23T18:06:13+08:00,894.4,249.5,0.2495,30.07,44.34,1014.2,79.2,61.5,sht20,bh1750,fixed_position_sensor_facing_light,included
2026-09-23T18:11:13+08:00,894.4,250.4,0.2504,30.08,43.76,1014.26,79.2,61.5,sht20,bh1750,fixed_position_sensor_facing_light,included
2026-09-23T18:16:14+08:00,894.8,249.7,0.2497,29.98,43.24,1014.2,79.2,61.5,sht20,bh1750,fixed_position_sensor_facing_light,included
2026-09-23T18:21:15+08:00,893.1,248.9,0.2489,30.36,43.26,1014.15,77.5,63.5,sht20,bh1750,fixed_position_sensor_facing_light,included
2026-09-23T18:26:15+08:00,895.1,250.5,0.2505,29.66,43.96,1014.31,79.2,63.5,sht20,bh1750,fixed_position_sensor_facing_light,included
2026-09-23T18:31:15+08:00,896.5,250.3,0.2503,29.16,45.17,1014.29,79.2,60.5,sht20,bh1750,fixed_position_sensor_facing_light,included
2026-09-23T18:36:16+08:00,896.4,250.8,0.2508,29.59,45.68,1014.1,79.2,62.5,sht20,bh1750,fixed_position_sensor_facing_light,included
2026-09-23T18:41:17+08:00,897.4,251.0,0.251,29.73,46.34,1014.25,79.2,63.5,sht20,bh1750,fixed_position_sensor_facing_light,included
2026-09-23T18:46:17+08:00,899.8,250.9,0.2509,29.62,46.39,1014.33,79.2,63.5,sht20,bh1750,fixed_position_sensor_facing_light,included
2026-09-23T18:51:18+08:00,899.8,252.0,0.252,29.76,45.25,1014.31,80.0,63.5,sht20,bh1750,fixed_position_sensor_facing_light,included
2026-09-23T18:56:19+08:00,902.5,251.0,0.251,29.31,45.07,1014.52,79.2,62.5,sht20,bh1750,fixed_position_sensor_facing_light,included
2026-09-23T19:01:19+08:00,902.7,251.7,0.2517,28.98,45.79,1014.54,80.0,62.5,sht20,bh1750,fixed_position_sensor_facing_light,included
2026-09-23T19:06:20+08:00,901.4,252.0,0.252,29.11,44.93,1014.75,78.3,60.5,sht20,bh1750,fixed_position_sensor_facing_light,included
2026-09-23T19:11:20+08:00,903.1,251.6,0.2516,28.95,45.54,1014.69,78.3,59.5,sht20,bh1750,fixed_position_sensor_facing_light,included
2026-09-23T19:16:21+08:00,900.5,252.1,0.2521,28.79,46.25,1014.65,78.3,60.5,sht20,bh1750,fixed_position_sensor_facing_light,included
2026-09-23T19:21:21+08:00,904.1,251.9,0.2519,29.58,44.37,1014.59,78.3,62.5,sht20,bh1750,fixed_position_sensor_facing_light,included
2026-09-23T19:26:22+08:00,899.3,251.2,0.2512,29.89,43.74,1014.69,79.2,63.5,sht20,bh1750,fixed_position_sensor_facing_light,included
2026-09-23T19:31:23+08:00,895.0,250.4,0.2504,29.8,43.42,1014.83,75.8,63.5,sht20,bh1750,fixed_position_sensor_facing_light,included
2026-09-23T19:36:23+08:00,898.9,251.2,0.2512,29.79,43.39,1015.0,80.0,62.5,sht20,bh1750,fixed_position_sensor_facing_light,included
2026-09-23T19:41:24+08:00,901.0,251.0,0.251,29.78,43.41,1014.92,79.2,61.5,sht20,bh1750,fixed_position_sensor_facing_light,included
2026-09-23T19:46:25+08:00,900.6,251.4,0.2514,29.82,43.35,1015.02,79.2,61.5,sht20,bh1750,fixed_position_sensor_facing_light,included
2026-09-23T19:51:25+08:00,899.9,251.5,0.2515,29.88,42.86,1015.11,79.2,62.5,sht20,bh1750,fixed_position_sensor_facing_light,included
2026-09-23T19:56:26+08:00,897.0,251.0,0.251,30.11,43.36,1015.3,79.2,63.5,sht20,bh1750,fixed_position_sensor_facing_light,included
2026-09-23T20:01:27+08:00,897.7,251.1,0.2511,30.11,43.08,1015.27,80.0,62.5,sht20,bh1750,fixed_position_sensor_facing_light,included
2026-09-23T20:06:27+08:00,895.2,250.2,0.2502,30.22,43.35,1015.36,79.2,62.5,sht20,bh1750,fixed_position_sensor_facing_light,included
2026-09-23T20:11:28+08:00,894.6,249.5,0.2495,29.66,44.3,1015.16,78.3,63.5,sht20,bh1750,fixed_position_sensor_facing_light,included
2026-09-23T20:16:28+08:00,897.2,250.9,0.2509,29.65,44.12,1015.31,78.3,63.5,sht20,bh1750,fixed_position_sensor_facing_light,included
2026-09-23T20:21:29+08:00,901.5,251.3,0.2513,29.83,43.8,1015.29,80.0,63.5,sht20,bh1750,fixed_position_sensor_facing_light,included
2026-09-23T20:26:30+08:00,898.2,251.0,0.251,29.58,43.41,1015.36,79.2,63.5,sht20,bh1750,fixed_position_sensor_facing_light,included
2026-09-23T20:31:30+08:00,900.7,251.3,0.2513,29.59,43.31,1015.34,79.2,63.5,sht20,bh1750,fixed_position_sensor_facing_light,included
2026-09-23T20:36:31+08:00,893.0,249.0,0.249,29.93,42.6,1015.43,77.5,63.5,sht20,bh1750,fixed_position_sensor_facing_light,included
2026-09-23T20:41:32+08:00,900.3,251.8,0.2518,29.79,42.5,1015.49,79.2,64.5,sht20,bh1750,fixed_position_sensor_facing_light,included
2026-09-23T20:46:32+08:00,902.0,251.2,0.2512,29.98,42.29,1015.58,79.2,62.5,sht20,bh1750,fixed_position_sensor_facing_light,included
2026-09-23T20:51:32+08:00,899.7,251.1,0.2511,29.79,42.32,1015.66,80.0,61.5,sht20,bh1750,fixed_position_sensor_facing_light,included
2026-09-23T20:56:33+08:00,902.2,251.7,0.2517,29.47,41.84,1015.68,80.0,60.5,sht20,bh1750,fixed_position_sensor_facing_light,included
2026-09-23T21:01:34+08:00,901.0,251.9,0.2519,29.48,43.48,1015.65,80.0,62.5,sht20,bh1750,fixed_position_sensor_facing_light,included
2026-09-23T21:06:34+08:00,892.4,248.6,0.2486,29.52,42.99,1015.74,75.0,61.5,sht20,bh1750,fixed_position_sensor_facing_light,included
2026-09-23T21:11:35+08:00,903.0,251.7,0.2517,29.87,43.25,1015.64,80.0,62.5,sht20,bh1750,fixed_position_sensor_facing_light,included
2026-09-23T21:16:35+08:00,898.2,251.5,0.2515,29.79,44.4,1015.55,79.2,61.5,sht20,bh1750,fixed_position_sensor_facing_light,included
2026-09-23T21:21:36+08:00,904.1,251.3,0.2513,29.82,43.36,1015.81,79.2,61.5,sht20,bh1750,fixed_position_sensor_facing_light,included
2026-09-23T21:26:37+08:00,901.8,252.3,0.2522,29.78,42.8,1015.84,80.0,61.5,sht20,bh1750,fixed_position_sensor_facing_light,included
2026-09-23T21:31:37+08:00,899.8,250.9,0.2509,29.68,42.83,1015.77,78.3,61.5,sht20,bh1750,fixed_position_sensor_facing_light,included
2026-09-23T21:36:38+08:00,897.6,250.4,0.2504,29.56,42.76,1015.74,79.2,61.5,sht20,bh1750,fixed_position_sensor_facing_light,included
2026-09-23T21:41:38+08:00,905.6,251.8,0.2518,29.53,42.32,1015.74,80.0,62.5,sht20,bh1750,fixed_position_sensor_facing_light,included
2026-09-23T21:46:39+08:00,905.3,252.2,0.2522,29.31,42.4,1015.62,80.8,60.5,sht20,bh1750,fixed_position_sensor_facing_light,included
2026-09-23T21:51:39+08:00,904.5,252.9,0.2529,28.97,42.79,1015.78,80.0,59.5,sht20,bh1750,fixed_position_sensor_facing_light,included
2026-09-23T21:56:40+08:00,905.9,252.9,0.2529,28.91,42.83,1015.66,80.0,59.5,sht20,bh1750,fixed_position_sensor_facing_light,included
2026-09-23T22:01:40+08:00,909.6,254.3,0.2543,28.54,43.71,1015.82,80.0,59.5,sht20,bh1750,fixed_position_sensor_facing_light,included
2026-09-23T22:06:41+08:00,911.2,254.3,0.2543,28.91,43.65,1015.69,80.0,60.5,sht20,bh1750,fixed_position_sensor_facing_light,included
2026-09-23T22:11:42+08:00,910.4,254.3,0.2542,29.12,43.39,1015.61,80.0,60.5,sht20,bh1750,fixed_position_sensor_facing_light,included
2026-09-23T22:16:43+08:00,909.6,253.8,0.2538,28.93,43.09,1015.6,80.0,59.5,sht20,bh1750,fixed_position_sensor_facing_light,included
2026-09-23T22:21:43+08:00,909.6,253.9,0.2539,29.49,42.07,1015.59,79.2,60.5,sht20,bh1750,fixed_position_sensor_facing_light,included
2026-09-23T22:26:44+08:00,909.2,254.2,0.2542,29.68,42.84,1015.54,80.0,61.5,sht20,bh1750,fixed_position_sensor_facing_light,included
2026-09-23T22:31:44+08:00,907.0,253.1,0.2531,29.72,42.84,1015.72,79.2,61.5,sht20,bh1750,fixed_position_sensor_facing_light,included
2026-09-23T22:36:45+08:00,878.6,245.6,0.2456,30.03,42.29,1015.7,74.2,61.5,sht20,bh1750,fixed_position_sensor_facing_light,included
2026-09-23T22:41:46+08:00,877.9,245.3,0.2453,30.26,42.31,1015.76,73.3,63.5,sht20,bh1750,fixed_position_sensor_facing_light,included
2026-09-23T22:46:46+08:00,878.4,245.5,0.2455,30.39,42.54,1015.54,73.3,64.5,sht20,bh1750,fixed_position_sensor_facing_light,included
2026-09-23T22:51:47+08:00,876.8,244.2,0.2442,30.5,42.74,1015.6,73.3,63.5,sht20,bh1750,fixed_position_sensor_facing_light,included
2026-09-23T22:56:47+08:00,874.7,244.3,0.2443,30.56,43.16,1015.48,74.2,62.5,sht20,bh1750,fixed_position_sensor_facing_light,included
2026-09-23T23:01:48+08:00,873.7,243.6,0.2436,30.57,43.6,1015.49,74.2,62.5,sht20,bh1750,fixed_position_sensor_facing_light,included
2026-09-23T23:06:48+08:00,873.6,243.8,0.2438,30.66,43.92,1015.55,74.2,64.5,sht20,bh1750,fixed_position_sensor_facing_light,included
2026-09-23T23:11:49+08:00,870.1,243.2,0.2432,30.69,44.26,1015.52,73.3,65.5,sht20,bh1750,fixed_position_sensor_facing_light,included
2026-09-23T23:16:50+08:00,869.7,243.3,0.2433,30.76,44.61,1015.46,75.0,63.5,sht20,bh1750,fixed_position_sensor_facing_light,included
2026-09-23T23:21:50+08:00,867.0,242.6,0.2426,30.78,45.11,1015.58,73.3,62.5,sht20,bh1750,fixed_position_sensor_facing_light,included
2026-09-23T23:26:51+08:00,868.5,241.4,0.2414,30.82,45.4,1015.41,74.2,62.5,sht20,bh1750,fixed_position_sensor_facing_light,included
2026-09-23T23:31:51+08:00,866.2,242.5,0.2425,30.81,45.87,1015.29,75.0,62.5,sht20,bh1750,fixed_position_sensor_facing_light,included
2026-09-23T23:36:52+08:00,864.4,241.7,0.2417,30.95,45.97,1015.29,74.2,62.5,sht20,bh1750,fixed_position_sensor_facing_light,included
2026-09-23T23:41:52+08:00,866.2,242.2,0.2422,30.91,46.28,1015.32,74.2,62.5,sht20,bh1750,fixed_position_sensor_facing_light,included
2026-09-23T23:46:53+08:00,865.9,241.2,0.2412,30.91,46.6,1015.29,74.2,62.5,sht20,bh1750,fixed_position_sensor_facing_light,included
2026-09-23T23:51:53+08:00,864.8,240.7,0.2407,30.97,46.89,1015.24,73.3,63.5,sht20,bh1750,fixed_position_sensor_facing_light,included
2026-09-23T23:56:54+08:00,863.3,240.6,0.2406,30.96,47.12,1015.35,73.3,62.5,sht20,bh1750,fixed_position_sensor_facing_light,included
2026-09-24T00:01:55+08:00,863.4,241.8,0.2418,30.98,47.44,1015.38,74.2,63.5,sht20,bh1750,fixed_position_sensor_facing_light,included
2026-09-24T00:06:55+08:00,862.9,240.5,0.2405,31.04,47.58,1015.38,74.2,65.5,sht20,bh1750,fixed_position_sensor_facing_light,included
2026-09-24T00:11:56+08:00,863.1,241.0,0.241,31.08,47.79,1015.27,74.2,65.5,sht20,bh1750,fixed_position_sensor_facing_light,included
2026-09-24T00:16:56+08:00,862.5,240.4,0.2404,31.02,47.92,1015.3,73.3,63.5,sht20,bh1750,fixed_position_sensor_facing_light,included
2026-09-24T00:21:57+08:00,862.9,240.5,0.2405,31.05,47.99,1015.27,73.3,63.5,sht20,bh1750,fixed_position_sensor_facing_light,included
2026-09-24T00:26:58+08:00,861.0,240.3,0.2403,31.09,48.36,1015.15,73.3,63.5,sht20,bh1750,fixed_position_sensor_facing_light,included
2026-09-24T00:31:59+08:00,860.6,240.6,0.2406,31.1,48.22,1015.12,73.3,65.5,sht20,bh1750,fixed_position_sensor_facing_light,included
2026-09-24T00:36:59+08:00,857.8,240.0,0.24,31.11,48.34,1015.01,73.3,63.5,sht20,bh1750,fixed_position_sensor_facing_light,included
2026-09-24T00:42:00+08:00,858.1,239.8,0.2398,31.09,48.59,1014.98,73.3,63.5,sht20,bh1750,fixed_position_sensor_facing_light,included
2026-09-24T00:47:00+08:00,858.3,239.8,0.2398,31.14,48.92,1014.93,74.2,65.5,sht20,bh1750,fixed_position_sensor_facing_light,included
2026-09-24T00:52:01+08:00,858.8,239.2,0.2392,31.14,49.22,1014.9,74.2,63.5,sht20,bh1750,fixed_position_sensor_facing_light,included
2026-09-24T00:57:02+08:00,858.2,239.5,0.2395,31.16,49.18,1014.87,74.2,63.5,sht20,bh1750,fixed_position_sensor_facing_light,included
2026-09-24T01:02:03+08:00,860.0,240.0,0.24,31.2,49.42,1014.76,73.3,65.5,sht20,bh1750,fixed_position_sensor_facing_light,included
2026-09-24T01:07:03+08:00,858.5,239.4,0.2394,31.18,49.27,1014.82,74.2,63.5,sht20,bh1750,fixed_position_sensor_facing_light,included
2026-09-24T01:12:04+08:00,856.9,239.0,0.239,31.19,49.37,1014.73,73.3,63.5,sht20,bh1750,fixed_position_sensor_facing_light,included
2026-09-24T01:17:04+08:00,859.7,239.6,0.2396,31.19,49.56,1014.64,73.3,63.5,sht20,bh1750,fixed_position_sensor_facing_light,included
2026-09-24T01:22:05+08:00,857.9,239.2,0.2392,31.25,49.44,1014.64,74.2,65.5,sht20,bh1750,fixed_position_sensor_facing_light,included
2026-09-24T01:27:06+08:00,855.2,239.0,0.239,31.27,49.56,1014.59,74.2,63.5,sht20,bh1750,fixed_position_sensor_facing_light,included
2026-09-24T01:32:06+08:00,856.2,238.8,0.2388,31.26,49.59,1014.41,73.3,63.5,sht20,bh1750,fixed_position_sensor_facing_light,included
2026-09-24T01:37:07+08:00,856.2,238.8,0.2388,31.23,49.8,1014.44,74.2,63.5,sht20,bh1750,fixed_position_sensor_facing_light,included
2026-09-24T01:42:07+08:00,856.8,239.0,0.239,31.24,49.96,1014.38,73.3,63.5,sht20,bh1750,fixed_position_sensor_facing_light,included
2026-09-24T01:47:08+08:00,855.7,239.1,0.2391,31.25,49.84,1014.38,73.3,62.5,sht20,bh1750,fixed_position_sensor_facing_light,included
2026-09-24T01:52:08+08:00,855.4,238.1,0.2381,31.25,50.02,1014.3,74.2,63.5,sht20,bh1750,fixed_position_sensor_facing_light,included
2026-09-24T01:57:09+08:00,854.6,239.0,0.239,31.24,50.14,1014.32,74.2,65.5,sht20,bh1750,fixed_position_sensor_facing_light,included
2026-09-24T02:02:09+08:00,854.7,238.7,0.2387,31.3,50.02,1014.15,73.3,63.5,sht20,bh1750,fixed_position_sensor_facing_light,included
2026-09-24T02:07:10+08:00,853.9,239.1,0.2391,31.25,50.4,1014.21,73.3,63.5,sht20,bh1750,fixed_position_sensor_facing_light,included
2026-09-24T02:12:11+08:00,853.9,238.4,0.2384,31.25,50.02,1014.12,73.3,63.5,sht20,bh1750,fixed_position_sensor_facing_light,included
2026-09-24T02:17:11+08:00,853.0,238.4,0.2384,31.26,50.02,1014.12,74.2,63.5,sht20,bh1750,fixed_position_sensor_facing_light,included
2026-09-24T02:22:12+08:00,853.8,237.8,0.2378,31.34,50.27,1014.15,74.2,65.5,sht20,bh1750,fixed_position_sensor_facing_light,included
2026-09-24T02:27:12+08:00,853.5,238.3,0.2383,31.29,50.21,1014.06,73.3,66.5,sht20,bh1750,fixed_position_sensor_facing_light,included
2026-09-24T02:32:13+08:00,854.8,238.4,0.2384,31.31,50.19,1014.15,73.3,64.5,sht20,bh1750,fixed_position_sensor_facing_light,included
2026-09-24T02:37:14+08:00,854.4,238.1,0.2381,31.3,50.26,1014.09,74.2,63.5,sht20,bh1750,fixed_position_sensor_facing_light,included
2026-09-24T02:42:14+08:00,853.5,238.2,0.2382,31.33,50.53,1013.95,74.2,65.5,sht20,bh1750,fixed_position_sensor_facing_light,included
2026-09-24T02:47:15+08:00,854.6,238.8,0.2388,31.27,50.86,1013.89,74.2,63.5,sht20,bh1750,fixed_position_sensor_facing_light,included
2026-09-24T02:52:16+08:00,854.0,238.3,0.2383,31.3,50.56,1013.8,73.3,65.5,sht20,bh1750,fixed_position_sensor_facing_light,included
2026-09-24T02:57:17+08:00,854.6,237.7,0.2377,31.33,50.39,1013.83,73.3,63.5,sht20,bh1750,fixed_position_sensor_facing_light,included
2026-09-24T03:02:17+08:00,852.4,238.1,0.2381,31.35,50.43,1013.92,73.3,63.5,sht20,bh1750,fixed_position_sensor_facing_light,included
2026-09-24T03:07:18+08:00,209.9,57.8,0.0578,31.3,51.12,1013.8,10.0,63.5,sht20,bh1750,fixed_position_sensor_facing_light,included
2026-09-24T03:12:18+08:00,205.2,56.8,0.0568,30.82,47.76,1013.85,10.0,62.5,sht20,bh1750,fixed_position_sensor_facing_light,included
2026-09-24T03:17:19+08:00,207.8,57.2,0.0573,30.69,45.41,1013.9,10.0,62.5,sht20,bh1750,fixed_position_sensor_facing_light,included
2026-09-24T03:22:19+08:00,210.0,57.8,0.0578,30.63,44.06,1013.84,10.0,64.5,sht20,bh1750,fixed_position_sensor_facing_light,included
2026-09-24T03:27:20+08:00,209.8,58.4,0.0584,30.46,43.04,1013.84,10.0,62.5,sht20,bh1750,fixed_position_sensor_facing_light,included
2026-09-24T03:32:21+08:00,212.8,58.5,0.0585,30.39,41.82,1013.83,10.0,62.5,sht20,bh1750,fixed_position_sensor_facing_light,included
2026-09-24T03:37:21+08:00,214.3,59.3,0.0593,30.25,40.95,1013.74,10.0,62.5,sht20,bh1750,fixed_position_sensor_facing_light,included
2026-09-24T03:42:22+08:00,214.1,59.6,0.0596,30.12,40.52,1013.86,10.0,62.5,sht20,bh1750,fixed_position_sensor_facing_light,included
2026-09-24T03:47:22+08:00,215.7,59.8,0.0598,29.83,39.11,1013.79,10.0,63.5,sht20,bh1750,fixed_position_sensor_facing_light,included
2026-09-24T03:52:23+08:00,221.1,61.2,0.0612,28.89,40.65,1013.76,10.0,62.5,sht20,bh1750,fixed_position_sensor_facing_light,included
2026-09-24T03:57:24+08:00,224.5,62.7,0.0627,28.67,41.06,1013.9,10.0,62.5,sht20,bh1750,fixed_position_sensor_facing_light,included
2026-09-24T04:02:24+08:00,228.9,62.5,0.0625,28.47,40.32,1013.92,10.0,62.5,sht20,bh1750,fixed_position_sensor_facing_light,included
2026-09-24T04:07:25+08:00,230.2,63.6,0.0636,28.37,40.09,1013.95,10.0,59.5,sht20,bh1750,fixed_position_sensor_facing_light,included
2026-09-24T04:12:25+08:00,230.8,64.6,0.0646,28.24,39.99,1013.97,10.0,59.5,sht20,bh1750,fixed_position_sensor_facing_light,included
2026-09-24T04:17:26+08:00,232.8,64.7,0.0647,28.14,39.85,1013.94,10.0,58.5,sht20,bh1750,fixed_position_sensor_facing_light,included
2026-09-24T04:22:26+08:00,234.1,65.1,0.0651,28.08,39.46,1014.02,10.0,58.5,sht20,bh1750,fixed_position_sensor_facing_light,included
2026-09-24T04:27:27+08:00,236.4,65.5,0.0655,27.99,39.26,1014.02,10.0,58.5,sht20,bh1750,fixed_position_sensor_facing_light,included
2026-09-24T04:32:27+08:00,238.8,66.3,0.0663,27.8,39.68,1014.1,10.0,60.5,sht20,bh1750,fixed_position_sensor_facing_light,included
2026-09-24T04:37:28+08:00,240.4,66.9,0.0669,27.89,39.28,1014.14,10.0,60.5,sht20,bh1750,fixed_position_sensor_facing_light,included
2026-09-24T04:42:29+08:00,241.5,67.0,0.067,27.79,39.47,1014.28,10.0,60.5,sht20,bh1750,fixed_position_sensor_facing_light,included
2026-09-24T04:47:30+08:00,242.2,67.1,0.0671,27.78,39.25,1014.3,10.0,60.5,sht20,bh1750,fixed_position_sensor_facing_light,included
2026-09-24T04:52:30+08:00,243.2,67.1,0.0671,27.7,39.88,1014.19,10.0,60.5,sht20,bh1750,fixed_position_sensor_facing_light,included
2026-09-24T04:57:31+08:00,243.2,67.5,0.0675,27.73,41.05,1014.25,10.0,59.5,sht20,bh1750,fixed_position_sensor_facing_light,included
2026-09-24T05:02:31+08:00,241.7,67.1,0.0671,28.0,46.53,1014.28,10.0,60.5,sht20,bh1750,fixed_position_sensor_facing_light,included
2026-09-24T05:07:32+08:00,241.0,67.4,0.0674,28.21,48.86,1014.23,10.0,61.5,sht20,bh1750,fixed_position_sensor_facing_light,included
2026-09-24T05:12:32+08:00,242.4,66.4,0.0664,28.28,51.11,1014.32,10.0,61.5,sht20,bh1750,fixed_position_sensor_facing_light,included
2026-09-24T05:17:33+08:00,238.6,66.4,0.0664,28.54,52.1,1014.36,10.0,61.5,sht20,bh1750,fixed_position_sensor_facing_light,included
2026-09-24T05:22:33+08:00,240.9,66.0,0.066,28.64,51.75,1014.36,10.0,59.5,sht20,bh1750,fixed_position_sensor_facing_light,included
2026-09-24T05:27:34+08:00,240.7,66.2,0.0662,28.27,47.98,1014.38,10.0,59.5,sht20,bh1750,fixed_position_sensor_facing_light,included
2026-09-24T05:32:34+08:00,241.3,66.9,0.0669,28.09,45.89,1014.66,10.0,60.5,sht20,bh1750,fixed_position_sensor_facing_light,included
2026-09-24T05:37:35+08:00,244.7,67.2,0.0672,27.94,45.06,1014.48,10.0,60.5,sht20,bh1750,fixed_position_sensor_facing_light,included
2026-09-24T05:42:36+08:00,242.6,67.0,0.067,27.85,44.38,1014.54,10.0,59.5,sht20,bh1750,fixed_position_sensor_facing_light,included
2026-09-24T05:47:36+08:00,244.3,68.3,0.0683,27.78,43.68,1014.45,10.0,60.5,sht20,bh1750,fixed_position_sensor_facing_light,included
2026-09-24T05:52:37+08:00,245.1,68.2,0.0682,27.78,43.0,1014.48,10.0,59.5,sht20,bh1750,fixed_position_sensor_facing_light,included
2026-09-24T05:57:38+08:00,248.2,69.3,0.0693,27.71,42.62,1014.56,10.0,58.5,sht20,bh1750,fixed_position_sensor_facing_light,included
2026-09-24T06:02:38+08:00,248.8,69.0,0.069,27.69,41.74,1014.68,10.0,58.5,sht20,bh1750,fixed_position_sensor_facing_light,included
2026-09-24T06:07:38+08:00,250.4,70.5,0.0705,27.67,43.55,1014.68,10.0,59.5,sht20,bh1750,fixed_position_sensor_facing_light,included
2026-09-24T06:12:39+08:00,250.9,69.9,0.0699,27.89,49.07,1014.71,10.0,59.5,sht20,bh1750,fixed_position_sensor_facing_light,included
2026-09-24T06:17:40+08:00,249.9,69.2,0.0692,28.04,50.95,1014.72,10.0,58.5,sht20,bh1750,fixed_position_sensor_facing_light,included
2026-09-24T06:22:40+08:00,249.3,69.5,0.0695,28.29,52.49,1014.78,10.0,58.5,sht20,bh1750,fixed_position_sensor_facing_light,included
2026-09-24T06:27:41+08:00,250.0,69.1,0.0691,28.43,53.94,1014.87,10.0,59.5,sht20,bh1750,fixed_position_sensor_facing_light,included
2026-09-24T06:32:41+08:00,250.6,69.7,0.0697,28.57,54.64,1014.88,10.0,59.5,sht20,bh1750,fixed_position_sensor_facing_light,included
2026-09-24T06:37:42+08:00,250.5,69.6,0.0696,28.37,49.95,1014.95,10.0,59.5,sht20,bh1750,fixed_position_sensor_facing_light,included
2026-09-24T06:42:43+08:00,249.4,70.4,0.0704,28.11,48.54,1014.97,10.0,59.5,sht20,bh1750,fixed_position_sensor_facing_light,included
2026-09-24T06:47:43+08:00,252.2,70.3,0.0703,27.93,46.73,1015.08,10.0,60.5,sht20,bh1750,fixed_position_sensor_facing_light,included
2026-09-24T06:52:44+08:00,256.1,71.0,0.071,27.8,45.67,1015.05,10.0,60.5,sht20,bh1750,fixed_position_sensor_facing_light,included
2026-09-24T06:57:44+08:00,258.6,71.1,0.0711,27.69,44.9,1015.04,10.0,59.5,sht20,bh1750,fixed_position_sensor_facing_light,included
2026-09-24T07:02:45+08:00,263.7,73.0,0.073,27.65,43.85,1015.07,10.0,60.5,sht20,bh1750,fixed_position_sensor_facing_light,included
2026-09-24T07:07:45+08:00,269.1,75.1,0.0751,27.67,43.33,1015.3,10.8,60.5,sht20,bh1750,fixed_position_sensor_facing_light,included
2026-09-24T07:12:46+08:00,277.5,77.3,0.0773,27.78,47.96,1015.42,10.8,61.5,sht20,bh1750,fixed_position_sensor_facing_light,included
2026-09-24T07:17:46+08:00,284.9,79.6,0.0796,28.02,50.43,1015.4,10.8,61.5,sht20,bh1750,fixed_position_sensor_facing_light,included
2026-09-24T07:22:47+08:00,294.3,81.7,0.0817,28.19,52.82,1015.52,11.7,59.5,sht20,bh1750,fixed_position_sensor_facing_light,included
2026-09-24T07:27:48+08:00,298.5,82.8,0.0828,28.27,54.37,1015.47,11.7,61.5,sht20,bh1750,fixed_position_sensor_facing_light,included
2026-09-24T07:32:49+08:00,302.9,84.0,0.084,28.46,55.25,1015.59,11.7,59.5,sht20,bh1750,fixed_position_sensor_facing_light,included
2026-09-24T07:37:50+08:00,302.8,84.8,0.0847,28.61,55.84,1015.54,11.7,61.5,sht20,bh1750,fixed_position_sensor_facing_light,included
2026-09-24T07:42:51+08:00,296.3,82.6,0.0826,28.43,50.3,1015.53,11.7,60.5,sht20,bh1750,fixed_position_sensor_facing_light,included
2026-09-24T07:47:51+08:00,319.7,88.5,0.0885,28.06,49.09,1015.66,12.5,61.5,sht20,bh1750,fixed_position_sensor_facing_light,included
2026-09-24T07:52:52+08:00,311.2,86.4,0.0864,27.89,47.57,1015.68,12.5,61.5,sht20,bh1750,fixed_position_sensor_facing_light,included
2026-09-24T07:57:52+08:00,334.1,93.0,0.093,27.76,46.87,1015.59,13.3,61.5,sht20,bh1750,fixed_position_sensor_facing_light,included
2026-09-24T08:02:53+08:00,343.9,94.7,0.0947,27.78,45.68,1015.57,13.3,61.5,sht20,bh1750,fixed_position_sensor_facing_light,included
2026-09-24T08:07:54+08:00,349.6,97.6,0.0976,27.67,45.64,1015.59,14.2,60.5,sht20,bh1750,fixed_position_sensor_facing_light,included
2026-09-24T08:12:54+08:00,358.3,100.1,0.1001,27.61,45.07,1015.53,14.2,59.5,sht20,bh1750,fixed_position_sensor_facing_light,included
2026-09-24T08:17:55+08:00,368.7,102.6,0.1026,27.6,44.52,1015.59,14.2,58.5,sht20,bh1750,fixed_position_sensor_facing_light,included
2026-09-24T08:22:56+08:00,375.6,104.6,0.1046,27.54,44.16,1015.59,15.0,60.5,sht20,bh1750,fixed_position_sensor_facing_light,included
2026-09-24T08:27:57+08:00,383.9,106.6,0.1066,27.56,43.67,1015.62,15.0,59.5,sht20,bh1750,fixed_position_sensor_facing_light,included
2026-09-24T08:32:57+08:00,390.9,109.2,0.1092,27.52,43.66,1015.61,15.0,58.5,sht20,bh1750,fixed_position_sensor_facing_light,included
2026-09-24T08:37:58+08:00,405.2,113.0,0.113,27.49,43.61,1015.64,15.8,58.5,sht20,bh1750,fixed_position_sensor_facing_light,included
2026-09-24T08:42:59+08:00,417.5,116.1,0.1161,27.81,48.82,1015.57,16.7,58.5,sht20,bh1750,fixed_position_sensor_facing_light,included
2026-09-24T08:48:00+08:00,424.7,118.1,0.1181,27.97,51.83,1015.63,16.7,58.5,sht20,bh1750,fixed_position_sensor_facing_light,included
2026-09-24T08:53:00+08:00,421.0,116.6,0.1166,28.13,53.75,1015.78,16.7,60.5,sht20,bh1750,fixed_position_sensor_facing_light,included
2026-09-24T08:58:01+08:00,451.2,125.0,0.125,28.32,55.55,1015.79,18.3,59.5,sht20,bh1750,fixed_position_sensor_facing_light,included
2026-09-24T09:03:01+08:00,457.9,126.9,0.1269,28.57,55.87,1015.68,18.3,59.5,sht20,bh1750,fixed_position_sensor_facing_light,included
2026-09-24T09:08:02+08:00,465.7,129.0,0.129,28.42,51.97,1015.67,19.2,59.5,sht20,bh1750,fixed_position_sensor_facing_light,included
2026-09-24T09:13:02+08:00,462.4,127.7,0.1277,28.14,50.58,1015.72,19.2,59.5,sht20,bh1750,fixed_position_sensor_facing_light,included
2026-09-24T09:18:03+08:00,471.4,131.6,0.1316,28.0,48.74,1015.69,19.2,59.5,sht20,bh1750,fixed_position_sensor_facing_light,included
2026-09-24T09:23:04+08:00,476.3,132.6,0.1326,27.84,47.5,1015.71,20.0,58.5,sht20,bh1750,fixed_position_sensor_facing_light,included
2026-09-24T09:28:04+08:00,482.1,134.3,0.1343,27.82,46.75,1015.71,20.0,60.5,sht20,bh1750,fixed_position_sensor_facing_light,included
2026-09-24T09:33:05+08:00,475.4,132.3,0.1323,27.79,45.99,1015.8,20.0,60.5,sht20,bh1750,fixed_position_sensor_facing_light,included
2026-09-24T09:38:05+08:00,469.6,131.3,0.1313,27.72,44.96,1015.79,19.2,61.5,sht20,bh1750,fixed_position_sensor_facing_light,included
2026-09-24T09:43:06+08:00,477.8,133.9,0.1339,27.68,44.88,1015.76,20.0,61.5,sht20,bh1750,fixed_position_sensor_facing_light,included
2026-09-24T09:48:06+08:00,478.1,133.4,0.1334,27.6,44.11,1015.67,20.0,60.5,sht20,bh1750,fixed_position_sensor_facing_light,included
2026-09-24T09:53:07+08:00,484.3,134.7,0.1347,27.63,44.06,1015.65,20.0,60.5,sht20,bh1750,fixed_position_sensor_facing_light,included
2026-09-24T09:58:08+08:00,483.3,135.0,0.135,27.55,43.65,1015.56,20.0,59.5,sht20,bh1750,fixed_position_sensor_facing_light,included
2026-09-24T10:03:08+08:00,484.3,135.1,0.1351,27.55,43.54,1015.53,20.0,60.5,sht20,bh1750,fixed_position_sensor_facing_light,included
2026-09-24T10:08:08+08:00,473.7,131.7,0.1317,27.54,42.99,1015.53,19.2,59.5,sht20,bh1750,fixed_position_sensor_facing_light,included
2026-09-24T10:13:09+08:00,364.3,101.4,0.1014,27.55,42.5,1015.53,14.2,60.5,sht20,bh1750,fixed_position_sensor_facing_light,included
2026-09-24T10:18:10+08:00,412.2,114.7,0.1147,27.4,42.68,1015.41,15.8,59.5,sht20,bh1750,fixed_position_sensor_facing_light,included
2026-09-24T10:23:10+08:00,485.1,134.6,0.1346,27.38,42.85,1015.41,20.0,58.5,sht20,bh1750,fixed_position_sensor_facing_light,included
2026-09-24T10:28:11+08:00,492.7,137.6,0.1376,27.45,42.51,1015.5,20.8,58.5,sht20,bh1750,fixed_position_sensor_facing_light,included
2026-09-24T10:33:11+08:00,491.3,136.3,0.1363,27.36,42.38,1015.32,20.8,59.5,sht20,bh1750,fixed_position_sensor_facing_light,included
2026-09-24T10:38:12+08:00,481.1,134.6,0.1346,27.41,42.71,1015.32,20.0,60.5,sht20,bh1750,fixed_position_sensor_facing_light,included
2026-09-24T10:43:13+08:00,481.5,133.0,0.133,27.42,41.94,1015.35,20.0,60.5,sht20,bh1750,fixed_position_sensor_facing_light,included
2026-09-24T10:48:13+08:00,477.8,134.0,0.134,27.42,42.39,1015.32,20.0,60.5,sht20,bh1750,fixed_position_sensor_facing_light,included
2026-09-24T10:53:14+08:00,966.1,270.6,0.2706,27.46,42.84,1015.18,91.7,60.5,sht20,bh1750,fixed_position_sensor_facing_light,included
2026-09-24T10:58:15+08:00,953.8,265.9,0.2659,27.47,46.12,1015.06,84.2,60.5,sht20,bh1750,fixed_position_sensor_facing_light,included
2026-09-24T11:03:16+08:00,949.4,265.9,0.2659,27.69,45.12,1015.01,84.2,59.5,sht20,bh1750,fixed_position_sensor_facing_light,included
2026-09-24T11:08:17+08:00,949.5,265.9,0.2659,27.73,43.98,1014.94,83.3,59.5,sht20,bh1750,fixed_position_sensor_facing_light,included
2026-09-24T11:13:17+08:00,949.4,265.0,0.265,27.85,43.29,1014.83,84.2,59.5,sht20,bh1750,fixed_position_sensor_facing_light,included
2026-09-24T11:18:17+08:00,946.5,265.0,0.265,27.68,42.92,1014.94,81.7,59.5,sht20,bh1750,fixed_position_sensor_facing_light,included
2026-09-24T11:23:18+08:00,944.5,264.5,0.2645,27.45,43.36,1014.87,82.5,58.5,sht20,bh1750,fixed_position_sensor_facing_light,included
2026-09-24T11:28:19+08:00,945.9,263.5,0.2635,27.47,42.97,1014.9,82.5,58.5,sht20,bh1750,fixed_position_sensor_facing_light,included
2026-09-24T11:33:19+08:00,945.7,264.2,0.2642,27.5,42.77,1014.79,81.7,58.5,sht20,bh1750,fixed_position_sensor_facing_light,included
2026-09-24T11:38:20+08:00,943.5,264.0,0.264,27.47,42.87,1014.73,81.7,58.5,sht20,bh1750,fixed_position_sensor_facing_light,included
2026-09-24T11:43:20+08:00,944.2,263.3,0.2632,27.44,42.94,1014.61,80.8,58.5,sht20,bh1750,fixed_position_sensor_facing_light,included
2026-09-24T11:48:21+08:00,940.7,263.2,0.2632,27.37,42.61,1014.49,80.0,58.5,sht20,bh1750,fixed_position_sensor_facing_light,included
2026-09-24T11:53:22+08:00,939.5,262.6,0.2626,27.34,41.99,1014.32,80.0,58.5,sht20,bh1750,fixed_position_sensor_facing_light,included
2026-09-24T11:58:22+08:00,939.9,262.4,0.2624,27.41,44.99,1014.41,79.2,58.5,sht20,bh1750,fixed_position_sensor_facing_light,included
2026-09-24T12:03:23+08:00,934.3,261.0,0.261,27.99,51.56,1014.28,80.0,58.5,sht20,bh1750,fixed_position_sensor_facing_light,included
2026-09-24T12:08:24+08:00,933.8,260.5,0.2605,28.28,53.49,1014.32,79.2,59.5,sht20,bh1750,fixed_position_sensor_facing_light,included
2026-09-24T12:13:25+08:00,929.4,259.1,0.2591,28.74,57.11,1014.22,78.3,59.5,sht20,bh1750,fixed_position_sensor_facing_light,included
2026-09-24T12:18:25+08:00,924.1,258.0,0.258,29.11,50.82,1014.14,78.3,60.5,sht20,bh1750,fixed_position_sensor_facing_light,included
2026-09-24T12:23:26+08:00,917.3,256.2,0.2562,29.41,54.52,1014.09,78.3,61.5,sht20,bh1750,fixed_position_sensor_facing_light,included
2026-09-24T12:28:26+08:00,912.7,255.5,0.2555,29.62,55.57,1014.07,77.5,62.5,sht20,bh1750,fixed_position_sensor_facing_light,included
2026-09-24T12:33:27+08:00,908.9,254.1,0.2541,29.75,55.67,1013.84,76.7,63.5,sht20,bh1750,fixed_position_sensor_facing_light,included
2026-09-24T12:38:27+08:00,906.7,253.5,0.2535,29.88,55.22,1013.79,76.7,64.5,sht20,bh1750,fixed_position_sensor_facing_light,included
2026-09-24T12:43:28+08:00,903.0,252.2,0.2522,29.98,54.98,1013.62,77.5,62.5,sht20,bh1750,fixed_position_sensor_facing_light,included
2026-09-24T12:48:29+08:00,897.9,251.0,0.251,30.07,54.71,1013.8,75.8,63.5,sht20,bh1750,fixed_position_sensor_facing_light,included
2026-09-24T12:53:30+08:00,894.8,250.2,0.2502,30.15,54.41,1013.52,76.7,64.5,sht20,bh1750,fixed_position_sensor_facing_light,included
2026-09-24T12:58:30+08:00,892.2,249.7,0.2497,30.23,54.51,1013.49,75.8,64.5,sht20,bh1750,fixed_position_sensor_facing_light,included
2026-09-24T13:03:31+08:00,891.3,249.3,0.2492,30.3,54.26,1013.35,76.7,64.5,sht20,bh1750,fixed_position_sensor_facing_light,included
2026-09-24T13:08:31+08:00,890.2,249.3,0.2493,30.37,53.81,1013.26,75.8,62.5,sht20,bh1750,fixed_position_sensor_facing_light,included
2026-09-24T13:13:32+08:00,889.2,248.1,0.2481,30.45,54.23,1013.26,75.8,62.5,sht20,bh1750,fixed_position_sensor_facing_light,included
2026-09-24T13:18:33+08:00,890.5,248.4,0.2484,30.49,54.1,1013.32,76.7,62.5,sht20,bh1750,fixed_position_sensor_facing_light,included
2026-09-24T13:23:34+08:00,888.5,248.4,0.2484,30.54,53.62,1013.33,76.7,62.5,sht20,bh1750,fixed_position_sensor_facing_light,included
2026-09-24T13:28:34+08:00,886.5,248.3,0.2482,30.62,53.74,1013.18,75.8,62.5,sht20,bh1750,fixed_position_sensor_facing_light,included
2026-09-24T13:33:34+08:00,889.7,248.6,0.2486,30.67,54.08,1013.1,75.8,62.5,sht20,bh1750,fixed_position_sensor_facing_light,included
2026-09-24T13:38:35+08:00,890.8,248.2,0.2482,30.72,53.89,1013.1,77.5,64.5,sht20,bh1750,fixed_position_sensor_facing_light,included
2026-09-24T13:43:36+08:00,889.3,249.0,0.249,30.77,53.62,1013.22,76.7,63.5,sht20,bh1750,fixed_position_sensor_facing_light,included
2026-09-24T13:48:36+08:00,889.6,248.4,0.2484,30.82,53.81,1012.97,77.5,62.5,sht20,bh1750,fixed_position_sensor_facing_light,included
2026-09-24T13:53:37+08:00,887.0,248.2,0.2482,30.86,53.33,1012.91,77.5,62.5,sht20,bh1750,fixed_position_sensor_facing_light,included
2026-09-24T13:58:37+08:00,889.8,247.9,0.2479,30.92,53.33,1012.94,77.5,62.5,sht20,bh1750,fixed_position_sensor_facing_light,included
2026-09-24T14:03:38+08:00,888.7,248.4,0.2484,30.95,53.21,1012.8,77.5,64.5,sht20,bh1750,fixed_position_sensor_facing_light,included
2026-09-24T14:08:39+08:00,890.0,247.8,0.2478,31.02,52.94,1012.59,76.7,63.5,sht20,bh1750,fixed_position_sensor_facing_light,included
2026-09-24T14:13:39+08:00,884.3,247.9,0.2479,31.05,52.83,1012.57,77.5,63.5,sht20,bh1750,fixed_position_sensor_facing_light,included
2026-09-24T14:18:40+08:00,887.7,247.6,0.2476,30.3,49.64,1012.54,77.5,63.5,sht20,bh1750,fixed_position_sensor_facing_light,included
2026-09-24T14:23:40+08:00,887.9,247.8,0.2478,29.59,47.79,1012.5,76.7,61.5,sht20,bh1750,fixed_position_sensor_facing_light,included
2026-09-24T14:28:41+08:00,886.8,247.9,0.2479,29.34,46.77,1012.58,76.7,60.5,sht20,bh1750,fixed_position_sensor_facing_light,included
2026-09-24T14:33:42+08:00,888.6,248.2,0.2482,29.42,45.84,1012.43,76.7,61.5,sht20,bh1750,fixed_position_sensor_facing_light,included
2026-09-24T14:38:42+08:00,887.1,248.2,0.2482,29.41,44.94,1012.43,75.0,62.5,sht20,bh1750,fixed_position_sensor_facing_light,included
2026-09-24T14:43:42+08:00,887.2,247.9,0.2479,29.11,44.66,1012.43,75.0,62.5,sht20,bh1750,fixed_position_sensor_facing_light,included
2026-09-24T14:48:43+08:00,890.4,248.3,0.2483,28.98,44.77,1012.54,75.0,60.5,sht20,bh1750,fixed_position_sensor_facing_light,included
2026-09-24T14:53:44+08:00,888.4,249.1,0.2491,29.13,44.56,1012.48,76.7,59.5,sht20,bh1750,fixed_position_sensor_facing_light,included
2026-09-24T14:58:44+08:00,895.0,249.3,0.2493,29.11,44.0,1012.48,75.8,61.5,sht20,bh1750,fixed_position_sensor_facing_light,included
2026-09-24T15:03:45+08:00,897.1,250.9,0.2509,29.0,44.28,1012.6,76.7,62.5,sht20,bh1750,fixed_position_sensor_facing_light,included
2026-09-24T15:08:45+08:00,899.2,250.5,0.2505,28.89,43.19,1012.45,75.8,62.5,sht20,bh1750,fixed_position_sensor_facing_light,included
2026-09-24T15:13:46+08:00,891.8,248.9,0.2489,28.84,43.3,1012.48,75.8,61.5,sht20,bh1750,fixed_position_sensor_facing_light,included
2026-09-24T15:18:47+08:00,891.5,248.5,0.2485,28.56,42.97,1012.64,74.2,61.5,sht20,bh1750,fixed_position_sensor_facing_light,included
2026-09-24T15:23:47+08:00,884.1,246.9,0.2469,28.65,42.74,1012.44,73.3,61.5,sht20,bh1750,fixed_position_sensor_facing_light,included
2026-09-24T15:28:48+08:00,888.3,248.3,0.2482,29.13,41.54,1012.51,73.3,62.5,sht20,bh1750,fixed_position_sensor_facing_light,included
2026-09-24T15:33:48+08:00,889.9,248.3,0.2483,29.3,41.19,1012.55,73.3,60.5,sht20,bh1750,fixed_position_sensor_facing_light,included
2026-09-24T15:38:49+08:00,889.2,248.3,0.2482,29.36,40.99,1012.52,74.2,60.5,sht20,bh1750,fixed_position_sensor_facing_light,included
2026-09-24T15:43:50+08:00,886.9,248.4,0.2484,29.5,39.91,1012.58,74.2,62.5,sht20,bh1750,fixed_position_sensor_facing_light,included
2026-09-24T15:48:50+08:00,1195.0,333.3,0.3332,29.35,40.25,1012.6,272.5,62.5,sht20,bh1750,fixed_position_sensor_facing_light,included
2026-09-24T15:53:50+08:00,1192.4,333.0,0.333,29.56,39.85,1012.58,145.0,61.5,sht20,bh1750,fixed_position_sensor_facing_light,included
2026-09-24T15:58:51+08:00,1191.6,333.4,0.3334,29.57,38.56,1012.64,142.5,62.5,sht20,bh1750,fixed_position_sensor_facing_light,included
2026-09-24T16:03:52+08:00,1193.1,332.9,0.3329,29.62,39.21,1012.67,141.7,61.5,sht20,bh1750,fixed_position_sensor_facing_light,included
2026-09-24T16:08:53+08:00,1195.1,333.2,0.3332,29.59,39.44,1012.73,140.8,62.5,sht20,bh1750,fixed_position_sensor_facing_light,included
2026-09-24T16:13:54+08:00,1193.0,333.9,0.3339,29.54,38.84,1012.93,140.0,62.5,sht20,bh1750,fixed_position_sensor_facing_light,included
2026-09-24T16:18:54+08:00,1188.8,332.8,0.3328,29.92,37.66,1012.85,138.3,61.5,sht20,bh1750,fixed_position_sensor_facing_light,included
2026-09-24T16:23:55+08:00,1193.9,333.6,0.3336,29.95,39.22,1012.83,218.3,61.5,sht20,bh1750,fixed_position_sensor_facing_light,included
2026-09-24T16:28:55+08:00,1108.4,309.4,0.3094,30.07,37.64,1012.89,185.8,60.5,sht20,bh1750,fixed_position_sensor_facing_light,included
2026-09-24T16:33:56+08:00,1187.2,331.9,0.3319,29.54,38.31,1013.02,207.5,62.5,sht20,bh1750,fixed_position_sensor_facing_light,included
2026-09-24T16:38:56+08:00,978.3,273.3,0.2733,29.6,39.01,1012.87,95.8,62.5,sht20,bh1750,fixed_position_sensor_facing_light,included
2026-09-24T16:43:57+08:00,1388.9,387.3,0.3873,29.62,38.79,1012.9,165.8,62.5,sht20,bh1750,fixed_position_sensor_facing_light,included
2026-09-24T16:48:58+08:00,1390.2,387.2,0.3872,29.78,37.9,1012.99,163.3,61.5,sht20,bh1750,fixed_position_sensor_facing_light,included
2026-09-24T16:53:58+08:00,1389.6,388.3,0.3882,29.95,37.98,1013.0,163.3,62.5,sht20,bh1750,fixed_position_sensor_facing_light,included
2026-09-24T16:58:58+08:00,1392.8,387.6,0.3876,30.04,37.56,1012.91,162.5,61.5,sht20,bh1750,fixed_position_sensor_facing_light,included
2026-09-24T17:03:59+08:00,1053.2,293.8,0.2938,29.68,40.31,1013.02,150.8,60.5,sht20,bh1750,fixed_position_sensor_facing_light,included
2026-09-24T17:09:00+08:00,950.7,265.5,0.2655,29.32,39.86,1013.04,92.5,62.5,sht20,bh1750,fixed_position_sensor_facing_light,included
2026-09-24T17:14:00+08:00,954.5,266.4,0.2664,29.3,39.79,1013.01,96.7,60.5,sht20,bh1750,fixed_position_sensor_facing_light,included
2026-09-24T17:19:01+08:00,954.5,266.7,0.2667,29.37,39.46,1013.01,96.7,60.5,sht20,bh1750,fixed_position_sensor_facing_light,included
2026-09-24T17:24:01+08:00,951.9,266.1,0.2661,29.43,39.47,1013.06,95.8,60.5,sht20,bh1750,fixed_position_sensor_facing_light,included
2026-09-24T17:29:02+08:00,952.5,266.2,0.2662,29.54,39.08,1013.15,95.8,62.5,sht20,bh1750,fixed_position_sensor_facing_light,included
2026-09-24T17:34:03+08:00,970.7,271.8,0.2718,29.49,39.28,1013.12,100.8,61.5,sht20,bh1750,fixed_position_sensor_facing_light,included
2026-09-24T17:39:03+08:00,976.4,272.0,0.272,29.33,39.27,1013.15,101.7,62.5,sht20,bh1750,fixed_position_sensor_facing_light,included
2026-09-24T17:44:04+08:00,1532.9,428.6,0.4286,29.52,38.6,1013.24,820.8,62.5,sht20,bh1750,fixed_position_sensor_facing_light,included
2026-09-24T17:49:04+08:00,1538.0,427.4,0.4274,29.46,37.79,1013.35,820.8,63.5,sht20,bh1750,fixed_position_sensor_facing_light,included
2026-09-24T17:54:05+08:00,1538.8,429.4,0.4294,29.45,38.98,1013.35,821.7,61.5,sht20,bh1750,fixed_position_sensor_facing_light,included
2026-09-24T17:59:06+08:00,1538.5,430.2,0.4302,29.61,38.62,1013.27,821.7,60.5,sht20,bh1750,fixed_position_sensor_facing_light,included
2026-09-24T18:04:06+08:00,1539.8,430.2,0.4302,29.61,38.26,1013.36,820.8,60.5,sht20,bh1750,fixed_position_sensor_facing_light,included
2026-09-24T18:09:07+08:00,1540.0,430.3,0.4303,29.73,38.04,1013.45,820.0,61.5,sht20,bh1750,fixed_position_sensor_facing_light,included
2026-09-24T18:14:07+08:00,1540.8,430.2,0.4302,29.65,37.84,1013.42,820.0,61.5,sht20,bh1750,fixed_position_sensor_facing_light,included
2026-09-24T18:19:08+08:00,1542.0,430.5,0.4305,29.71,38.02,1013.61,819.2,62.5,sht20,bh1750,fixed_position_sensor_facing_light,included
2026-09-24T18:24:08+08:00,1543.9,430.1,0.4301,29.72,38.17,1013.64,820.0,63.5,sht20,bh1750,fixed_position_sensor_facing_light,included
2026-09-24T18:29:09+08:00,1541.4,430.4,0.4304,29.72,38.15,1013.55,819.2,63.5,sht20,bh1750,fixed_position_sensor_facing_light,included
2026-09-24T18:34:09+08:00,1544.2,430.8,0.4308,29.8,37.91,1013.58,820.0,62.5,sht20,bh1750,fixed_position_sensor_facing_light,included
2026-09-24T18:39:10+08:00,1543.5,431.4,0.4314,29.64,38.49,1013.84,820.8,61.5,sht20,bh1750,fixed_position_sensor_facing_light,included
2026-09-24T18:44:10+08:00,1543.5,429.8,0.4298,29.75,38.43,1013.87,819.2,61.5,sht20,bh1750,fixed_position_sensor_facing_light,included
2026-09-24T18:49:11+08:00,1546.3,431.0,0.431,29.67,38.62,1013.93,821.7,61.5,sht20,bh1750,fixed_position_sensor_facing_light,included
2026-09-24T18:54:11+08:00,1546.3,431.9,0.4319,29.64,38.56,1013.93,820.0,62.5,sht20,bh1750,fixed_position_sensor_facing_light,included
2026-09-24T18:59:12+08:00,1545.5,431.6,0.4316,29.66,38.36,1013.93,821.7,61.5,sht20,bh1750,fixed_position_sensor_facing_light,included
2026-09-24T19:04:12+08:00,1545.9,431.3,0.4313,29.67,37.93,1013.93,820.0,62.5,sht20,bh1750,fixed_position_sensor_facing_light,included
2026-09-24T19:09:13+08:00,1548.4,431.8,0.4318,29.66,37.9,1013.99,820.8,63.5,sht20,bh1750,fixed_position_sensor_facing_light,included
2026-09-24T19:14:13+08:00,1545.9,431.4,0.4314,29.63,37.79,1014.19,819.2,63.5,sht20,bh1750,fixed_position_sensor_facing_light,included
2026-09-24T19:19:14+08:00,1544.8,431.5,0.4315,29.53,37.56,1014.01,835.8,63.5,sht20,bh1750,fixed_position_sensor_facing_light,included
2026-09-24T19:24:14+08:00,1546.9,431.7,0.4317,29.68,37.24,1014.22,819.2,62.5,sht20,bh1750,fixed_position_sensor_facing_light,included
2026-09-24T19:29:15+08:00,1550.1,432.7,0.4327,29.64,37.16,1014.28,820.0,61.5,sht20,bh1750,fixed_position_sensor_facing_light,included
2026-09-24T19:34:16+08:00,1548.3,431.8,0.4317,29.52,37.3,1014.39,820.0,62.5,sht20,bh1750,fixed_position_sensor_facing_light,included
2026-09-24T19:39:16+08:00,1551.0,432.7,0.4327,29.56,36.54,1014.45,820.8,61.5,sht20,bh1750,fixed_position_sensor_facing_light,included
2026-09-24T19:44:17+08:00,1551.5,433.7,0.4337,29.54,37.66,1014.45,820.0,61.5,sht20,bh1750,fixed_position_sensor_facing_light,included
2026-09-24T19:49:17+08:00,1551.4,432.5,0.4325,29.3,38.43,1014.58,819.2,62.5,sht20,bh1750,fixed_position_sensor_facing_light,included
2026-09-24T19:54:18+08:00,1550.8,432.8,0.4328,29.39,38.86,1014.59,821.7,62.5,sht20,bh1750,fixed_position_sensor_facing_light,included
2026-09-24T19:59:19+08:00,1729.5,480.3,0.4803,29.01,39.56,1014.52,1736.7,62.5,sht20,bh1750,fixed_position_sensor_facing_light,included
2026-09-25T11:38:41+08:00,1726.8,481.1,0.4811,29.07,50.32,1013.06,1665.0,61.5,sht20,bh1750,fixed_position_sensor_facing_light,included
2026-09-25T11:43:42+08:00,1728.8,481.9,0.4819,28.91,48.8,1013.0,1669.2,61.5,sht20,bh1750,fixed_position_sensor_facing_light,included
2026-09-25T11:48:42+08:00,1729.8,481.5,0.4815,28.84,47.83,1013.0,1670.0,62.5,sht20,bh1750,fixed_position_sensor_facing_light,included
2026-09-25T11:53:43+08:00,1730.8,482.1,0.4821,28.95,46.59,1012.88,1667.5,62.5,sht20,bh1750,fixed_position_sensor_facing_light,included
2026-09-25T11:58:43+08:00,1731.9,482.9,0.4829,28.85,46.3,1012.76,1666.7,62.5,sht20,bh1750,fixed_position_sensor_facing_light,included
2026-09-25T12:03:44+08:00,1730.0,481.4,0.4814,28.84,44.97,1012.68,1661.7,62.5,sht20,bh1750,fixed_position_sensor_facing_light,included
2026-09-25T12:08:44+08:00,1729.1,482.1,0.4821,28.79,44.96,1012.68,1664.2,62.5,sht20,bh1750,fixed_position_sensor_facing_light,included
2026-09-25T12:13:45+08:00,1730.4,482.7,0.4827,28.84,44.11,1012.56,1666.7,60.5,sht20,bh1750,fixed_position_sensor_facing_light,included
2026-09-25T12:18:46+08:00,1731.4,482.6,0.4826,28.82,43.92,1012.5,1665.8,61.5,sht20,bh1750,fixed_position_sensor_facing_light,included
2026-09-25T12:23:46+08:00,1732.9,481.8,0.4818,28.64,43.46,1012.38,1665.8,61.5,sht20,bh1750,fixed_position_sensor_facing_light,included
2026-09-25T12:28:47+08:00,1736.3,483.1,0.4831,28.46,43.29,1012.26,1667.5,61.5,sht20,bh1750,fixed_position_sensor_facing_light,included
2026-09-25T12:33:48+08:00,1733.3,482.9,0.4829,28.5,43.39,1012.32,1664.2,61.5,sht20,bh1750,fixed_position_sensor_facing_light,included
2026-09-25T12:38:48+08:00,1736.1,483.3,0.4833,28.52,42.99,1012.26,1665.0,59.5,sht20,bh1750,fixed_position_sensor_facing_light,included
2026-09-25T12:43:48+08:00,1735.8,483.2,0.4832,28.34,43.13,1012.26,1663.3,59.5,sht20,bh1750,fixed_position_sensor_facing_light,included
2026-09-25T12:48:49+08:00,1733.5,484.0,0.484,28.33,43.11,1012.26,1663.3,59.5,sht20,bh1750,fixed_position_sensor_facing_light,included
2026-09-25T12:53:50+08:00,1738.5,483.9,0.4839,28.3,42.99,1012.14,1663.3,58.5,sht20,bh1750,fixed_position_sensor_facing_light,included
2026-09-25T12:58:50+08:00,1733.8,484.4,0.4844,28.28,42.9,1012.0,1662.5,58.5,sht20,bh1750,fixed_position_sensor_facing_light,included
2026-09-25T13:03:51+08:00,1737.0,483.8,0.4838,28.24,42.46,1011.97,1665.8,58.5,sht20,bh1750,fixed_position_sensor_facing_light,included
2026-09-25T13:08:52+08:00,1736.4,483.3,0.4832,28.19,42.73,1011.88,1663.3,58.5,sht20,bh1750,fixed_position_sensor_facing_light,included
2026-09-25T13:13:52+08:00,1739.6,483.9,0.4839,28.26,42.84,1011.88,1664.2,58.5,sht20,bh1750,fixed_position_sensor_facing_light,included
2026-09-25T13:18:53+08:00,1738.2,484.5,0.4845,28.11,43.03,1011.96,1664.2,60.5,sht20,bh1750,fixed_position_sensor_facing_light,included
2026-09-25T13:23:53+08:00,1738.6,484.5,0.4845,28.12,42.93,1011.94,1665.0,60.5,sht20,bh1750,fixed_position_sensor_facing_light,included
2026-09-25T13:28:54+08:00,1737.9,484.2,0.4842,28.11,42.83,1011.63,1665.0,60.5,sht20,bh1750,fixed_position_sensor_facing_light,included
2026-09-25T13:33:54+08:00,1739.9,483.9,0.4839,28.12,42.63,1011.85,1667.5,60.5,sht20,bh1750,fixed_position_sensor_facing_light,included
2026-09-25T13:38:55+08:00,1738.4,484.9,0.4849,28.12,42.68,1011.73,1662.5,60.5,sht20,bh1750,fixed_position_sensor_facing_light,included
2026-09-25T13:43:55+08:00,1741.3,484.6,0.4846,28.16,42.81,1011.6,1662.5,61.5,sht20,bh1750,fixed_position_sensor_facing_light,included
2026-09-25T13:48:56+08:00,1739.1,485.0,0.485,28.1,42.75,1011.6,1665.0,61.5,sht20,bh1750,fixed_position_sensor_facing_light,included
2026-09-25T13:53:56+08:00,1740.3,485.1,0.4851,28.12,42.7,1011.48,1665.0,59.5,sht20,bh1750,fixed_position_sensor_facing_light,included
2026-09-25T13:58:57+08:00,1740.1,485.9,0.4859,28.19,42.58,1011.34,1665.8,59.5,sht20,bh1750,fixed_position_sensor_facing_light,included
2026-09-25T14:03:57+08:00,1739.5,483.2,0.4832,28.13,41.97,1011.48,1662.5,60.5,sht20,bh1750,fixed_position_sensor_facing_light,included
2026-09-25T14:08:58+08:00,1740.2,484.5,0.4845,28.1,42.58,1011.57,1665.8,59.5,sht20,bh1750,fixed_position_sensor_facing_light,included
2026-09-25T14:13:59+08:00,1737.0,485.0,0.485,28.1,42.5,1011.34,1664.2,60.5,sht20,bh1750,fixed_position_sensor_facing_light,included
2026-09-25T14:19:00+08:00,1739.4,484.2,0.4842,28.12,42.52,1011.37,1664.2,60.5,sht20,bh1750,fixed_position_sensor_facing_light,included
2026-09-25T14:24:01+08:00,1740.8,484.4,0.4844,28.04,42.19,1011.34,1663.3,59.5,sht20,bh1750,fixed_position_sensor_facing_light,included
2026-09-25T14:29:01+08:00,1740.2,485.0,0.485,28.06,42.19,1011.25,1663.3,58.5,sht20,bh1750,fixed_position_sensor_facing_light,included
2026-09-25T14:34:02+08:00,1740.1,483.1,0.4831,28.05,42.32,1011.37,1662.5,58.5,sht20,bh1750,fixed_position_sensor_facing_light,included
2026-09-25T14:39:02+08:00,1740.1,484.3,0.4843,27.97,41.88,1011.28,1660.8,58.5,sht20,bh1750,fixed_position_sensor_facing_light,included
2026-09-25T14:44:03+08:00,1736.0,484.8,0.4848,27.91,41.71,1011.31,1661.7,58.5,sht20,bh1750,fixed_position_sensor_facing_light,included
2026-09-25T14:49:03+08:00,1740.1,484.6,0.4846,27.89,41.67,1011.16,1662.5,58.5,sht20,bh1750,fixed_position_sensor_facing_light,included
2026-09-25T14:54:04+08:00,1744.1,485.1,0.4851,27.93,41.08,1011.28,1665.8,58.5,sht20,bh1750,fixed_position_sensor_facing_light,included
2026-09-25T14:59:05+08:00,1742.0,484.7,0.4847,27.99,41.32,1011.13,1663.3,58.5,sht20,bh1750,fixed_position_sensor_facing_light,included
2026-09-25T15:04:05+08:00,1740.6,484.8,0.4848,27.88,41.0,1011.16,1665.0,58.5,sht20,bh1750,fixed_position_sensor_facing_light,included
2026-09-25T15:09:05+08:00,1738.7,484.1,0.4841,27.9,41.27,1010.88,1661.7,58.5,sht20,bh1750,fixed_position_sensor_facing_light,included
2026-09-25T15:14:06+08:00,1741.4,483.9,0.4839,27.94,40.83,1011.08,1665.0,59.5,sht20,bh1750,fixed_position_sensor_facing_light,included
2026-09-25T15:19:07+08:00,1743.6,485.6,0.4856,27.91,41.07,1011.16,1661.7,60.5,sht20,bh1750,fixed_position_sensor_facing_light,included
2026-09-25T15:24:07+08:00,1744.7,484.6,0.4846,27.87,40.62,1011.04,1660.8,60.5,sht20,bh1750,fixed_position_sensor_facing_light,included
2026-09-25T15:29:08+08:00,1741.8,484.0,0.484,27.85,41.52,1011.02,1662.5,60.5,sht20,bh1750,fixed_position_sensor_facing_light,included
2026-09-25T15:34:09+08:00,1742.0,484.5,0.4845,27.95,41.09,1011.05,1662.5,60.5,sht20,bh1750,fixed_position_sensor_facing_light,included
2026-09-25T15:39:09+08:00,1740.3,484.7,0.4847,27.85,41.08,1010.99,1660.8,59.5,sht20,bh1750,fixed_position_sensor_facing_light,included
2026-09-25T15:44:10+08:00,1741.3,485.3,0.4853,27.84,40.36,1010.94,1661.7,60.5,sht20,bh1750,fixed_position_sensor_facing_light,included
2026-09-25T15:49:11+08:00,1740.8,485.5,0.4855,27.96,40.7,1010.85,1661.7,60.5,sht20,bh1750,fixed_position_sensor_facing_light,included
2026-09-25T15:54:12+08:00,1743.8,484.6,0.4846,28.25,43.9,1011.02,1660.8,59.5,sht20,bh1750,fixed_position_sensor_facing_light,included
2026-09-25T15:59:12+08:00,1742.3,485.4,0.4854,28.06,41.71,1010.88,1661.7,60.5,sht20,bh1750,fixed_position_sensor_facing_light,included
2026-09-25T16:04:13+08:00,1741.6,485.1,0.4851,28.0,40.85,1010.8,1660.8,61.5,sht20,bh1750,fixed_position_sensor_facing_light,included
2026-09-25T16:09:13+08:00,1739.8,485.0,0.485,27.96,40.43,1010.77,1660.8,60.5,sht20,bh1750,fixed_position_sensor_facing_light,included
2026-09-25T16:14:14+08:00,1743.6,485.5,0.4855,27.88,40.48,1010.79,1661.7,60.5,sht20,bh1750,fixed_position_sensor_facing_light,included
2026-09-25T16:19:14+08:00,1745.3,484.7,0.4847,27.79,38.86,1010.96,1662.5,60.5,sht20,bh1750,fixed_position_sensor_facing_light,included
2026-09-25T16:24:15+08:00,1743.0,486.0,0.486,27.86,39.64,1010.99,1662.5,61.5,sht20,bh1750,fixed_position_sensor_facing_light,included
2026-09-25T16:29:17+08:00,1742.7,484.9,0.4849,27.89,39.7,1011.04,1661.7,59.5,sht20,bh1750,fixed_position_sensor_facing_light,included
2026-09-25T16:34:18+08:00,1742.6,485.1,0.4851,28.0,39.38,1010.88,1659.2,60.5,sht20,bh1750,fixed_position_sensor_facing_light,included
2026-09-25T16:39:18+08:00,1745.4,485.8,0.4857,27.98,39.52,1010.94,1662.5,60.5,sht20,bh1750,fixed_position_sensor_facing_light,included
2026-09-25T16:44:19+08:00,1743.2,485.5,0.4855,28.0,39.46,1011.11,1656.7,61.5,sht20,bh1750,fixed_position_sensor_facing_light,included
2026-09-25T16:49:20+08:00,1741.2,486.5,0.4865,27.88,39.82,1010.94,1662.5,59.5,sht20,bh1750,fixed_position_sensor_facing_light,included
2026-09-25T16:54:20+08:00,1745.0,486.1,0.4861,27.85,39.56,1011.1,1662.5,58.5,sht20,bh1750,fixed_position_sensor_facing_light,included
2026-09-25T16:59:21+08:00,1742.8,485.7,0.4857,27.84,40.04,1011.1,1661.7,58.5,sht20,bh1750,fixed_position_sensor_facing_light,included
2026-09-25T17:04:21+08:00,1744.1,485.2,0.4852,27.85,39.78,1011.22,1661.7,58.5,sht20,bh1750,fixed_position_sensor_facing_light,included
2026-09-25T17:09:22+08:00,1740.7,486.1,0.4861,27.9,39.92,1011.07,1660.8,59.5,sht20,bh1750,fixed_position_sensor_facing_light,included
2026-09-25T17:14:23+08:00,1743.3,486.5,0.4865,27.86,40.13,1011.13,1661.7,59.5,sht20,bh1750,fixed_position_sensor_facing_light,included
2026-09-25T17:19:23+08:00,1740.8,485.3,0.4853,27.84,39.51,1011.3,1660.8,58.5,sht20,bh1750,fixed_position_sensor_facing_light,included
2026-09-25T17:24:24+08:00,1747.2,485.3,0.4853,27.85,39.69,1011.3,1660.8,58.5,sht20,bh1750,fixed_position_sensor_facing_light,included
2026-09-25T17:29:24+08:00,1742.3,485.5,0.4855,27.72,40.0,1011.24,1660.0,59.5,sht20,bh1750,fixed_position_sensor_facing_light,included
2026-09-25T17:34:25+08:00,1742.5,486.7,0.4867,27.8,39.62,1011.33,1660.0,58.5,sht20,bh1750,fixed_position_sensor_facing_light,included
2026-09-25T17:39:25+08:00,1746.9,485.6,0.4856,27.86,40.23,1011.48,1660.8,58.5,sht20,bh1750,fixed_position_sensor_facing_light,included
2026-09-25T17:44:26+08:00,1744.1,485.0,0.485,27.75,40.39,1011.47,1658.3,58.5,sht20,bh1750,fixed_position_sensor_facing_light,included
2026-09-25T17:49:27+08:00,1744.7,485.4,0.4854,27.79,40.88,1011.42,1660.8,58.5,sht20,bh1750,fixed_position_sensor_facing_light,included
2026-09-25T17:54:27+08:00,1742.6,485.6,0.4856,27.85,40.16,1011.36,1663.3,59.5,sht20,bh1750,fixed_position_sensor_facing_light,included
2026-09-25T17:59:28+08:00,1743.9,484.4,0.4844,27.76,40.59,1011.45,1661.7,60.5,sht20,bh1750,fixed_position_sensor_facing_light,included
2026-09-25T18:04:29+08:00,1749.3,485.8,0.4857,27.78,40.88,1011.42,1660.8,60.5,sht20,bh1750,fixed_position_sensor_facing_light,included
2026-09-25T18:09:29+08:00,1745.2,485.7,0.4857,27.8,40.68,1011.53,1660.8,59.5,sht20,bh1750,fixed_position_sensor_facing_light,included
2026-09-25T18:14:29+08:00,1743.5,486.2,0.4862,27.81,40.91,1011.48,1658.3,59.5,sht20,bh1750,fixed_position_sensor_facing_light,included
2026-09-25T18:19:30+08:00,1744.9,485.5,0.4855,27.83,40.84,1011.59,1671.7,60.5,sht20,bh1750,fixed_position_sensor_facing_light,included
2026-09-25T18:24:31+08:00,1744.9,485.7,0.4857,27.84,41.0,1011.45,1661.7,59.5,sht20,bh1750,fixed_position_sensor_facing_light,included
2026-09-25T18:29:31+08:00,1745.7,485.6,0.4856,27.82,40.75,1011.45,1653.3,58.5,sht20,bh1750,fixed_position_sensor_facing_light,included
2026-09-25T18:34:32+08:00,1748.8,485.4,0.4854,27.88,40.64,1011.62,1660.0,59.5,sht20,bh1750,fixed_position_sensor_facing_light,included
2026-09-25T18:39:32+08:00,1740.3,485.9,0.4859,27.71,41.24,1011.67,1663.3,60.5,sht20,bh1750,fixed_position_sensor_facing_light,included
2026-09-25T18:44:33+08:00,1741.1,486.0,0.486,27.79,40.86,1011.59,1658.3,59.5,sht20,bh1750,fixed_position_sensor_facing_light,included
2026-09-25T18:49:34+08:00,1741.1,485.2,0.4852,27.75,41.07,1011.78,1662.5,58.5,sht20,bh1750,fixed_position_sensor_facing_light,included
2026-09-25T18:54:34+08:00,1744.1,486.4,0.4864,27.82,40.52,1011.64,1661.7,58.5,sht20,bh1750,fixed_position_sensor_facing_light,included
2026-09-25T18:59:34+08:00,1745.9,486.2,0.4862,27.83,40.36,1011.64,1660.8,58.5,sht20,bh1750,fixed_position_sensor_facing_light,included
2026-09-25T19:04:35+08:00,1742.4,485.2,0.4852,27.85,39.91,1011.67,1661.7,59.5,sht20,bh1750,fixed_position_sensor_facing_light,included
2026-09-25T19:09:36+08:00,1743.7,487.1,0.4871,27.81,40.07,1011.75,1660.8,58.5,sht20,bh1750,fixed_position_sensor_facing_light,included
2026-09-25T19:14:37+08:00,1746.1,485.3,0.4853,28.02,39.61,1011.85,1662.5,58.5,sht20,bh1750,fixed_position_sensor_facing_light,included
2026-09-25T19:19:38+08:00,1742.5,485.5,0.4855,28.93,40.63,1011.81,1662.5,60.5,sht20,bh1750,fixed_position_sensor_facing_light,included
2026-09-25T19:24:39+08:00,1738.7,484.8,0.4848,29.28,41.32,1011.73,1660.8,62.5,sht20,bh1750,fixed_position_sensor_facing_light,included
2026-09-25T19:29:39+08:00,1737.2,483.3,0.4832,29.44,41.94,1011.91,1659.2,62.5,sht20,bh1750,fixed_position_sensor_facing_light,included
2026-09-25T19:34:40+08:00,1736.9,483.7,0.4837,29.58,42.55,1011.89,1656.7,62.5,sht20,bh1750,fixed_position_sensor_facing_light,included
2026-09-25T19:39:41+08:00,1736.7,483.4,0.4834,28.84,42.13,1012.01,1657.5,61.5,sht20,bh1750,fixed_position_sensor_facing_light,included
2026-09-25T19:44:41+08:00,1735.6,483.2,0.4832,28.6,41.64,1012.01,1660.0,61.5,sht20,bh1750,fixed_position_sensor_facing_light,included
2026-09-25T19:49:42+08:00,1739.8,484.1,0.4841,28.43,40.81,1012.09,1660.8,61.5,sht20,bh1750,fixed_position_sensor_facing_light,included
2026-09-25T19:54:42+08:00,1738.0,484.6,0.4846,28.31,40.9,1012.0,1664.2,61.5,sht20,bh1750,fixed_position_sensor_facing_light,included
2026-09-25T19:59:43+08:00,1740.7,483.9,0.4839,28.28,40.26,1012.17,1664.2,61.5,sht20,bh1750,fixed_position_sensor_facing_light,included
2026-09-25T20:04:44+08:00,1740.5,484.0,0.484,28.28,39.59,1012.32,1664.2,61.5,sht20,bh1750,fixed_position_sensor_facing_light,included
2026-09-25T20:09:44+08:00,1740.7,484.5,0.4845,28.24,39.33,1012.11,1661.7,61.5,sht20,bh1750,fixed_position_sensor_facing_light,included
2026-09-25T20:14:45+08:00,1740.3,484.8,0.4848,28.27,39.01,1012.2,1662.5,61.5,sht20,bh1750,fixed_position_sensor_facing_light,included
2026-09-25T20:19:45+08:00,1742.4,485.3,0.4853,28.28,38.66,1012.29,1663.3,61.5,sht20,bh1750,fixed_position_sensor_facing_light,included
2026-09-25T20:24:46+08:00,1731.8,481.7,0.4817,28.01,38.98,1012.28,1598.3,61.5,sht20,bh1750,fixed_position_sensor_facing_light,included
2026-09-25T20:29:47+08:00,1730.2,481.3,0.4813,28.87,39.3,1012.22,1597.5,60.5,sht20,bh1750,fixed_position_sensor_facing_light,included
2026-09-25T20:34:48+08:00,1728.8,480.6,0.4806,29.42,40.03,1012.23,1596.7,60.5,sht20,bh1750,fixed_position_sensor_facing_light,included
2026-09-25T20:39:48+08:00,1722.3,480.3,0.4803,29.6,40.05,1012.32,1594.2,60.5,sht20,bh1750,fixed_position_sensor_facing_light,included
2026-09-25T20:44:49+08:00,1724.3,479.2,0.4792,29.72,40.36,1012.47,1595.8,61.5,sht20,bh1750,fixed_position_sensor_facing_light,included
2026-09-25T20:49:49+08:00,1727.1,478.5,0.4785,29.87,41.0,1012.5,1590.8,61.5,sht20,bh1750,fixed_position_sensor_facing_light,included
2026-09-25T20:54:50+08:00,1717.7,479.7,0.4797,29.98,41.24,1012.42,1595.8,61.5,sht20,bh1750,fixed_position_sensor_facing_light,included
2026-09-25T20:59:51+08:00,1719.8,477.9,0.4779,30.08,41.74,1012.42,1595.0,61.5,sht20,bh1750,fixed_position_sensor_facing_light,included
2026-09-25T21:04:51+08:00,1716.2,478.5,0.4785,30.13,41.9,1012.39,1603.3,62.5,sht20,bh1750,fixed_position_sensor_facing_light,included
2026-09-25T21:09:51+08:00,1715.1,476.9,0.4769,30.18,42.54,1012.37,1599.2,62.5,sht20,bh1750,fixed_position_sensor_facing_light,included
2026-09-25T21:14:52+08:00,1713.8,477.3,0.4773,30.28,42.71,1012.49,1597.5,61.5,sht20,bh1750,fixed_position_sensor_facing_light,included
2026-09-25T21:19:53+08:00,1713.8,477.3,0.4773,30.31,43.44,1012.54,1597.5,61.5,sht20,bh1750,fixed_position_sensor_facing_light,included
2026-09-25T21:24:53+08:00,1711.7,477.3,0.4773,30.36,43.84,1012.46,1598.3,61.5,sht20,bh1750,fixed_position_sensor_facing_light,included
2026-09-25T21:29:54+08:00,1710.5,477.0,0.477,30.41,43.83,1012.49,1597.5,61.5,sht20,bh1750,fixed_position_sensor_facing_light,included
2026-09-25T21:34:55+08:00,1712.2,476.2,0.4762,30.46,44.17,1012.46,1598.3,61.5,sht20,bh1750,fixed_position_sensor_facing_light,included
2026-09-25T21:39:55+08:00,1711.8,477.0,0.477,30.57,44.53,1012.43,1597.5,61.5,sht20,bh1750,fixed_position_sensor_facing_light,included
2026-09-25T21:44:56+08:00,1708.6,476.4,0.4764,30.59,44.83,1012.35,1598.3,63.5,sht20,bh1750,fixed_position_sensor_facing_light,included
2026-09-25T21:49:56+08:00,1711.0,476.3,0.4763,30.62,45.39,1012.35,1597.5,63.5,sht20,bh1750,fixed_position_sensor_facing_light,included
2026-09-25T21:54:57+08:00,1708.7,475.8,0.4758,30.82,45.1,1012.44,1599.2,64.5,sht20,bh1750,fixed_position_sensor_facing_light,included
2026-09-25T21:59:57+08:00,1706.5,477.1,0.4771,30.95,44.91,1012.45,1600.0,63.5,sht20,bh1750,fixed_position_sensor_facing_light,included
2026-09-25T22:04:58+08:00,1711.1,474.4,0.4744,31.07,44.77,1012.48,1599.2,62.5,sht20,bh1750,fixed_position_sensor_facing_light,included
2026-09-25T22:09:59+08:00,1706.0,475.5,0.4755,31.08,44.87,1012.36,1600.0,62.5,sht20,bh1750,fixed_position_sensor_facing_light,included
2026-09-25T22:14:59+08:00,1702.5,475.7,0.4757,31.16,44.86,1012.31,1600.0,62.5,sht20,bh1750,fixed_position_sensor_facing_light,included
2026-09-25T22:20:00+08:00,1704.9,475.3,0.4753,31.19,44.96,1012.34,1599.2,62.5,sht20,bh1750,fixed_position_sensor_facing_light,included
2026-09-25T22:25:00+08:00,1702.0,474.3,0.4743,31.22,45.07,1012.34,1600.0,62.5,sht20,bh1750,fixed_position_sensor_facing_light,included
2026-09-25T22:30:01+08:00,1704.7,475.2,0.4752,31.25,45.28,1012.31,1600.0,62.5,sht20,bh1750,fixed_position_sensor_facing_light,included
2026-09-25T22:35:02+08:00,1705.4,474.9,0.4749,31.24,45.25,1012.31,1602.5,62.5,sht20,bh1750,fixed_position_sensor_facing_light,included
2026-09-25T22:40:02+08:00,1703.8,474.0,0.474,31.33,45.58,1012.4,1601.7,62.5,sht20,bh1750,fixed_position_sensor_facing_light,included
2026-09-25T22:45:03+08:00,1701.4,474.8,0.4748,31.35,45.83,1012.28,1601.7,63.5,sht20,bh1750,fixed_position_sensor_facing_light,included
2026-09-25T22:50:03+08:00,1705.2,474.3,0.4743,31.33,46.09,1012.34,1600.8,63.5,sht20,bh1750,fixed_position_sensor_facing_light,included
2026-09-25T22:55:04+08:00,1702.7,474.2,0.4742,31.37,46.07,1012.22,1600.0,63.5,sht20,bh1750,fixed_position_sensor_facing_light,included
2026-09-25T23:00:04+08:00,1702.8,474.4,0.4744,31.42,46.11,1012.37,1600.8,63.5,sht20,bh1750,fixed_position_sensor_facing_light,included
2026-09-25T23:05:05+08:00,1703.8,474.2,0.4742,31.39,46.44,1012.2,1598.3,63.5,sht20,bh1750,fixed_position_sensor_facing_light,included
2026-09-25T23:10:06+08:00,1707.4,474.1,0.4741,31.39,46.74,1012.17,1600.0,63.5,sht20,bh1750,fixed_position_sensor_facing_light,included
2026-09-25T23:15:06+08:00,1702.3,474.7,0.4747,31.44,46.84,1012.11,1601.7,64.5,sht20,bh1750,fixed_position_sensor_facing_light,included
2026-09-25T23:20:07+08:00,1700.6,474.4,0.4744,31.41,47.04,1011.99,1600.0,63.5,sht20,bh1750,fixed_position_sensor_facing_light,included
2026-09-25T23:25:08+08:00,1700.7,473.3,0.4733,31.45,47.3,1011.88,1600.8,63.5,sht20,bh1750,fixed_position_sensor_facing_light,included
2026-09-25T23:30:08+08:00,1702.5,473.2,0.4732,31.52,47.25,1012.0,1600.0,63.5,sht20,bh1750,fixed_position_sensor_facing_light,included
2026-09-25T23:35:09+08:00,1697.8,473.3,0.4733,31.49,47.42,1011.97,1601.7,63.5,sht20,bh1750,fixed_position_sensor_facing_light,included
2026-09-25T23:40:09+08:00,1700.7,474.4,0.4744,31.53,47.34,1011.82,1600.0,65.5,sht20,bh1750,fixed_position_sensor_facing_light,included
2026-09-25T23:45:10+08:00,1701.5,473.8,0.4738,31.52,47.54,1011.7,1600.0,63.5,sht20,bh1750,fixed_position_sensor_facing_light,included
2026-09-25T23:50:10+08:00,1699.0,473.8,0.4738,31.53,47.58,1011.65,1600.0,63.5,sht20,bh1750,fixed_position_sensor_facing_light,included
2026-09-25T23:55:11+08:00,1700.2,473.5,0.4735,31.55,47.73,1011.57,1599.2,63.5,sht20,bh1750,fixed_position_sensor_facing_light,included
2026-09-26T00:00:12+08:00,1704.0,473.0,0.473,31.5,48.11,1011.63,1598.3,65.5,sht20,bh1750,fixed_position_sensor_facing_light,included
2026-09-26T00:05:12+08:00,1701.9,474.2,0.4742,31.5,48.21,1011.57,1600.0,63.5,sht20,bh1750,fixed_position_sensor_facing_light,included
2026-09-26T00:10:13+08:00,1701.4,473.1,0.4731,31.58,48.24,1011.54,1600.0,63.5,sht20,bh1750,fixed_position_sensor_facing_light,included
2026-09-26T00:15:13+08:00,1699.1,473.5,0.4735,31.57,48.16,1011.6,1599.2,63.5,sht20,bh1750,fixed_position_sensor_facing_light,included
2026-09-26T00:20:14+08:00,1699.8,474.0,0.474,31.55,48.24,1011.31,1597.5,63.5,sht20,bh1750,fixed_position_sensor_facing_light,included
2026-09-26T00:25:14+08:00,1698.7,473.3,0.4733,31.55,48.31,1011.19,1600.0,63.5,sht20,bh1750,fixed_position_sensor_facing_light,included
2026-09-26T00:30:15+08:00,1701.5,473.9,0.4739,31.56,48.34,1011.19,1599.2,63.5,sht20,bh1750,fixed_position_sensor_facing_light,included
2026-09-26T00:35:16+08:00,1697.8,473.4,0.4734,31.61,48.49,1011.19,1598.3,63.5,sht20,bh1750,fixed_position_sensor_facing_light,included
2026-09-26T00:40:17+08:00,1698.3,474.1,0.4741,31.6,48.67,1011.19,1600.0,63.5,sht20,bh1750,fixed_position_sensor_facing_light,included
2026-09-26T00:45:17+08:00,1697.7,473.9,0.4739,31.59,48.73,1011.22,1598.3,63.5,sht20,bh1750,fixed_position_sensor_facing_light,included
2026-09-26T00:50:18+08:00,1696.8,472.6,0.4726,31.6,49.21,1011.13,1597.5,63.5,sht20,bh1750,fixed_position_sensor_facing_light,included
2026-09-26T00:55:18+08:00,1698.3,472.4,0.4724,31.59,49.16,1011.25,1598.3,65.5,sht20,bh1750,fixed_position_sensor_facing_light,included
2026-09-26T01:00:19+08:00,1697.7,473.8,0.4737,31.65,49.06,1011.14,1600.0,64.5,sht20,bh1750,fixed_position_sensor_facing_light,included
2026-09-26T01:05:19+08:00,1698.3,472.4,0.4724,31.65,48.98,1011.08,1598.3,65.5,sht20,bh1750,fixed_position_sensor_facing_light,included
2026-09-26T01:10:20+08:00,1696.0,473.2,0.4732,31.6,49.26,1010.99,1597.5,63.5,sht20,bh1750,fixed_position_sensor_facing_light,included
2026-09-26T01:15:21+08:00,1698.8,473.1,0.4731,31.65,49.1,1010.88,1598.3,63.5,sht20,bh1750,fixed_position_sensor_facing_light,included
2026-09-26T01:20:21+08:00,1695.2,473.0,0.473,31.63,49.0,1010.82,1597.5,63.5,sht20,bh1750,fixed_position_sensor_facing_light,included
2026-09-26T01:25:22+08:00,1699.4,473.6,0.4736,31.58,49.44,1010.82,1598.3,63.5,sht20,bh1750,fixed_position_sensor_facing_light,included
2026-09-26T01:30:23+08:00,1698.7,472.8,0.4728,31.6,49.22,1010.71,1596.7,65.5,sht20,bh1750,fixed_position_sensor_facing_light,included
2026-09-26T01:35:23+08:00,1695.3,472.7,0.4728,31.64,49.33,1010.68,1597.5,66.5,sht20,bh1750,fixed_position_sensor_facing_light,included
2026-09-26T01:40:24+08:00,1695.4,473.0,0.473,31.68,49.47,1010.74,1597.5,64.5,sht20,bh1750,fixed_position_sensor_facing_light,included
2026-09-26T01:45:24+08:00,1699.0,473.2,0.4732,31.65,49.49,1010.56,1598.3,65.5,sht20,bh1750,fixed_position_sensor_facing_light,included
2026-09-26T01:50:25+08:00,1697.1,473.1,0.4731,31.63,49.4,1010.59,1597.5,64.5,sht20,bh1750,fixed_position_sensor_facing_light,included
2026-09-26T01:55:25+08:00,1694.4,472.9,0.4729,31.66,49.4,1010.59,1600.0,65.5,sht20,bh1750,fixed_position_sensor_facing_light,included
2026-09-26T02:00:26+08:00,1694.7,473.0,0.473,31.69,49.32,1010.56,1600.0,64.5,sht20,bh1750,fixed_position_sensor_facing_light,included
2026-09-26T02:05:27+08:00,1696.0,473.1,0.4731,31.68,49.49,1010.68,1599.2,65.5,sht20,bh1750,fixed_position_sensor_facing_light,included
2026-09-26T02:10:27+08:00,1695.5,472.8,0.4728,31.64,49.61,1010.62,1598.3,64.5,sht20,bh1750,fixed_position_sensor_facing_light,included
2026-09-26T02:15:27+08:00,1697.7,472.7,0.4727,31.68,49.83,1010.65,1598.3,65.5,sht20,bh1750,fixed_position_sensor_facing_light,included
2026-09-26T02:20:28+08:00,1695.2,473.0,0.473,31.8,49.68,1010.62,1597.5,64.5,sht20,bh1750,fixed_position_sensor_facing_light,included
2026-09-26T02:25:29+08:00,1697.9,473.2,0.4732,31.7,49.99,1010.59,1599.2,63.5,sht20,bh1750,fixed_position_sensor_facing_light,included
2026-09-26T02:30:29+08:00,1693.9,473.5,0.4735,31.7,49.88,1010.62,1600.8,65.5,sht20,bh1750,fixed_position_sensor_facing_light,included
2026-09-26T02:35:30+08:00,1695.6,472.5,0.4725,31.65,50.04,1010.5,1598.3,64.5,sht20,bh1750,fixed_position_sensor_facing_light,included
2026-09-26T02:40:30+08:00,1695.8,472.4,0.4724,31.67,50.34,1010.27,1598.3,65.5,sht20,bh1750,fixed_position_sensor_facing_light,included
2026-09-26T02:45:31+08:00,1698.9,473.0,0.473,31.72,49.97,1010.27,1599.2,63.5,sht20,bh1750,fixed_position_sensor_facing_light,included
2026-09-26T02:50:32+08:00,1698.4,471.9,0.4719,31.72,49.89,1010.22,1598.3,63.5,sht20,bh1750,fixed_position_sensor_facing_light,included
2026-09-26T02:55:33+08:00,1697.6,473.4,0.4734,31.73,49.95,1010.19,1600.0,63.5,sht20,bh1750,fixed_position_sensor_facing_light,included
2026-09-26T03:00:33+08:00,1696.2,472.8,0.4728,31.66,50.33,1010.24,1596.7,63.5,sht20,bh1750,fixed_position_sensor_facing_light,included
2026-09-26T03:05:34+08:00,1697.7,472.2,0.4722,31.74,50.21,1010.33,1597.5,63.5,sht20,bh1750,fixed_position_sensor_facing_light,included
2026-09-26T03:10:34+08:00,1695.4,473.3,0.4733,31.75,50.03,1010.36,1596.7,63.5,sht20,bh1750,fixed_position_sensor_facing_light,included
2026-09-26T03:15:35+08:00,1697.7,473.2,0.4732,31.73,50.24,1010.45,1595.8,63.5,sht20,bh1750,fixed_position_sensor_facing_light,included
2026-09-26T03:20:36+08:00,1697.1,473.1,0.4731,31.74,50.11,1010.39,1597.5,63.5,sht20,bh1750,fixed_position_sensor_facing_light,included
2026-09-26T03:25:36+08:00,1695.7,472.9,0.4729,31.72,50.37,1010.27,1599.2,63.5,sht20,bh1750,fixed_position_sensor_facing_light,included
2026-09-26T03:30:37+08:00,1695.8,474.1,0.4741,31.68,50.21,1010.27,1599.2,65.5,sht20,bh1750,fixed_position_sensor_facing_light,included
2026-09-26T03:35:38+08:00,1699.2,472.6,0.4726,31.7,50.4,1010.39,1598.3,64.5,sht20,bh1750,fixed_position_sensor_facing_light,included
2026-09-26T03:40:38+08:00,1698.3,473.1,0.4731,31.76,50.25,1010.36,1599.2,65.5,sht20,bh1750,fixed_position_sensor_facing_light,included
2026-09-26T03:45:39+08:00,1697.2,473.3,0.4733,31.73,50.4,1010.36,1597.5,64.5,sht20,bh1750,fixed_position_sensor_facing_light,included
2026-09-26T03:50:39+08:00,1695.7,472.8,0.4728,31.67,50.5,1010.42,1599.2,63.5,sht20,bh1750,fixed_position_sensor_facing_light,included
2026-09-26T03:55:40+08:00,1696.1,473.1,0.4731,31.8,50.05,1010.51,1597.5,63.5,sht20,bh1750,fixed_position_sensor_facing_light,included
2026-09-26T04:00:41+08:00,1700.0,473.9,0.4739,31.75,50.3,1010.45,1600.0,63.5,sht20,bh1750,fixed_position_sensor_facing_light,included
2026-09-26T04:05:42+08:00,1698.3,473.0,0.473,31.79,50.32,1010.51,1598.3,65.5,sht20,bh1750,fixed_position_sensor_facing_light,included
2026-09-26T04:10:42+08:00,1695.5,473.4,0.4734,31.79,50.49,1010.6,1598.3,63.5,sht20,bh1750,fixed_position_sensor_facing_light,included
2026-09-26T04:15:43+08:00,1694.0,473.4,0.4734,31.65,50.78,1010.65,1599.2,63.5,sht20,bh1750,fixed_position_sensor_facing_light,included
2026-09-26T04:20:43+08:00,1695.4,472.3,0.4723,31.74,50.71,1010.68,1598.3,63.5,sht20,bh1750,fixed_position_sensor_facing_light,included
2026-09-26T04:25:44+08:00,1697.5,473.0,0.473,31.71,50.69,1010.51,1598.3,63.5,sht20,bh1750,fixed_position_sensor_facing_light,included
2026-09-26T04:30:45+08:00,1695.5,472.0,0.472,31.66,50.89,1010.62,1597.5,63.5,sht20,bh1750,fixed_position_sensor_facing_light,included
2026-09-26T04:35:45+08:00,1694.3,473.1,0.4731,31.65,50.92,1010.77,1598.3,63.5,sht20,bh1750,fixed_position_sensor_facing_light,included
2026-09-26T04:40:46+08:00,1697.2,473.7,0.4737,31.66,50.97,1010.77,1597.5,63.5,sht20,bh1750,fixed_position_sensor_facing_light,included
2026-09-26T04:45:47+08:00,1696.8,473.0,0.473,31.6,51.02,1010.85,1597.5,65.5,sht20,bh1750,fixed_position_sensor_facing_light,included
2026-09-26T04:50:47+08:00,1697.5,473.8,0.4737,31.73,50.54,1010.94,1597.5,63.5,sht20,bh1750,fixed_position_sensor_facing_light,included
2026-09-26T04:55:48+08:00,1695.5,473.8,0.4738,31.73,50.66,1010.91,1600.0,63.5,sht20,bh1750,fixed_position_sensor_facing_light,included
2026-09-26T05:00:48+08:00,1698.0,473.5,0.4735,31.69,50.68,1010.99,1599.2,65.5,sht20,bh1750,fixed_position_sensor_facing_light,included
2026-09-26T05:05:49+08:00,1700.6,473.1,0.4731,31.73,50.64,1010.91,1597.5,63.5,sht20,bh1750,fixed_position_sensor_facing_light,included
2026-09-26T05:10:50+08:00,1697.3,473.1,0.4731,31.69,50.7,1011.11,1599.2,63.5,sht20,bh1750,fixed_position_sensor_facing_light,included
2026-09-26T05:15:51+08:00,1695.9,472.2,0.4722,31.76,50.53,1011.2,1598.3,63.5,sht20,bh1750,fixed_position_sensor_facing_light,included
2026-09-26T05:20:52+08:00,1700.6,472.7,0.4727,31.71,50.69,1011.05,1599.2,63.5,sht20,bh1750,fixed_position_sensor_facing_light,included
2026-09-26T05:25:53+08:00,1700.4,473.5,0.4735,31.73,50.58,1011.2,1599.2,63.5,sht20,bh1750,fixed_position_sensor_facing_light,included
2026-09-26T05:30:54+08:00,1690.9,474.2,0.4742,31.66,50.79,1011.25,1597.5,62.5,sht20,bh1750,fixed_position_sensor_facing_light,included
2026-09-26T05:35:54+08:00,1698.2,473.6,0.4736,31.68,50.82,1011.19,1597.5,63.5,sht20,bh1750,fixed_position_sensor_facing_light,included
2026-09-26T05:40:55+08:00,1694.7,473.3,0.4733,31.71,50.31,1011.28,1597.5,63.5,sht20,bh1750,fixed_position_sensor_facing_light,included
2026-09-26T05:45:56+08:00,1700.2,474.0,0.474,31.74,50.42,1011.34,1600.0,65.5,sht20,bh1750,fixed_position_sensor_facing_light,included
2026-09-26T05:50:56+08:00,1698.5,472.6,0.4726,31.68,50.72,1011.31,1598.3,63.5,sht20,bh1750,fixed_position_sensor_facing_light,included
2026-09-26T05:55:57+08:00,1694.9,473.2,0.4732,31.64,50.82,1011.37,1598.3,63.5,sht20,bh1750,fixed_position_sensor_facing_light,included
2026-09-26T06:00:57+08:00,1699.7,472.5,0.4725,31.66,50.92,1011.49,1597.5,63.5,sht20,bh1750,fixed_position_sensor_facing_light,included
2026-09-26T06:05:58+08:00,1696.4,472.6,0.4726,31.65,50.85,1011.43,1600.0,63.5,sht20,bh1750,fixed_position_sensor_facing_light,included
2026-09-26T06:10:59+08:00,1698.3,473.3,0.4733,31.66,50.77,1011.46,1599.2,65.5,sht20,bh1750,fixed_position_sensor_facing_light,included
2026-09-26T06:15:59+08:00,1699.4,473.7,0.4737,31.61,50.98,1011.51,1598.3,63.5,sht20,bh1750,fixed_position_sensor_facing_light,included
2026-09-26T06:21:00+08:00,1699.2,472.3,0.4723,31.63,50.97,1011.54,1600.0,63.5,sht20,bh1750,fixed_position_sensor_facing_light,included
2026-09-26T06:26:00+08:00,1696.1,473.1,0.4731,31.72,50.75,1011.52,1600.0,63.5,sht20,bh1750,fixed_position_sensor_facing_light,included
2026-09-26T06:31:01+08:00,1696.5,472.9,0.4729,31.6,51.25,1011.79,1598.3,63.5,sht20,bh1750,fixed_position_sensor_facing_light,included
2026-09-26T06:36:01+08:00,1696.0,473.3,0.4733,31.7,50.92,1011.71,1600.0,63.5,sht20,bh1750,fixed_position_sensor_facing_light,included
2026-09-26T06:41:02+08:00,1698.4,473.1,0.4731,31.63,51.13,1011.74,1599.2,63.5,sht20,bh1750,fixed_position_sensor_facing_light,included
2026-09-26T06:46:03+08:00,1698.9,473.5,0.4735,31.69,50.98,1011.74,1599.2,63.5,sht20,bh1750,fixed_position_sensor_facing_light,included
2026-09-26T06:51:03+08:00,1698.3,473.0,0.473,31.63,51.3,1011.71,1599.2,63.5,sht20,bh1750,fixed_position_sensor_facing_light,included
2026-09-26T06:56:04+08:00,1696.0,473.5,0.4735,31.73,50.95,1011.65,1600.0,63.5,sht20,bh1750,fixed_position_sensor_facing_light,included
2026-09-26T07:01:04+08:00,1699.2,473.9,0.4739,31.61,51.42,1011.68,1600.0,63.5,sht20,bh1750,fixed_position_sensor_facing_light,included
2026-09-26T07:06:05+08:00,1697.3,473.4,0.4734,31.59,51.38,1011.63,1600.0,63.5,sht20,bh1750,fixed_position_sensor_facing_light,included
2026-09-26T07:11:06+08:00,1697.3,473.4,0.4734,31.56,51.36,1011.79,1600.0,65.5,sht20,bh1750,fixed_position_sensor_facing_light,included
2026-09-26T07:16:06+08:00,1697.8,472.3,0.4723,31.7,50.87,1011.83,1600.8,63.5,sht20,bh1750,fixed_position_sensor_facing_light,included
2026-09-26T07:21:07+08:00,1699.3,474.1,0.4741,31.64,51.15,1011.8,1602.5,65.5,sht20,bh1750,fixed_position_sensor_facing_light,included
2026-09-26T07:26:08+08:00,1697.7,474.1,0.4741,31.61,51.41,1011.79,1601.7,63.5,sht20,bh1750,fixed_position_sensor_facing_light,included
2026-09-26T07:31:09+08:00,1697.3,472.9,0.4729,31.65,51.0,1011.82,1601.7,65.5,sht20,bh1750,fixed_position_sensor_facing_light,included
2026-09-26T07:36:09+08:00,1697.9,473.0,0.473,31.73,50.98,1011.77,1601.7,65.5,sht20,bh1750,fixed_position_sensor_facing_light,included
2026-09-26T07:41:10+08:00,1698.1,473.0,0.473,31.64,51.14,1011.88,1605.8,63.5,sht20,bh1750,fixed_position_sensor_facing_light,included
2026-09-26T07:46:10+08:00,1700.8,473.5,0.4735,31.64,51.09,1011.94,1601.7,63.5,sht20,bh1750,fixed_position_sensor_facing_light,included
2026-09-26T07:51:11+08:00,1699.7,473.7,0.4737,31.7,51.02,1011.86,1603.3,63.5,sht20,bh1750,fixed_position_sensor_facing_light,included
2026-09-26T07:56:11+08:00,1698.7,474.0,0.474,31.73,50.92,1012.0,1602.5,63.5,sht20,bh1750,fixed_position_sensor_facing_light,included
2026-09-26T08:01:12+08:00,1696.0,473.8,0.4738,31.82,50.63,1011.95,1603.3,63.5,sht20,bh1750,fixed_position_sensor_facing_light,included
2026-09-26T08:06:13+08:00,1697.3,474.7,0.4747,31.73,51.24,1012.09,1601.7,63.5,sht20,bh1750,fixed_position_sensor_facing_light,included
2026-09-26T08:11:13+08:00,1696.3,474.4,0.4744,31.73,51.19,1012.03,1605.0,63.5,sht20,bh1750,fixed_position_sensor_facing_light,included
2026-09-26T08:16:14+08:00,1700.0,473.5,0.4735,31.83,51.4,1011.98,1604.2,63.5,sht20,bh1750,fixed_position_sensor_facing_light,included
2026-09-26T08:21:15+08:00,1700.1,473.2,0.4732,31.81,51.48,1012.12,1603.3,63.5,sht20,bh1750,fixed_position_sensor_facing_light,included
2026-09-26T08:26:16+08:00,1700.0,474.5,0.4745,31.73,51.16,1012.06,1603.3,63.5,sht20,bh1750,fixed_position_sensor_facing_light,included
2026-09-26T08:31:16+08:00,1698.1,473.4,0.4734,31.86,50.94,1012.12,1605.0,63.5,sht20,bh1750,fixed_position_sensor_facing_light,included
2026-09-26T08:36:17+08:00,1698.3,473.3,0.4733,31.79,51.54,1012.21,1605.8,63.5,sht20,bh1750,fixed_position_sensor_facing_light,included
2026-09-26T08:41:17+08:00,1696.8,473.6,0.4736,31.75,51.83,1012.21,1605.8,63.5,sht20,bh1750,fixed_position_sensor_facing_light,included
2026-09-26T08:46:18+08:00,1695.4,473.1,0.4731,31.82,51.62,1012.35,1605.0,63.5,sht20,bh1750,fixed_position_sensor_facing_light,included
2026-09-26T08:51:19+08:00,1700.9,473.4,0.4734,31.78,51.79,1012.12,1609.2,63.5,sht20,bh1750,fixed_position_sensor_facing_light,included
2026-09-26T08:56:19+08:00,1698.6,473.7,0.4737,31.76,52.18,1012.09,1607.5,63.5,sht20,bh1750,fixed_position_sensor_facing_light,included
2026-09-26T09:01:20+08:00,1695.2,473.6,0.4736,31.86,51.91,1012.06,1607.5,63.5,sht20,bh1750,fixed_position_sensor_facing_light,included
2026-09-26T09:06:20+08:00,1701.7,473.2,0.4732,31.79,52.29,1012.09,1608.3,65.5,sht20,bh1750,fixed_position_sensor_facing_light,included
2026-09-26T09:11:21+08:00,1697.5,473.8,0.4738,31.81,52.04,1012.09,1608.3,64.5,sht20,bh1750,fixed_position_sensor_facing_light,included
2026-09-26T09:16:22+08:00,1698.8,473.5,0.4735,31.81,52.11,1011.95,1606.7,63.5,sht20,bh1750,fixed_position_sensor_facing_light,included
2026-09-26T09:21:22+08:00,1696.7,473.2,0.4732,31.86,52.06,1011.98,1601.7,63.5,sht20,bh1750,fixed_position_sensor_facing_light,included
2026-09-26T09:26:23+08:00,1698.0,472.9,0.4729,31.88,52.12,1011.98,1607.5,63.5,sht20,bh1750,fixed_position_sensor_facing_light,included
2026-09-26T09:31:23+08:00,1697.9,473.6,0.4736,31.83,52.08,1011.86,1612.5,63.5,sht20,bh1750,fixed_position_sensor_facing_light,included
2026-09-26T09:36:24+08:00,1694.5,473.4,0.4734,31.88,52.05,1011.92,1604.2,63.5,sht20,bh1750,fixed_position_sensor_facing_light,included
2026-09-26T09:41:24+08:00,1699.5,472.8,0.4728,31.87,52.27,1011.77,1606.7,63.5,sht20,bh1750,fixed_position_sensor_facing_light,included
2026-09-26T09:46:25+08:00,1697.7,473.2,0.4732,31.92,52.18,1011.74,1609.2,65.5,sht20,bh1750,fixed_position_sensor_facing_light,included
2026-09-26T09:51:26+08:00,1696.7,473.9,0.4739,31.92,52.27,1011.71,1605.8,64.5,sht20,bh1750,fixed_position_sensor_facing_light,included
2026-09-26T09:56:27+08:00,1699.3,472.5,0.4725,31.9,52.42,1011.77,1601.7,65.5,sht20,bh1750,fixed_position_sensor_facing_light,included
2026-09-26T10:01:27+08:00,1695.8,473.7,0.4737,31.94,52.22,1011.72,1606.7,64.5,sht20,bh1750,fixed_position_sensor_facing_light,included
2026-09-26T10:06:28+08:00,1699.6,472.6,0.4726,31.9,52.49,1011.61,1602.5,63.5,sht20,bh1750,fixed_position_sensor_facing_light,included
2026-09-26T10:11:28+08:00,1698.1,473.8,0.4738,31.87,52.69,1011.58,1608.3,63.5,sht20,bh1750,fixed_position_sensor_facing_light,included
2026-09-26T10:16:29+08:00,1695.9,473.8,0.4738,31.89,52.72,1011.43,1608.3,65.5,sht20,bh1750,fixed_position_sensor_facing_light,included
2026-09-26T10:21:30+08:00,1696.9,472.5,0.4725,31.93,52.81,1011.38,1610.0,64.5,sht20,bh1750,fixed_position_sensor_facing_light,included
2026-09-26T10:26:30+08:00,1694.5,473.0,0.473,31.96,52.64,1011.29,1608.3,66.5,sht20,bh1750,fixed_position_sensor_facing_light,included
2026-09-26T10:31:31+08:00,1697.2,472.6,0.4726,32.0,52.58,1011.35,1609.2,64.5,sht20,bh1750,fixed_position_sensor_facing_light,included
2026-09-26T10:36:31+08:00,1696.9,472.5,0.4725,31.99,53.05,1011.29,1608.3,63.5,sht20,bh1750,fixed_position_sensor_facing_light,included
2026-09-26T10:41:32+08:00,1694.5,473.0,0.473,32.01,53.04,1011.23,1605.0,63.5,sht20,bh1750,fixed_position_sensor_facing_light,included
2026-09-26T10:46:33+08:00,1694.9,473.7,0.4737,32.04,53.0,1011.17,1608.3,63.5,sht20,bh1750,fixed_position_sensor_facing_light,included
2026-09-26T10:51:34+08:00,1696.9,473.5,0.4735,32.04,52.96,1011.12,1609.2,63.5,sht20,bh1750,fixed_position_sensor_facing_light,included
2026-09-26T10:56:34+08:00,1692.6,472.6,0.4726,32.02,53.2,1011.0,1605.0,63.5,sht20,bh1750,fixed_position_sensor_facing_light,included
2026-09-26T11:01:35+08:00,1693.9,472.9,0.4729,32.03,53.28,1010.8,1607.5,63.5,sht20,bh1750,fixed_position_sensor_facing_light,included
2026-09-26T11:06:35+08:00,1697.3,473.3,0.4733,32.02,53.41,1010.75,1609.2,65.5,sht20,bh1750,fixed_position_sensor_facing_light,included
2026-09-26T11:11:36+08:00,1695.2,472.5,0.4725,32.1,52.83,1010.54,1609.2,64.5,sht20,bh1750,fixed_position_sensor_facing_light,included
2026-09-26T11:16:36+08:00,1696.5,472.8,0.4728,32.11,53.15,1010.4,1606.7,63.5,sht20,bh1750,fixed_position_sensor_facing_light,included
2026-09-26T11:21:37+08:00,1699.8,471.6,0.4716,32.1,52.76,1010.43,1605.8,63.5,sht20,bh1750,fixed_position_sensor_facing_light,included
2026-09-26T11:26:38+08:00,1698.0,472.3,0.4723,32.12,52.83,1010.19,1605.8,63.5,sht20,bh1750,fixed_position_sensor_facing_light,included
2026-09-26T11:31:38+08:00,1694.5,472.6,0.4726,32.11,52.78,1010.11,1607.5,63.5,sht20,bh1750,fixed_position_sensor_facing_light,included
2026-09-26T11:36:39+08:00,1693.7,472.3,0.4723,32.13,52.94,1010.02,1606.7,65.5,sht20,bh1750,fixed_position_sensor_facing_light,included
2026-09-26T11:41:39+08:00,1693.7,472.3,0.4723,32.16,52.98,1010.2,1604.2,64.5,sht20,bh1750,fixed_position_sensor_facing_light,included
2026-09-26T11:46:40+08:00,1695.7,472.9,0.4729,32.14,53.02,1009.93,1604.2,64.5,sht20,bh1750,fixed_position_sensor_facing_light,included
2026-09-26T11:51:41+08:00,1694.1,472.4,0.4724,32.15,52.92,1009.93,1603.3,65.5,sht20,bh1750,fixed_position_sensor_facing_light,included
2026-09-26T11:56:41+08:00,1694.6,471.6,0.4716,32.16,52.99,1009.85,1605.0,64.5,sht20,bh1750,fixed_position_sensor_facing_light,included
2026-09-26T12:01:41+08:00,1691.5,472.3,0.4723,32.24,52.91,1009.68,1602.5,65.5,sht20,bh1750,fixed_position_sensor_facing_light,included
2026-09-26T12:06:42+08:00,1692.2,472.6,0.4726,32.23,53.07,1009.8,1599.2,64.5,sht20,bh1750,fixed_position_sensor_facing_light,included
2026-09-26T12:11:43+08:00,1692.6,472.6,0.4726,32.23,53.12,1009.71,1603.3,66.5,sht20,bh1750,fixed_position_sensor_facing_light,included
2026-09-26T12:16:44+08:00,1690.8,471.6,0.4716,32.25,53.08,1009.45,1603.3,66.5,sht20,bh1750,fixed_position_sensor_facing_light,included
2026-09-26T12:21:44+08:00,1694.6,471.3,0.4713,32.26,53.01,1009.27,1603.3,64.5,sht20,bh1750,fixed_position_sensor_facing_light,included
2026-09-26T12:26:45+08:00,1686.9,471.6,0.4716,32.27,53.02,1009.3,1601.7,66.5,sht20,bh1750,fixed_position_sensor_facing_light,included
2026-09-26T12:31:46+08:00,1689.9,471.0,0.471,32.24,53.1,1009.13,1600.0,64.5,sht20,bh1750,fixed_position_sensor_facing_light,included
2026-09-26T12:36:47+08:00,1692.3,471.3,0.4713,32.29,52.8,1008.98,1599.2,64.5,sht20,bh1750,fixed_position_sensor_facing_light,included
2026-09-26T12:41:47+08:00,1692.6,471.6,0.4716,32.32,52.62,1008.93,1600.0,64.5,sht20,bh1750,fixed_position_sensor_facing_light,included
2026-09-26T12:46:48+08:00,1689.4,471.1,0.4711,32.31,53.1,1008.84,1599.2,64.5,sht20,bh1750,fixed_position_sensor_facing_light,included
2026-09-26T12:51:48+08:00,1693.5,470.7,0.4707,32.32,52.92,1008.81,1600.0,66.5,sht20,bh1750,fixed_position_sensor_facing_light,included
2026-09-26T12:56:49+08:00,1696.4,471.5,0.4715,32.32,52.71,1008.72,1600.0,64.5,sht20,bh1750,fixed_position_sensor_facing_light,included
2026-09-26T13:01:49+08:00,1693.8,471.4,0.4714,32.33,52.81,1008.61,1600.0,66.5,sht20,bh1750,fixed_position_sensor_facing_light,included
2026-09-26T13:06:50+08:00,1691.6,471.7,0.4717,32.37,52.66,1008.38,1599.2,65.5,sht20,bh1750,fixed_position_sensor_facing_light,included
2026-09-26T13:11:50+08:00,1688.9,471.4,0.4714,32.38,52.4,1008.52,1598.3,64.5,sht20,bh1750,fixed_position_sensor_facing_light,included
2026-09-26T13:16:51+08:00,1688.3,471.5,0.4715,32.45,52.13,1008.33,1600.0,66.5,sht20,bh1750,fixed_position_sensor_facing_light,included
2026-09-26T13:21:52+08:00,1693.4,472.1,0.4721,32.47,51.95,1008.24,1599.2,66.5,sht20,bh1750,fixed_position_sensor_facing_light,included
2026-09-26T13:26:53+08:00,1694.6,471.5,0.4715,32.41,52.17,1008.21,1600.0,65.5,sht20,bh1750,fixed_position_sensor_facing_light,included
2026-09-26T13:31:53+08:00,1689.9,472.0,0.472,32.45,52.46,1008.09,1600.0,64.5,sht20,bh1750,fixed_position_sensor_facing_light,included
2026-09-26T13:36:54+08:00,1691.6,471.4,0.4714,32.44,52.78,1008.15,1600.0,64.5,sht20,bh1750,fixed_position_sensor_facing_light,included
2026-09-26T13:41:54+08:00,1691.3,470.9,0.4709,32.49,53.04,1008.06,1600.0,64.5,sht20,bh1750,fixed_position_sensor_facing_light,included
2026-09-26T13:46:55+08:00,1689.3,471.1,0.4711,32.54,53.39,1008.12,1600.0,66.5,sht20,bh1750,fixed_position_sensor_facing_light,included
2026-09-26T13:51:56+08:00,1689.0,471.4,0.4714,32.54,53.72,1008.04,1600.0,64.5,sht20,bh1750,fixed_position_sensor_facing_light,included
2026-09-26T13:56:56+08:00,1688.0,471.9,0.4719,32.55,54.11,1008.01,1600.0,64.5,sht20,bh1750,fixed_position_sensor_facing_light,included
2026-09-26T14:01:57+08:00,1688.4,471.7,0.4717,32.53,54.3,1007.98,1599.2,66.5,sht20,bh1750,fixed_position_sensor_facing_light,included
2026-09-26T14:06:58+08:00,1687.8,471.5,0.4715,32.53,54.72,1007.81,1598.3,64.5,sht20,bh1750,fixed_position_sensor_facing_light,included
2026-09-26T14:11:58+08:00,1687.8,470.9,0.4709,32.61,54.54,1007.81,1598.3,64.5,sht20,bh1750,fixed_position_sensor_facing_light,included
2026-09-26T14:16:58+08:00,1690.5,471.0,0.471,32.57,54.81,1007.9,1600.0,64.5,sht20,bh1750,fixed_position_sensor_facing_light,included
2026-09-26T14:21:59+08:00,1689.5,470.5,0.4705,32.59,55.04,1007.73,1600.8,66.5,sht20,bh1750,fixed_position_sensor_facing_light,included
2026-09-26T14:27:00+08:00,1690.0,470.7,0.4707,32.62,54.82,1007.7,1597.5,64.5,sht20,bh1750,fixed_position_sensor_facing_light,included
2026-09-26T14:32:00+08:00,1686.5,471.3,0.4713,32.67,54.94,1007.7,1600.0,66.5,sht20,bh1750,fixed_position_sensor_facing_light,included
2026-09-26T14:37:01+08:00,1689.5,470.0,0.47,32.64,55.08,1007.64,1596.7,65.5,sht20,bh1750,fixed_position_sensor_facing_light,included
2026-09-26T14:42:01+08:00,1687.2,470.3,0.4703,32.62,55.16,1007.84,1595.8,64.5,sht20,bh1750,fixed_position_sensor_facing_light,included
2026-09-26T14:47:02+08:00,1687.6,471.1,0.4711,32.68,55.1,1007.87,1598.3,66.5,sht20,bh1750,fixed_position_sensor_facing_light,included
2026-09-26T14:52:03+08:00,1686.1,470.5,0.4705,32.68,55.09,1007.9,1599.2,65.5,sht20,bh1750,fixed_position_sensor_facing_light,included
2026-09-26T14:57:03+08:00,1686.0,470.3,0.4703,32.68,55.26,1007.96,1600.8,64.5,sht20,bh1750,fixed_position_sensor_facing_light,included
2026-09-26T15:02:04+08:00,1687.0,470.4,0.4704,32.69,55.26,1007.93,1598.3,66.5,sht20,bh1750,fixed_position_sensor_facing_light,included
2026-09-26T15:07:05+08:00,1687.1,471.0,0.471,32.7,55.36,1007.98,1598.3,65.5,sht20,bh1750,fixed_position_sensor_facing_light,included
2026-09-26T15:12:06+08:00,1687.2,470.3,0.4703,32.75,55.3,1008.13,1597.5,66.5,sht20,bh1750,fixed_position_sensor_facing_light,included
2026-09-26T15:17:06+08:00,1684.7,471.0,0.471,32.74,55.42,1008.16,1603.3,65.5,sht20,bh1750,fixed_position_sensor_facing_light,included
2026-09-26T15:22:07+08:00,1685.2,470.6,0.4706,32.73,55.54,1008.1,1599.2,66.5,sht20,bh1750,fixed_position_sensor_facing_light,included
2026-09-26T15:27:08+08:00,1682.1,469.8,0.4698,32.76,55.48,1008.16,1597.5,65.5,sht20,bh1750,fixed_position_sensor_facing_light,included
2026-09-26T15:32:09+08:00,1686.4,471.5,0.4715,32.77,55.55,1008.27,1593.3,64.5,sht20,bh1750,fixed_position_sensor_facing_light,included
2026-09-26T15:37:09+08:00,1681.8,469.4,0.4694,32.77,55.55,1008.3,1599.2,66.5,sht20,bh1750,fixed_position_sensor_facing_light,included
2026-09-26T15:42:10+08:00,1685.0,469.9,0.4699,32.74,55.69,1008.36,1596.7,65.5,sht20,bh1750,fixed_position_sensor_facing_light,included
2026-09-26T15:47:10+08:00,1683.1,469.8,0.4698,32.73,55.9,1008.3,1595.8,64.5,sht20,bh1750,fixed_position_sensor_facing_light,included
2026-09-26T15:52:11+08:00,1689.0,470.7,0.4707,32.82,55.48,1008.47,1596.7,66.5,sht20,bh1750,fixed_position_sensor_facing_light,included
2026-09-26T15:57:11+08:00,1683.3,470.5,0.4705,32.81,55.49,1008.47,1595.0,65.5,sht20,bh1750,fixed_position_sensor_facing_light,included
2026-09-26T16:02:12+08:00,1684.9,469.3,0.4693,32.82,55.39,1008.44,1602.5,65.5,sht20,bh1750,fixed_position_sensor_facing_light,included
2026-09-26T16:07:13+08:00,1687.0,470.4,0.4704,31.7,51.71,1008.28,1601.7,65.5,sht20,bh1750,fixed_position_sensor_facing_light,included
2026-09-26T16:12:13+08:00,1687.7,469.6,0.4696,31.23,50.3,1008.47,1602.5,63.5,sht20,bh1750,fixed_position_sensor_facing_light,included
2026-09-26T16:17:14+08:00,1633.5,455.7,0.4557,31.3,50.58,1008.5,1148.3,62.5,sht20,bh1750,fixed_position_sensor_facing_light,included
2026-09-26T16:22:14+08:00,1468.3,407.7,0.4077,31.69,49.63,1008.45,965.8,64.5,sht20,bh1750,fixed_position_sensor_facing_light,included
2026-09-26T16:27:15+08:00,1130.1,315.8,0.3158,31.27,47.92,1008.5,169.2,62.5,sht20,bh1750,fixed_position_sensor_facing_light,included
2026-09-26T16:32:16+08:00,1791.2,497.5,0.4975,31.42,47.8,1008.59,2195.0,64.5,sht20,bh1750,fixed_position_sensor_facing_light,included
2026-09-26T16:37:16+08:00,1789.9,498.0,0.498,31.65,45.2,1008.56,2200.0,64.5,sht20,bh1750,fixed_position_sensor_facing_light,included
2026-09-26T16:42:17+08:00,1785.7,498.4,0.4984,31.44,44.58,1008.65,2211.7,62.5,sht20,bh1750,fixed_position_sensor_facing_light,included
2026-09-26T16:47:17+08:00,1788.3,498.6,0.4986,31.36,43.69,1008.73,2207.5,62.5,sht20,bh1750,fixed_position_sensor_facing_light,included
2026-09-26T16:52:18+08:00,1787.0,496.6,0.4966,31.28,44.19,1008.7,2148.3,62.5,sht20,bh1750,fixed_position_sensor_facing_light,included
2026-09-26T16:57:18+08:00,1726.5,481.0,0.481,31.27,43.06,1008.73,1310.0,62.5,sht20,bh1750,fixed_position_sensor_facing_light,included
2026-09-26T17:02:19+08:00,1723.9,480.7,0.4807,31.0,43.22,1008.87,1280.0,61.5,sht20,bh1750,fixed_position_sensor_facing_light,included
2026-09-26T17:07:20+08:00,1723.6,481.0,0.481,31.37,41.56,1008.97,1319.2,62.5,sht20,bh1750,fixed_position_sensor_facing_light,included
2026-09-26T17:12:20+08:00,1723.3,479.0,0.479,31.34,41.94,1008.85,1290.0,62.5,sht20,bh1750,fixed_position_sensor_facing_light,included
2026-09-26T17:17:21+08:00,1720.9,479.7,0.4797,31.44,41.22,1008.94,1294.2,62.5,sht20,bh1750,fixed_position_sensor_facing_light,included
2026-09-26T17:22:21+08:00,1724.4,480.5,0.4805,31.22,41.16,1009.05,1318.3,62.5,sht20,bh1750,fixed_position_sensor_facing_light,included
2026-09-26T17:27:22+08:00,1728.1,480.8,0.4808,31.02,41.25,1009.02,1307.5,62.5,sht20,bh1750,fixed_position_sensor_facing_light,included
2026-09-26T17:32:22+08:00,1729.7,480.6,0.4806,30.92,40.91,1009.22,1311.7,62.5,sht20,bh1750,fixed_position_sensor_facing_light,included
2026-09-26T17:37:23+08:00,1729.2,481.5,0.4815,30.87,40.57,1009.31,1315.8,63.5,sht20,bh1750,fixed_position_sensor_facing_light,included
2026-09-26T17:42:23+08:00,1724.7,481.2,0.4812,30.84,40.36,1009.07,1327.5,63.5,sht20,bh1750,fixed_position_sensor_facing_light,included
2026-09-26T17:47:24+08:00,1730.3,481.8,0.4818,30.78,40.04,1009.27,1300.8,64.5,sht20,bh1750,fixed_position_sensor_facing_light,included
2026-09-26T17:52:25+08:00,1732.1,482.9,0.4829,30.71,39.25,1009.27,1307.5,62.5,sht20,bh1750,fixed_position_sensor_facing_light,included
2026-09-26T17:57:25+08:00,1734.4,481.8,0.4818,30.7,38.82,1009.19,1295.0,63.5,sht20,bh1750,fixed_position_sensor_facing_light,included
2026-09-26T18:02:26+08:00,1803.6,502.1,0.5021,30.42,38.75,1009.18,2240.8,63.5,sht20,bh1750,fixed_position_sensor_facing_light,included
2026-09-26T18:07:27+08:00,1757.0,489.2,0.4892,30.66,39.14,1009.24,466.7,63.5,sht20,bh1750,fixed_position_sensor_facing_light,included
2026-09-26T18:12:27+08:00,1754.9,487.9,0.4879,30.59,38.17,1009.3,465.0,62.5,sht20,bh1750,fixed_position_sensor_facing_light,included
2026-09-26T18:17:28+08:00,1752.0,488.8,0.4888,30.51,37.92,1009.24,470.8,61.5,sht20,bh1750,fixed_position_sensor_facing_light,included
2026-09-26T18:22:28+08:00,1756.2,488.8,0.4888,30.42,37.83,1009.12,470.0,61.5,sht20,bh1750,fixed_position_sensor_facing_light,included
2026-09-26T18:27:29+08:00,1755.7,488.8,0.4888,30.37,37.69,1009.21,470.0,63.5,sht20,bh1750,fixed_position_sensor_facing_light,included
2026-09-26T18:32:29+08:00,1754.0,489.1,0.4891,30.39,37.3,1009.09,470.0,62.5,sht20,bh1750,fixed_position_sensor_facing_light,included
2026-09-26T18:37:30+08:00,1755.7,489.2,0.4893,30.41,37.22,1009.15,470.0,61.5,sht20,bh1750,fixed_position_sensor_facing_light,included
2026-09-26T18:42:30+08:00,1758.7,489.8,0.4898,30.34,37.37,1009.35,472.5,61.5,sht20,bh1750,fixed_position_sensor_facing_light,included
2026-09-26T18:47:31+08:00,1757.5,489.6,0.4896,30.37,37.66,1009.32,471.7,61.5,sht20,bh1750,fixed_position_sensor_facing_light,included
2026-09-26T18:52:31+08:00,1757.4,489.0,0.489,30.24,37.79,1009.26,469.2,61.5,sht20,bh1750,fixed_position_sensor_facing_light,included
2026-09-26T18:57:32+08:00,1754.0,489.3,0.4893,30.23,37.4,1009.44,469.2,62.5,sht20,bh1750,fixed_position_sensor_facing_light,included
2026-09-26T19:02:32+08:00,1754.0,489.1,0.4891,30.25,37.18,1009.32,470.0,62.5,sht20,bh1750,fixed_position_sensor_facing_light,included
2026-09-26T19:07:33+08:00,1757.8,489.3,0.4893,30.18,37.39,1009.38,473.3,63.5,sht20,bh1750,fixed_position_sensor_facing_light,included
2026-09-26T19:12:34+08:00,1757.5,489.2,0.4892,30.13,37.88,1009.46,470.0,61.5,sht20,bh1750,fixed_position_sensor_facing_light,included
2026-09-26T19:17:34+08:00,1755.3,488.7,0.4887,30.15,37.24,1009.49,470.8,61.5,sht20,bh1750,fixed_position_sensor_facing_light,included
2026-09-26T19:22:35+08:00,1758.0,488.7,0.4887,30.12,37.11,1009.52,469.2,61.5,sht20,bh1750,fixed_position_sensor_facing_light,included
2026-09-26T19:27:35+08:00,1756.2,489.4,0.4894,30.06,37.33,1009.58,470.0,61.5,sht20,bh1750,fixed_position_sensor_facing_light,included
2026-09-26T19:32:36+08:00,1756.4,489.0,0.489,30.02,37.37,1009.72,471.7,62.5,sht20,bh1750,fixed_position_sensor_facing_light,included
2026-09-26T19:37:37+08:00,1759.5,489.1,0.4891,30.23,37.33,1009.61,465.8,61.5,sht20,bh1750,fixed_position_sensor_facing_light,included
2026-09-26T19:42:37+08:00,1757.0,489.0,0.489,30.17,37.49,1009.64,469.2,63.5,sht20,bh1750,fixed_position_sensor_facing_light,included
2026-09-26T19:47:38+08:00,1752.8,488.9,0.4889,29.98,37.85,1009.61,468.3,63.5,sht20,bh1750,fixed_position_sensor_facing_light,included
2026-09-26T19:52:38+08:00,1755.5,488.6,0.4886,29.96,37.9,1009.69,472.5,63.5,sht20,bh1750,fixed_position_sensor_facing_light,included
2026-09-26T19:57:39+08:00,1757.2,489.1,0.4891,30.05,37.85,1009.67,466.7,61.5,sht20,bh1750,fixed_position_sensor_facing_light,included
2026-09-26T20:02:39+08:00,1755.1,488.4,0.4884,30.02,37.75,1009.78,463.3,62.5,sht20,bh1750,fixed_position_sensor_facing_light,included
2026-09-26T20:07:40+08:00,1757.3,488.8,0.4888,29.9,37.68,1009.72,469.2,63.5,sht20,bh1750,fixed_position_sensor_facing_light,included
2026-09-26T20:12:41+08:00,1758.4,489.5,0.4895,30.22,37.05,1009.76,470.0,63.5,sht20,bh1750,fixed_position_sensor_facing_light,included
2026-09-26T20:17:41+08:00,1756.9,489.5,0.4895,30.05,37.72,1009.75,465.8,62.5,sht20,bh1750,fixed_position_sensor_facing_light,included
2026-09-26T20:22:42+08:00,1758.4,489.6,0.4896,29.8,37.62,1009.75,470.0,62.5,sht20,bh1750,fixed_position_sensor_facing_light,included
2026-09-26T20:27:42+08:00,1758.4,490.0,0.49,29.49,38.36,1009.68,470.8,60.5,sht20,bh1750,fixed_position_sensor_facing_light,included
2026-09-26T20:32:43+08:00,1759.5,489.8,0.4898,29.56,38.8,1009.63,467.5,62.5,sht20,bh1750,fixed_position_sensor_facing_light,included
2026-09-26T20:37:43+08:00,1759.8,489.5,0.4895,29.78,38.7,1009.66,472.5,62.5,sht20,bh1750,fixed_position_sensor_facing_light,included
2026-09-26T20:42:44+08:00,1757.2,488.7,0.4887,29.82,38.55,1009.63,466.7,61.5,sht20,bh1750,fixed_position_sensor_facing_light,included
2026-09-26T20:47:45+08:00,1758.6,488.7,0.4887,29.89,38.65,1009.55,464.2,61.5,sht20,bh1750,fixed_position_sensor_facing_light,included
2026-09-26T20:52:45+08:00,1753.5,488.6,0.4886,29.88,38.33,1009.55,465.0,62.5,sht20,bh1750,fixed_position_sensor_facing_light,included
2026-09-26T20:57:45+08:00,1754.0,488.2,0.4882,30.09,38.72,1009.61,456.7,62.5,sht20,bh1750,fixed_position_sensor_facing_light,included
2026-09-26T21:02:46+08:00,1751.9,487.9,0.4879,30.66,39.36,1009.36,460.8,62.5,sht20,bh1750,fixed_position_sensor_facing_light,included
2026-09-26T21:07:47+08:00,1750.1,487.1,0.4871,30.91,39.32,1009.42,460.0,62.5,sht20,bh1750,fixed_position_sensor_facing_light,included
2026-09-26T21:12:47+08:00,1752.7,487.9,0.4879,31.12,39.42,1009.49,464.2,64.5,sht20,bh1750,fixed_position_sensor_facing_light,included
2026-09-26T21:17:48+08:00,1750.0,487.5,0.4875,31.29,40.14,1009.55,463.3,63.5,sht20,bh1750,fixed_position_sensor_facing_light,included
2026-09-26T21:22:48+08:00,1750.3,487.0,0.487,31.35,41.12,1009.61,463.3,63.5,sht20,bh1750,fixed_position_sensor_facing_light,included
2026-09-26T21:27:49+08:00,1744.7,485.9,0.4859,31.49,41.32,1009.61,458.3,63.5,sht20,bh1750,fixed_position_sensor_facing_light,included
2026-09-26T21:32:50+08:00,1743.2,485.8,0.4858,31.54,41.77,1009.64,459.2,63.5,sht20,bh1750,fixed_position_sensor_facing_light,included
2026-09-26T21:37:50+08:00,1741.6,485.5,0.4855,31.59,42.39,1009.61,456.7,63.5,sht20,bh1750,fixed_position_sensor_facing_light,included
2026-09-26T21:42:50+08:00,1743.1,485.3,0.4853,31.6,42.4,1009.7,460.0,63.5,sht20,bh1750,fixed_position_sensor_facing_light,included
2026-09-26T21:47:51+08:00,1742.1,485.4,0.4854,31.72,42.46,1009.76,456.7,63.5,sht20,bh1750,fixed_position_sensor_facing_light,included
2026-09-26T21:52:52+08:00,1740.8,485.0,0.485,31.74,42.7,1009.79,459.2,65.5,sht20,bh1750,fixed_position_sensor_facing_light,included
2026-09-26T21:57:52+08:00,1741.3,485.0,0.485,31.79,43.06,1009.73,459.2,64.5,sht20,bh1750,fixed_position_sensor_facing_light,included
2026-09-26T22:02:53+08:00,1741.4,485.3,0.4853,31.82,43.22,1009.79,460.8,66.5,sht20,bh1750,fixed_position_sensor_facing_light,included
2026-09-26T22:07:53+08:00,1741.9,484.9,0.4849,31.86,43.65,1009.82,460.0,66.5,sht20,bh1750,fixed_position_sensor_facing_light,included
2026-09-26T22:12:54+08:00,1742.2,484.2,0.4842,31.93,43.67,1009.79,460.8,64.5,sht20,bh1750,fixed_position_sensor_facing_light,included
2026-09-26T22:17:55+08:00,1740.3,484.7,0.4847,31.98,43.76,1009.85,462.5,66.5,sht20,bh1750,fixed_position_sensor_facing_light,included
2026-09-26T22:22:55+08:00,1742.0,484.7,0.4848,31.98,44.22,1009.74,461.7,64.5,sht20,bh1750,fixed_position_sensor_facing_light,included
2026-09-26T22:27:56+08:00,1736.8,484.3,0.4843,32.03,44.1,1009.77,460.8,64.5,sht20,bh1750,fixed_position_sensor_facing_light,included
2026-09-26T22:32:56+08:00,1738.0,485.0,0.485,32.05,44.77,1009.74,461.7,66.5,sht20,bh1750,fixed_position_sensor_facing_light,included
2026-09-26T22:37:57+08:00,1738.2,484.9,0.4849,32.09,44.86,1009.87,462.5,64.5,sht20,bh1750,fixed_position_sensor_facing_light,included
2026-09-26T22:42:58+08:00,1735.6,483.7,0.4837,32.15,44.83,1009.99,462.5,66.5,sht20,bh1750,fixed_position_sensor_facing_light,included
2026-09-26T22:47:59+08:00,1733.6,482.3,0.4823,32.14,45.24,1009.96,460.8,64.5,sht20,bh1750,fixed_position_sensor_facing_light,included
2026-09-26T22:52:59+08:00,1738.9,483.6,0.4836,32.2,45.61,1009.85,457.5,66.5,sht20,bh1750,fixed_position_sensor_facing_light,included
2026-09-26T22:58:00+08:00,1734.9,484.0,0.484,32.18,46.12,1009.93,461.7,64.5,sht20,bh1750,fixed_position_sensor_facing_light,included
2026-09-26T23:03:00+08:00,1738.2,483.4,0.4834,32.18,46.53,1009.83,460.0,64.5,sht20,bh1750,fixed_position_sensor_facing_light,included
2026-09-26T23:08:01+08:00,1737.1,483.5,0.4835,32.16,46.97,1010.05,463.3,66.5,sht20,bh1750,fixed_position_sensor_facing_light,included
2026-09-26T23:13:01+08:00,1735.3,482.9,0.4829,32.19,47.07,1009.93,459.2,64.5,sht20,bh1750,fixed_position_sensor_facing_light,included
2026-09-26T23:18:02+08:00,1735.3,483.7,0.4837,32.23,47.55,1010.05,458.3,66.5,sht20,bh1750,fixed_position_sensor_facing_light,included
2026-09-26T23:23:03+08:00,1736.4,484.4,0.4844,32.26,47.49,1009.94,462.5,65.5,sht20,bh1750,fixed_position_sensor_facing_light,included
2026-09-26T23:28:03+08:00,1735.4,483.3,0.4833,32.26,47.76,1009.91,460.8,66.5,sht20,bh1750,fixed_position_sensor_facing_light,included
2026-09-26T23:33:04+08:00,1735.1,483.6,0.4836,32.24,48.24,1009.91,464.2,66.5,sht20,bh1750,fixed_position_sensor_facing_light,included
2026-09-26T23:38:04+08:00,1736.0,483.7,0.4837,32.26,48.43,1009.83,464.2,65.5,sht20,bh1750,fixed_position_sensor_facing_light,included
2026-09-26T23:43:05+08:00,1736.7,483.7,0.4837,32.3,48.36,1009.68,461.7,66.5,sht20,bh1750,fixed_position_sensor_facing_light,included
2026-09-26T23:48:05+08:00,1733.7,483.4,0.4834,32.27,48.72,1009.83,461.7,65.5,sht20,bh1750,fixed_position_sensor_facing_light,included
2026-09-26T23:53:06+08:00,1734.4,484.0,0.484,32.34,48.65,1009.83,462.5,66.5,sht20,bh1750,fixed_position_sensor_facing_light,included
2026-09-26T23:58:07+08:00,1736.0,483.7,0.4837,32.27,49.08,1009.68,463.3,64.5,sht20,bh1750,fixed_position_sensor_facing_light,included
2026-09-27T00:03:07+08:00,1735.1,483.4,0.4834,32.31,49.1,1009.66,464.2,64.5,sht20,bh1750,fixed_position_sensor_facing_light,included
2026-09-27T00:08:08+08:00,1737.3,483.4,0.4834,32.25,49.32,1009.57,461.7,66.5,sht20,bh1750,fixed_position_sensor_facing_light,included
2026-09-27T00:13:09+08:00,1737.3,483.4,0.4834,32.3,49.46,1009.54,464.2,64.5,sht20,bh1750,fixed_position_sensor_facing_light,included
2026-09-27T00:18:10+08:00,1735.8,483.3,0.4833,32.4,49.24,1009.4,466.7,64.5,sht20,bh1750,fixed_position_sensor_facing_light,included
2026-09-27T00:23:10+08:00,1736.3,483.1,0.4831,32.33,49.76,1009.31,466.7,66.5,sht20,bh1750,fixed_position_sensor_facing_light,included
2026-09-27T00:28:11+08:00,1735.2,483.8,0.4838,32.38,49.6,1009.42,465.8,65.5,sht20,bh1750,fixed_position_sensor_facing_light,included
2026-09-27T00:33:11+08:00,1737.2,484.1,0.4841,32.34,49.7,1009.34,462.5,66.5,sht20,bh1750,fixed_position_sensor_facing_light,included
2026-09-27T00:38:12+08:00,1737.2,483.3,0.4832,32.35,50.08,1009.28,468.3,64.5,sht20,bh1750,fixed_position_sensor_facing_light,included
2026-09-27T00:43:13+08:00,1737.0,483.4,0.4834,32.32,50.34,1009.25,465.8,66.5,sht20,bh1750,fixed_position_sensor_facing_light,included
2026-09-27T00:48:13+08:00,1735.0,483.8,0.4838,32.42,50.02,1009.1,464.2,65.5,sht20,bh1750,fixed_position_sensor_facing_light,included
2026-09-27T00:53:14+08:00,1734.7,483.2,0.4832,32.4,50.2,1009.07,465.0,66.5,sht20,bh1750,fixed_position_sensor_facing_light,included
2026-09-27T00:58:14+08:00,1739.0,483.6,0.4836,32.4,50.28,1008.99,466.7,65.5,sht20,bh1750,fixed_position_sensor_facing_light,included
2026-09-27T01:03:15+08:00,1734.5,483.6,0.4836,32.35,50.55,1008.93,465.8,66.5,sht20,bh1750,fixed_position_sensor_facing_light,included
2026-09-27T01:08:16+08:00,1737.3,483.5,0.4835,32.44,49.94,1008.75,464.2,67.5,sht20,bh1750,fixed_position_sensor_facing_light,included
2026-09-27T01:13:16+08:00,1736.8,483.6,0.4836,32.49,50.28,1008.76,469.2,65.5,sht20,bh1750,fixed_position_sensor_facing_light,included
2026-09-27T01:18:17+08:00,1736.4,482.7,0.4827,32.47,50.5,1008.84,469.2,64.5,sht20,bh1750,fixed_position_sensor_facing_light,included
2026-09-27T01:23:17+08:00,1735.8,483.5,0.4835,32.47,50.81,1008.78,469.2,66.5,sht20,bh1750,fixed_position_sensor_facing_light,included
2026-09-27T01:28:18+08:00,1735.5,483.9,0.4839,32.49,50.63,1008.61,470.8,65.5,sht20,bh1750,fixed_position_sensor_facing_light,included
2026-09-27T01:33:19+08:00,1735.7,484.1,0.4841,32.5,50.95,1008.61,475.8,64.5,sht20,bh1750,fixed_position_sensor_facing_light,included
2026-09-27T01:38:19+08:00,1736.1,482.8,0.4828,32.48,51.58,1008.7,471.7,66.5,sht20,bh1750,fixed_position_sensor_facing_light,included
2026-09-27T01:43:19+08:00,1737.4,483.5,0.4835,32.03,49.95,1008.6,475.0,66.5,sht20,bh1750,fixed_position_sensor_facing_light,included
2026-09-27T01:48:20+08:00,1735.4,482.3,0.4823,31.44,47.34,1008.62,471.7,64.5,sht20,bh1750,fixed_position_sensor_facing_light,included
2026-09-27T01:53:21+08:00,1735.7,485.0,0.485,31.23,45.09,1008.73,471.7,64.5,sht20,bh1750,fixed_position_sensor_facing_light,included
2026-09-27T01:58:21+08:00,1736.0,483.8,0.4838,31.08,44.44,1008.73,470.0,62.5,sht20,bh1750,fixed_position_sensor_facing_light,included
2026-09-27T02:03:22+08:00,1742.3,485.6,0.4856,30.89,43.18,1008.67,475.8,62.5,sht20,bh1750,fixed_position_sensor_facing_light,included
2026-09-27T02:08:22+08:00,1744.3,486.0,0.486,30.78,41.8,1008.61,476.7,61.5,sht20,bh1750,fixed_position_sensor_facing_light,included
2026-09-27T02:13:23+08:00,1745.3,486.2,0.4862,30.63,41.01,1008.63,473.3,61.5,sht20,bh1750,fixed_position_sensor_facing_light,included
2026-09-27T02:18:23+08:00,1745.8,486.7,0.4867,30.49,39.92,1008.75,475.8,61.5,sht20,bh1750,fixed_position_sensor_facing_light,included
2026-09-27T02:23:24+08:00,1746.0,487.1,0.4871,30.35,39.85,1008.51,473.3,61.5,sht20,bh1750,fixed_position_sensor_facing_light,included
2026-09-27T02:28:24+08:00,1747.1,487.4,0.4874,30.34,39.3,1008.45,478.3,62.5,sht20,bh1750,fixed_position_sensor_facing_light,included
2026-09-27T02:33:25+08:00,1750.7,488.0,0.488,30.25,38.99,1008.48,474.2,61.5,sht20,bh1750,fixed_position_sensor_facing_light,included
2026-09-27T02:38:26+08:00,1753.9,488.1,0.4881,30.09,38.9,1008.43,478.3,60.5,sht20,bh1750,fixed_position_sensor_facing_light,included
2026-09-27T02:43:26+08:00,1751.5,487.9,0.4879,30.07,38.56,1008.54,479.2,62.5,sht20,bh1750,fixed_position_sensor_facing_light,included
2026-09-27T02:48:27+08:00,1757.1,488.0,0.488,29.96,38.11,1008.62,479.2,61.5,sht20,bh1750,fixed_position_sensor_facing_light,included
2026-09-27T02:53:27+08:00,1754.4,488.4,0.4884,29.93,37.97,1008.5,476.7,62.5,sht20,bh1750,fixed_position_sensor_facing_light,included
2026-09-27T02:58:28+08:00,1754.7,489.4,0.4894,29.81,37.95,1008.47,479.2,60.5,sht20,bh1750,fixed_position_sensor_facing_light,included
2026-09-27T03:03:29+08:00,1756.9,489.0,0.489,29.82,37.65,1008.53,478.3,60.5,sht20,bh1750,fixed_position_sensor_facing_light,included
2026-09-27T03:08:29+08:00,1755.8,489.0,0.489,29.93,36.98,1008.53,474.2,60.5,sht20,bh1750,fixed_position_sensor_facing_light,included
2026-09-27T03:13:30+08:00,1755.5,489.0,0.489,29.78,37.23,1008.39,475.0,60.5,sht20,bh1750,fixed_position_sensor_facing_light,included
2026-09-27T03:18:30+08:00,1755.6,489.5,0.4895,29.75,36.92,1008.53,479.2,62.5,sht20,bh1750,fixed_position_sensor_facing_light,included
2026-09-27T03:23:31+08:00,1759.7,489.7,0.4897,29.73,36.95,1008.36,477.5,62.5,sht20,bh1750,fixed_position_sensor_facing_light,included
2026-09-27T03:28:31+08:00,1760.4,490.3,0.4903,29.72,36.55,1008.47,480.0,62.5,sht20,bh1750,fixed_position_sensor_facing_light,included
2026-09-27T03:33:32+08:00,1761.2,490.1,0.4901,29.62,36.68,1008.5,478.3,61.5,sht20,bh1750,fixed_position_sensor_facing_light,included
2026-09-27T03:38:33+08:00,1764.0,490.6,0.4906,29.56,36.14,1008.58,479.2,60.5,sht20,bh1750,fixed_position_sensor_facing_light,included
2026-09-27T03:43:34+08:00,1763.7,490.3,0.4903,29.61,36.37,1008.47,477.5,62.5,sht20,bh1750,fixed_position_sensor_facing_light,included
2026-09-27T03:48:34+08:00,1760.5,490.8,0.4908,29.57,36.14,1008.53,476.7,61.5,sht20,bh1750,fixed_position_sensor_facing_light,included
2026-09-27T03:53:35+08:00,1763.5,490.5,0.4905,29.63,35.95,1008.61,480.0,62.5,sht20,bh1750,fixed_position_sensor_facing_light,included
2026-09-27T03:58:36+08:00,1761.9,490.8,0.4908,29.64,35.72,1008.53,475.8,62.5,sht20,bh1750,fixed_position_sensor_facing_light,included
2026-09-27T04:03:36+08:00,1764.2,490.4,0.4904,29.62,35.72,1008.73,480.0,62.5,sht20,bh1750,fixed_position_sensor_facing_light,included
2026-09-27T04:08:36+08:00,1760.9,490.5,0.4905,29.6,35.61,1008.7,476.7,62.5,sht20,bh1750,fixed_position_sensor_facing_light,included
2026-09-27T04:13:37+08:00,1764.1,490.9,0.4909,29.54,35.74,1008.64,480.0,62.5,sht20,bh1750,fixed_position_sensor_facing_light,included
2026-09-27T04:18:38+08:00,1762.7,490.8,0.4908,29.58,35.05,1008.7,480.0,62.5,sht20,bh1750,fixed_position_sensor_facing_light,included
2026-09-27T04:23:38+08:00,1764.3,490.4,0.4904,29.44,35.06,1008.76,477.5,62.5,sht20,bh1750,fixed_position_sensor_facing_light,included
2026-09-27T04:28:39+08:00,1764.7,491.2,0.4912,29.5,34.73,1008.7,476.7,62.5,sht20,bh1750,fixed_position_sensor_facing_light,included
2026-09-27T04:33:40+08:00,1763.3,490.8,0.4908,29.53,34.52,1008.67,477.5,61.5,sht20,bh1750,fixed_position_sensor_facing_light,included
2026-09-27T04:38:40+08:00,1763.9,491.4,0.4914,29.5,34.12,1008.67,479.2,60.5,sht20,bh1750,fixed_position_sensor_facing_light,included
2026-09-27T04:43:41+08:00,1765.8,491.5,0.4915,29.49,34.32,1008.67,477.5,60.5,sht20,bh1750,fixed_position_sensor_facing_light,included
2026-09-27T04:48:41+08:00,1764.2,491.5,0.4915,29.51,34.37,1008.55,478.3,60.5,sht20,bh1750,fixed_position_sensor_facing_light,included
2026-09-27T04:53:42+08:00,1764.4,491.6,0.4916,29.42,34.31,1008.58,480.8,60.5,sht20,bh1750,fixed_position_sensor_facing_light,included
2026-09-27T04:58:43+08:00,1763.7,491.4,0.4914,29.37,33.84,1008.7,479.2,62.5,sht20,bh1750,fixed_position_sensor_facing_light,included
2026-09-27T05:03:43+08:00,1765.3,491.6,0.4916,29.22,34.22,1008.61,476.7,60.5,sht20,bh1750,fixed_position_sensor_facing_light,included
2026-09-27T05:08:44+08:00,1769.0,492.3,0.4923,29.3,34.37,1008.69,480.0,60.5,sht20,bh1750,fixed_position_sensor_facing_light,included
2026-09-27T05:13:44+08:00,1766.0,492.0,0.492,29.3,34.2,1008.67,480.8,60.5,sht20,bh1750,fixed_position_sensor_facing_light,included
2026-09-27T05:18:45+08:00,1766.4,492.1,0.4921,29.27,34.0,1008.87,477.5,59.5,sht20,bh1750,fixed_position_sensor_facing_light,included
2026-09-27T05:23:46+08:00,1767.9,491.8,0.4918,29.12,33.98,1008.89,480.0,59.5,sht20,bh1750,fixed_position_sensor_facing_light,included
2026-09-27T05:28:46+08:00,1766.2,491.6,0.4916,29.18,34.14,1008.95,480.0,61.5,sht20,bh1750,fixed_position_sensor_facing_light,included
2026-09-27T05:33:47+08:00,1769.9,492.7,0.4927,29.17,34.01,1008.92,481.7,60.5,sht20,bh1750,fixed_position_sensor_facing_light,included
2026-09-27T05:38:47+08:00,1768.9,492.2,0.4922,29.2,34.08,1008.92,480.0,60.5,sht20,bh1750,fixed_position_sensor_facing_light,included
2026-09-27T05:43:48+08:00,1767.0,491.8,0.4918,29.15,33.73,1009.07,475.8,61.5,sht20,bh1750,fixed_position_sensor_facing_light,included
2026-09-27T05:48:48+08:00,1770.2,493.0,0.493,29.3,36.27,1009.19,477.5,62.5,sht20,bh1750,fixed_position_sensor_facing_light,included
2026-09-27T05:53:49+08:00,1771.9,493.1,0.4931,29.52,39.01,1009.22,478.3,61.5,sht20,bh1750,fixed_position_sensor_facing_light,included
2026-09-27T05:58:49+08:00,1765.9,492.9,0.4929,29.63,41.15,1009.11,480.0,60.5,sht20,bh1750,fixed_position_sensor_facing_light,included
2026-09-27T06:03:50+08:00,1764.9,491.8,0.4918,29.76,42.93,1009.2,478.3,61.5,sht20,bh1750,fixed_position_sensor_facing_light,included
2026-09-27T06:08:51+08:00,1765.0,491.3,0.4913,29.83,43.03,1009.11,478.3,61.5,sht20,bh1750,fixed_position_sensor_facing_light,included
2026-09-27T06:13:51+08:00,1764.9,491.0,0.491,29.6,41.52,1009.19,478.3,60.5,sht20,bh1750,fixed_position_sensor_facing_light,included
2026-09-27T06:18:52+08:00,1765.0,491.5,0.4915,29.53,40.1,1009.25,477.5,60.5,sht20,bh1750,fixed_position_sensor_facing_light,included
2026-09-27T06:23:52+08:00,1765.0,491.5,0.4915,29.45,39.42,1009.31,480.0,60.5,sht20,bh1750,fixed_position_sensor_facing_light,included
2026-09-27T06:28:53+08:00,1764.7,490.7,0.4907,29.47,38.6,1009.16,479.2,60.5,sht20,bh1750,fixed_position_sensor_facing_light,included
2026-09-27T06:33:53+08:00,1764.1,491.9,0.4919,29.43,38.01,1009.33,475.8,60.5,sht20,bh1750,fixed_position_sensor_facing_light,included
2026-09-27T06:38:54+08:00,1765.8,491.5,0.4915,29.42,37.85,1009.19,476.7,60.5,sht20,bh1750,fixed_position_sensor_facing_light,included
2026-09-27T06:43:54+08:00,1768.2,492.4,0.4924,29.32,37.68,1009.36,478.3,60.5,sht20,bh1750,fixed_position_sensor_facing_light,included
2026-09-27T06:48:55+08:00,1767.4,491.4,0.4914,29.33,37.2,1009.25,480.8,59.5,sht20,bh1750,fixed_position_sensor_facing_light,included
2026-09-27T06:53:55+08:00,1768.6,492.8,0.4928,29.29,37.04,1009.3,479.2,60.5,sht20,bh1750,fixed_position_sensor_facing_light,included
2026-09-27T06:58:56+08:00,1769.5,491.6,0.4916,29.21,37.17,1009.56,478.3,61.5,sht20,bh1750,fixed_position_sensor_facing_light,included
2026-09-27T07:03:56+08:00,1767.8,492.3,0.4922,29.08,37.41,1009.44,477.5,62.5,sht20,bh1750,fixed_position_sensor_facing_light,included
2026-09-27T07:08:57+08:00,1767.2,492.7,0.4927,29.07,37.46,1009.41,478.3,60.5,sht20,bh1750,fixed_position_sensor_facing_light,included
2026-09-27T07:13:57+08:00,1771.7,492.9,0.4929,29.07,38.06,1009.53,479.2,61.5,sht20,bh1750,fixed_position_sensor_facing_light,included
2026-09-27T07:18:58+08:00,1769.2,492.5,0.4925,29.36,41.58,1009.62,481.7,62.5,sht20,bh1750,fixed_position_sensor_facing_light,included
2026-09-27T07:23:59+08:00,1767.0,492.2,0.4922,29.59,43.29,1009.51,480.8,62.5,sht20,bh1750,fixed_position_sensor_facing_light,included
2026-09-27T07:28:59+08:00,1768.0,491.7,0.4917,29.72,45.2,1009.69,479.2,61.5,sht20,bh1750,fixed_position_sensor_facing_light,included
2026-09-27T07:34:00+08:00,1766.3,492.3,0.4922,29.77,46.42,1009.6,480.8,61.5,sht20,bh1750,fixed_position_sensor_facing_light,included
2026-09-27T07:39:00+08:00,1766.9,492.1,0.4921,29.87,46.09,1009.55,481.7,62.5,sht20,bh1750,fixed_position_sensor_facing_light,included
2026-09-27T07:44:01+08:00,1766.9,491.4,0.4914,29.76,44.54,1009.49,481.7,61.5,sht20,bh1750,fixed_position_sensor_facing_light,included
2026-09-27T07:49:01+08:00,1767.3,491.7,0.4917,29.61,43.07,1009.51,480.0,62.5,sht20,bh1750,fixed_position_sensor_facing_light,included
2026-09-27T07:54:02+08:00,1767.1,492.1,0.4921,29.53,42.21,1009.48,482.5,62.5,sht20,bh1750,fixed_position_sensor_facing_light,included
2026-09-27T07:59:02+08:00,1766.2,492.6,0.4926,29.43,41.26,1009.57,483.3,62.5,sht20,bh1750,fixed_position_sensor_facing_light,included
2026-09-27T08:04:03+08:00,1764.7,492.9,0.4929,29.34,40.41,1009.71,475.8,61.5,sht20,bh1750,fixed_position_sensor_facing_light,included
2026-09-27T08:09:04+08:00,1766.4,491.9,0.4919,29.32,40.04,1009.65,474.2,60.5,sht20,bh1750,fixed_position_sensor_facing_light,included
2026-09-27T08:14:05+08:00,1767.1,492.9,0.4929,29.21,40.1,1009.74,479.2,62.5,sht20,bh1750,fixed_position_sensor_facing_light,included
2026-09-27T08:19:05+08:00,1767.8,492.2,0.4922,29.2,39.49,1009.74,480.0,60.5,sht20,bh1750,fixed_position_sensor_facing_light,included
2026-09-27T08:24:06+08:00,1769.1,492.2,0.4922,29.17,39.11,1009.59,480.8,60.5,sht20,bh1750,fixed_position_sensor_facing_light,included
2026-09-27T08:29:07+08:00,1771.2,492.8,0.4928,29.16,39.14,1009.65,478.3,60.5,sht20,bh1750,fixed_position_sensor_facing_light,included
2026-09-27T08:34:08+08:00,1767.1,493.1,0.4931,29.11,38.72,1009.73,477.5,59.5,sht20,bh1750,fixed_position_sensor_facing_light,included
2026-09-27T08:39:08+08:00,1768.1,492.5,0.4925,29.08,39.03,1009.79,480.0,59.5,sht20,bh1750,fixed_position_sensor_facing_light,included
2026-09-27T08:44:09+08:00,1768.3,493.0,0.493,29.12,39.17,1009.76,478.3,59.5,sht20,bh1750,fixed_position_sensor_facing_light,included
2026-09-27T08:49:09+08:00,1768.8,492.7,0.4927,29.12,38.94,1009.62,481.7,59.5,sht20,bh1750,fixed_position_sensor_facing_light,included
2026-09-27T08:54:10+08:00,1771.4,492.2,0.4922,29.06,38.7,1009.67,480.0,59.5,sht20,bh1750,fixed_position_sensor_facing_light,included
2026-09-27T08:59:10+08:00,1770.7,492.1,0.4921,29.08,38.6,1009.65,480.0,61.5,sht20,bh1750,fixed_position_sensor_facing_light,included
2026-09-27T09:04:11+08:00,1773.5,493.4,0.4934,29.07,38.32,1009.56,480.0,62.5,sht20,bh1750,fixed_position_sensor_facing_light,included
2026-09-27T09:09:11+08:00,1772.2,493.3,0.4933,29.14,38.46,1009.56,484.2,60.5,sht20,bh1750,fixed_position_sensor_facing_light,included
2026-09-27T09:14:12+08:00,1771.9,492.8,0.4928,29.09,38.07,1009.5,484.2,60.5,sht20,bh1750,fixed_position_sensor_facing_light,included
2026-09-27T09:19:13+08:00,1770.2,492.7,0.4927,29.09,37.98,1009.47,482.5,61.5,sht20,bh1750,fixed_position_sensor_facing_light,included
2026-09-29T11:20:21+08:00,1644.5,459.2,0.4592,29.54,42.55,1012.23,790.8,60.5,sht20,bh1750,fixed_position_sensor_facing_light,included
2026-09-29T11:27:25+08:00,1650.1,459.4,0.4594,28.85,43.83,1012.04,579.2,59.5,sht20,bh1750,fixed_position_sensor_facing_light,included
2026-09-29T11:32:26+08:00,1648.3,459.9,0.4599,28.8,42.77,1012.07,577.5,61.5,sht20,bh1750,fixed_position_sensor_facing_light,included
2026-09-29T11:37:27+08:00,1832.7,509.9,0.5099,29.18,41.65,1011.85,1138.3,62.5,sht20,bh1750,fixed_position_sensor_facing_light,included
2026-09-29T11:42:27+08:00,1829.8,509.4,0.5094,29.27,40.51,1011.88,1142.5,62.5,sht20,bh1750,fixed_position_sensor_facing_light,included
2026-09-29T11:47:28+08:00,1828.3,508.5,0.5085,29.3,40.46,1011.91,1144.2,63.5,sht20,bh1750,fixed_position_sensor_facing_light,included
2026-09-29T11:52:28+08:00,1829.5,509.4,0.5094,29.3,40.14,1011.76,1151.7,63.5,sht20,bh1750,fixed_position_sensor_facing_light,included
2026-09-29T11:57:29+08:00,1830.1,509.7,0.5097,29.32,39.56,1011.79,1150.0,62.5,sht20,bh1750,fixed_position_sensor_facing_light,included
2026-09-29T12:02:29+08:00,1830.2,510.0,0.51,29.39,39.47,1011.57,1161.7,61.5,sht20,bh1750,fixed_position_sensor_facing_light,included
2026-09-29T12:07:30+08:00,1830.7,510.5,0.5105,29.34,39.46,1011.48,1160.8,62.5,sht20,bh1750,fixed_position_sensor_facing_light,included
2026-09-29T12:12:31+08:00,1831.5,510.2,0.5102,29.24,39.01,1011.51,1154.2,63.5,sht20,bh1750,fixed_position_sensor_facing_light,included
2026-09-29T12:17:31+08:00,1831.4,510.1,0.5101,29.34,38.97,1011.43,1154.2,63.5,sht20,bh1750,fixed_position_sensor_facing_light,included
2026-09-29T12:22:31+08:00,1833.4,509.6,0.5096,29.27,38.46,1011.25,1164.2,63.5,sht20,bh1750,fixed_position_sensor_facing_light,included
2026-09-29T12:27:32+08:00,1831.8,509.6,0.5096,29.32,38.2,1011.17,1160.0,63.5,sht20,bh1750,fixed_position_sensor_facing_light,included
2026-09-29T12:32:33+08:00,1833.0,509.7,0.5097,29.3,37.91,1010.91,1156.7,62.5,sht20,bh1750,fixed_position_sensor_facing_light,included
2026-09-29T12:37:33+08:00,1830.3,510.0,0.51,29.27,37.82,1010.94,1160.8,62.5,sht20,bh1750,fixed_position_sensor_facing_light,included
2026-09-29T12:42:34+08:00,1829.7,509.5,0.5095,29.28,37.42,1010.94,1160.0,63.5,sht20,bh1750,fixed_position_sensor_facing_light,included
2026-09-29T12:47:34+08:00,1827.4,509.1,0.5091,29.22,37.39,1010.85,1139.2,61.5,sht20,bh1750,fixed_position_sensor_facing_light,included
2026-09-29T12:52:35+08:00,1829.1,509.7,0.5098,29.31,37.53,1010.74,1155.0,62.5,sht20,bh1750,fixed_position_sensor_facing_light,included
2026-09-29T12:57:35+08:00,1828.0,509.4,0.5094,29.28,37.02,1010.68,1144.2,61.5,sht20,bh1750,fixed_position_sensor_facing_light,included
2026-09-29T13:02:36+08:00,1826.7,508.1,0.5081,29.31,37.21,1010.57,1142.5,62.5,sht20,bh1750,fixed_position_sensor_facing_light,included
2026-09-29T13:07:36+08:00,1831.1,509.8,0.5098,29.29,37.38,1010.28,1155.8,63.5,sht20,bh1750,fixed_position_sensor_facing_light,included
2026-09-29T13:12:37+08:00,1828.8,509.2,0.5092,29.27,37.01,1010.33,1152.5,61.5,sht20,bh1750,fixed_position_sensor_facing_light,included
2026-09-29T13:17:38+08:00,1830.7,509.3,0.5093,29.33,36.83,1010.22,1147.5,61.5,sht20,bh1750,fixed_position_sensor_facing_light,included
2026-09-29T13:22:38+08:00,1829.9,509.3,0.5093,29.19,36.95,1010.25,1150.8,61.5,sht20,bh1750,fixed_position_sensor_facing_light,included
2026-09-29T13:27:38+08:00,1829.2,509.0,0.509,29.53,38.34,1010.14,1138.3,61.5,sht20,bh1750,fixed_position_sensor_facing_light,included
2026-09-29T13:32:39+08:00,1826.0,508.3,0.5083,29.7,38.72,1010.23,1146.7,61.5,sht20,bh1750,fixed_position_sensor_facing_light,included
2026-09-29T13:37:40+08:00,1829.0,508.8,0.5088,29.51,37.83,1010.11,1148.3,61.5,sht20,bh1750,fixed_position_sensor_facing_light,included
2026-09-29T13:42:41+08:00,1829.5,509.2,0.5092,29.42,37.95,1009.99,1151.7,61.5,sht20,bh1750,fixed_position_sensor_facing_light,included
2026-09-29T13:47:41+08:00,1825.6,508.5,0.5085,29.41,38.05,1009.93,1140.0,62.5,sht20,bh1750,fixed_position_sensor_facing_light,included
2026-09-29T13:52:42+08:00,1826.7,509.7,0.5097,29.37,37.82,1009.9,1150.0,63.5,sht20,bh1750,fixed_position_sensor_facing_light,included
2026-09-29T13:57:42+08:00,1825.4,508.6,0.5086,29.41,37.55,1009.74,1139.2,62.5,sht20,bh1750,fixed_position_sensor_facing_light,included
2026-09-29T14:02:43+08:00,1828.7,509.0,0.509,29.39,37.78,1009.71,1150.8,62.5,sht20,bh1750,fixed_position_sensor_facing_light,included
2026-09-29T14:07:44+08:00,1825.4,508.7,0.5087,29.38,37.95,1009.74,1144.2,63.5,sht20,bh1750,fixed_position_sensor_facing_light,included
2026-09-29T14:12:44+08:00,1826.8,509.3,0.5093,29.41,37.8,1009.62,1141.7,63.5,sht20,bh1750,fixed_position_sensor_facing_light,included
2026-09-29T14:17:45+08:00,1825.6,508.9,0.5089,29.46,37.84,1009.6,1147.5,62.5,sht20,bh1750,fixed_position_sensor_facing_light,included
2026-09-29T14:22:45+08:00,1826.9,508.7,0.5087,29.49,37.89,1009.57,1139.2,63.5,sht20,bh1750,fixed_position_sensor_facing_light,included
2026-09-29T14:27:46+08:00,1827.3,508.6,0.5086,29.52,38.78,1009.51,1146.7,63.5,sht20,bh1750,fixed_position_sensor_facing_light,included
2026-09-29T14:32:47+08:00,1827.2,509.2,0.5092,29.47,38.77,1009.51,1152.5,63.5,sht20,bh1750,fixed_position_sensor_facing_light,included
2026-09-29T14:37:47+08:00,1827.0,509.5,0.5095,29.46,37.94,1009.51,1150.0,63.5,sht20,bh1750,fixed_position_sensor_facing_light,included
2026-09-29T14:42:48+08:00,1824.8,508.5,0.5085,29.56,37.91,1009.37,1153.3,63.5,sht20,bh1750,fixed_position_sensor_facing_light,included
2026-09-29T14:47:49+08:00,1827.0,508.6,0.5086,29.44,37.32,1009.42,1151.7,63.5,sht20,bh1750,fixed_position_sensor_facing_light,included
2026-09-29T14:52:49+08:00,1826.2,508.5,0.5085,29.48,37.48,1009.36,1147.5,63.5,sht20,bh1750,fixed_position_sensor_facing_light,included
2026-09-29T14:57:50+08:00,1825.8,508.6,0.5086,29.44,37.08,1009.25,1144.2,62.5,sht20,bh1750,fixed_position_sensor_facing_light,included
2026-09-29T15:02:50+08:00,1825.3,509.3,0.5093,29.39,37.02,1009.3,1138.3,62.5,sht20,bh1750,fixed_position_sensor_facing_light,included
2026-09-29T15:07:51+08:00,1823.3,507.8,0.5077,29.36,36.82,1009.48,1130.0,63.5,sht20,bh1750,fixed_position_sensor_facing_light,included
2026-09-29T15:12:51+08:00,1822.9,508.1,0.5081,29.32,36.82,1009.3,1135.8,63.5,sht20,bh1750,fixed_position_sensor_facing_light,included
2026-09-29T15:17:52+08:00,1824.6,508.2,0.5082,29.3,36.66,1009.39,1130.0,63.5,sht20,bh1750,fixed_position_sensor_facing_light,included
2026-09-29T15:22:52+08:00,1827.0,508.9,0.5089,29.38,36.13,1009.42,1150.0,62.5,sht20,bh1750,fixed_position_sensor_facing_light,included
2026-09-29T15:27:53+08:00,1826.0,508.7,0.5087,29.34,36.06,1009.42,1148.3,63.5,sht20,bh1750,fixed_position_sensor_facing_light,included
2026-09-29T15:32:53+08:00,1829.0,509.1,0.5091,29.31,36.11,1009.48,1147.5,63.5,sht20,bh1750,fixed_position_sensor_facing_light,included
2026-09-29T15:37:54+08:00,1826.2,508.8,0.5088,29.29,35.82,1009.59,1147.5,62.5,sht20,bh1750,fixed_position_sensor_facing_light,included
2026-09-29T15:42:54+08:00,1827.8,509.2,0.5092,29.33,35.99,1009.56,1147.5,62.5,sht20,bh1750,fixed_position_sensor_facing_light,included
2026-09-29T15:47:55+08:00,1826.3,509.3,0.5093,29.35,35.57,1009.56,1155.8,63.5,sht20,bh1750,fixed_position_sensor_facing_light,included
2026-09-29T15:52:56+08:00,1826.6,509.5,0.5095,29.31,35.74,1009.45,1142.5,63.5,sht20,bh1750,fixed_position_sensor_facing_light,included
2026-09-29T15:57:56+08:00,1828.7,508.8,0.5088,29.27,35.53,1009.68,1144.2,62.5,sht20,bh1750,fixed_position_sensor_facing_light,included
2026-09-29T16:02:57+08:00,1829.2,509.3,0.5093,29.29,35.37,1009.65,1154.2,61.5,sht20,bh1750,fixed_position_sensor_facing_light,included
2026-09-29T16:07:57+08:00,1828.1,509.9,0.5099,29.24,35.38,1009.68,1154.2,61.5,sht20,bh1750,fixed_position_sensor_facing_light,included
2026-09-29T16:12:58+08:00,1826.3,508.8,0.5088,29.26,35.39,1009.62,1144.2,60.5,sht20,bh1750,fixed_position_sensor_facing_light,included
2026-09-29T16:17:59+08:00,1830.7,509.6,0.5096,29.23,35.12,1009.85,1151.7,60.5,sht20,bh1750,fixed_position_sensor_facing_light,included
2026-09-29T16:22:59+08:00,1829.8,509.8,0.5098,29.27,34.8,1009.71,1160.0,60.5,sht20,bh1750,fixed_position_sensor_facing_light,included
2026-09-29T16:27:59+08:00,1831.7,509.7,0.5097,29.24,35.0,1009.71,1160.8,62.5,sht20,bh1750,fixed_position_sensor_facing_light,included
2026-09-29T16:33:00+08:00,1827.8,508.5,0.5085,29.26,35.07,1009.68,1139.2,63.5,sht20,bh1750,fixed_position_sensor_facing_light,included
2026-09-29T16:38:01+08:00,1829.4,509.7,0.5097,29.11,33.83,1009.73,1148.3,62.5,sht20,bh1750,fixed_position_sensor_facing_light,included
2026-09-29T16:43:01+08:00,1831.3,509.6,0.5096,29.08,35.19,1009.76,1156.7,60.5,sht20,bh1750,fixed_position_sensor_facing_light,included
2026-09-29T16:48:02+08:00,1831.3,509.9,0.5099,29.2,35.35,1009.93,1155.0,60.5,sht20,bh1750,fixed_position_sensor_facing_light,included
2026-09-29T16:53:02+08:00,1829.8,510.1,0.5101,29.26,35.88,1009.79,1156.7,60.5,sht20,bh1750,fixed_position_sensor_facing_light,included
2026-09-29T16:58:03+08:00,1828.2,510.2,0.5102,29.32,35.95,1009.93,1155.0,62.5,sht20,bh1750,fixed_position_sensor_facing_light,included
2026-09-29T17:03:04+08:00,1830.4,509.4,0.5094,29.28,36.48,1009.87,1163.3,63.5,sht20,bh1750,fixed_position_sensor_facing_light,included
2026-09-29T17:08:04+08:00,1832.4,510.3,0.5103,29.27,36.54,1009.96,1168.3,61.5,sht20,bh1750,fixed_position_sensor_facing_light,included
2026-09-29T17:13:04+08:00,1826.8,508.9,0.5089,29.3,36.86,1010.07,1150.0,62.5,sht20,bh1750,fixed_position_sensor_facing_light,included
2026-09-29T17:18:05+08:00,1821.6,507.0,0.507,29.31,37.27,1010.02,1106.7,63.5,sht20,bh1750,fixed_position_sensor_facing_light,included
2026-09-29T17:23:06+08:00,1384.1,386.7,0.3867,29.19,37.3,1010.01,154.2,63.5,sht20,bh1750,fixed_position_sensor_facing_light,included
2026-09-29T17:28:06+08:00,785.1,217.9,0.2179,29.23,37.46,1010.19,18.3,61.5,sht20,bh1750,fixed_position_sensor_facing_light,included
2026-09-29T17:33:07+08:00,908.9,252.9,0.2529,29.15,36.96,1010.13,19.2,60.5,sht20,bh1750,fixed_position_sensor_facing_light,included
2026-09-29T17:38:07+08:00,796.9,223.0,0.223,29.17,36.59,1010.13,18.3,60.5,sht20,bh1750,fixed_position_sensor_facing_light,included
2026-09-29T17:43:08+08:00,804.4,223.9,0.2239,29.12,36.81,1010.24,18.3,60.5,sht20,bh1750,fixed_position_sensor_facing_light,included
2026-09-29T17:48:09+08:00,800.9,223.2,0.2232,29.13,36.43,1010.3,18.3,60.5,sht20,bh1750,fixed_position_sensor_facing_light,included
2026-09-29T17:53:10+08:00,1026.2,287.3,0.2873,29.05,36.84,1010.24,19.2,60.5,sht20,bh1750,fixed_position_sensor_facing_light,included
2026-09-29T17:58:10+08:00,748.4,207.9,0.2079,29.08,36.64,1010.36,18.3,62.5,sht20,bh1750,fixed_position_sensor_facing_light,included
2026-09-29T18:03:11+08:00,852.5,237.6,0.2376,29.06,36.86,1010.36,19.2,62.5,sht20,bh1750,fixed_position_sensor_facing_light,included
2026-09-29T18:08:12+08:00,734.1,204.1,0.2041,29.04,36.53,1010.39,18.3,62.5,sht20,bh1750,fixed_position_sensor_facing_light,included
2026-09-29T18:13:12+08:00,732.8,204.3,0.2043,28.98,36.49,1010.44,18.3,62.5,sht20,bh1750,fixed_position_sensor_facing_light,included
2026-09-29T18:18:12+08:00,943.0,263.9,0.2639,28.93,36.29,1010.44,19.2,62.5,sht20,bh1750,fixed_position_sensor_facing_light,included
2026-09-29T18:23:13+08:00,731.5,204.2,0.2042,28.9,36.87,1010.59,17.5,62.5,sht20,bh1750,fixed_position_sensor_facing_light,included
2026-09-29T18:28:14+08:00,740.0,206.5,0.2065,28.86,36.14,1010.73,18.3,61.5,sht20,bh1750,fixed_position_sensor_facing_light,included
2026-09-29T18:33:15+08:00,728.9,203.8,0.2038,28.91,36.27,1010.64,18.3,60.5,sht20,bh1750,fixed_position_sensor_facing_light,included
2026-09-29T18:38:15+08:00,834.7,233.5,0.2335,29.06,41.72,1010.76,18.3,60.5,sht20,bh1750,fixed_position_sensor_facing_light,included
2026-09-29T18:43:16+08:00,729.3,203.3,0.2033,29.33,45.86,1010.86,18.3,62.5,sht20,bh1750,fixed_position_sensor_facing_light,included
2026-09-29T18:48:16+08:00,727.4,202.5,0.2025,29.54,47.62,1010.92,17.5,61.5,sht20,bh1750,fixed_position_sensor_facing_light,included
2026-09-29T18:53:17+08:00,741.3,206.8,0.2068,29.79,49.1,1010.96,18.3,63.5,sht20,bh1750,fixed_position_sensor_facing_light,included
2026-09-29T18:58:18+08:00,725.3,201.7,0.2017,30.02,49.39,1010.93,18.3,64.5,sht20,bh1750,fixed_position_sensor_facing_light,included
2026-09-29T19:03:19+08:00,810.6,226.5,0.2265,29.77,45.0,1011.03,18.3,62.5,sht20,bh1750,fixed_position_sensor_facing_light,included
2026-09-29T19:08:19+08:00,716.9,199.2,0.1992,29.5,42.97,1010.95,18.3,61.5,sht20,bh1750,fixed_position_sensor_facing_light,included
2026-09-29T19:13:20+08:00,714.1,199.3,0.1993,29.36,41.7,1011.14,18.3,62.5,sht20,bh1750,fixed_position_sensor_facing_light,included
2026-09-29T19:18:20+08:00,926.2,258.1,0.2581,29.28,40.94,1011.14,19.2,62.5,sht20,bh1750,fixed_position_sensor_facing_light,included
2026-09-29T19:23:21+08:00,721.5,201.8,0.2018,29.18,40.27,1011.28,17.5,61.5,sht20,bh1750,fixed_position_sensor_facing_light,included
2026-09-29T19:28:22+08:00,743.0,204.9,0.2049,29.12,39.58,1011.19,18.3,60.5,sht20,bh1750,fixed_position_sensor_facing_light,included
2026-09-29T19:33:22+08:00,766.8,214.5,0.2145,29.09,38.94,1011.42,18.3,60.5,sht20,bh1750,fixed_position_sensor_facing_light,included
2026-09-29T19:38:23+08:00,843.2,235.3,0.2353,29.03,38.0,1011.39,18.3,60.5,sht20,bh1750,fixed_position_sensor_facing_light,included
2026-09-29T19:43:23+08:00,946.8,263.6,0.2636,29.12,37.27,1011.34,19.2,60.5,sht20,bh1750,fixed_position_sensor_facing_light,included
2026-09-29T19:48:24+08:00,949.1,265.1,0.2651,29.05,37.17,1011.45,19.2,60.5,sht20,bh1750,fixed_position_sensor_facing_light,included
2026-09-29T19:53:24+08:00,731.7,203.6,0.2036,29.07,36.49,1011.36,17.5,62.5,sht20,bh1750,fixed_position_sensor_facing_light,included
2026-09-29T19:58:25+08:00,845.5,235.8,0.2358,29.0,36.44,1011.64,18.3,62.5,sht20,bh1750,fixed_position_sensor_facing_light,included
2026-09-29T20:03:26+08:00,836.1,234.7,0.2347,29.01,35.92,1011.51,18.3,60.5,sht20,bh1750,fixed_position_sensor_facing_light,included
2026-09-29T20:08:26+08:00,723.3,201.5,0.2015,29.0,35.45,1011.57,17.5,60.5,sht20,bh1750,fixed_position_sensor_facing_light,included
2026-09-29T20:13:27+08:00,948.1,264.4,0.2644,29.01,36.3,1011.64,19.2,60.5,sht20,bh1750,fixed_position_sensor_facing_light,included
2026-09-29T20:18:27+08:00,908.2,254.1,0.2541,28.98,35.56,1011.7,18.3,61.5,sht20,bh1750,fixed_position_sensor_facing_light,included
2026-09-29T20:23:28+08:00,906.7,253.7,0.2537,28.91,35.97,1011.81,18.3,62.5,sht20,bh1750,fixed_position_sensor_facing_light,included
2026-09-29T20:28:29+08:00,911.6,255.3,0.2553,29.12,40.92,1011.76,19.2,62.5,sht20,bh1750,fixed_position_sensor_facing_light,included
2026-09-29T20:33:29+08:00,910.1,253.6,0.2536,29.28,44.8,1011.79,19.2,62.5,sht20,bh1750,fixed_position_sensor_facing_light,included
2026-09-29T20:38:30+08:00,906.8,252.7,0.2527,29.47,47.3,1011.74,18.3,63.5,sht20,bh1750,fixed_position_sensor_facing_light,included
2026-09-29T20:43:30+08:00,906.4,253.3,0.2533,29.73,50.11,1011.66,19.2,63.5,sht20,bh1750,fixed_position_sensor_facing_light,included
2026-09-29T20:48:31+08:00,704.5,196.5,0.1965,30.0,51.29,1011.67,15.8,64.5,sht20,bh1750,fixed_position_sensor_facing_light,included
2026-09-29T20:53:31+08:00,704.6,196.0,0.196,29.92,47.37,1011.84,17.5,62.5,sht20,bh1750,fixed_position_sensor_facing_light,included
2026-09-29T20:58:32+08:00,898.3,250.4,0.2504,29.59,44.66,1011.77,18.3,61.5,sht20,bh1750,fixed_position_sensor_facing_light,included
2026-09-29T21:03:32+08:00,1120.6,312.9,0.3129,29.43,42.92,1011.74,119.2,62.5,sht20,bh1750,fixed_position_sensor_facing_light,included
2026-09-29T21:08:33+08:00,1095.3,305.8,0.3058,29.39,41.34,1011.74,106.7,62.5,sht20,bh1750,fixed_position_sensor_facing_light,included
2026-09-29T21:13:33+08:00,1091.6,304.4,0.3044,29.36,40.04,1011.74,105.8,62.5,sht20,bh1750,fixed_position_sensor_facing_light,included
2026-09-29T21:18:34+08:00,1092.9,304.8,0.3048,29.31,39.17,1011.63,104.2,62.5,sht20,bh1750,fixed_position_sensor_facing_light,included
2026-09-29T21:23:35+08:00,1090.2,305.1,0.3051,29.27,38.69,1011.76,104.2,62.5,sht20,bh1750,fixed_position_sensor_facing_light,included
2026-09-29T21:28:35+08:00,1092.2,305.8,0.3058,29.19,38.5,1011.82,104.2,62.5,sht20,bh1750,fixed_position_sensor_facing_light,included
2026-09-29T21:33:36+08:00,1096.9,305.0,0.305,29.18,38.6,1011.79,105.0,61.5,sht20,bh1750,fixed_position_sensor_facing_light,included
2026-09-29T21:38:36+08:00,1090.7,306.1,0.3061,29.18,38.37,1011.82,105.0,62.5,sht20,bh1750,fixed_position_sensor_facing_light,included
2026-09-29T21:43:37+08:00,1094.7,305.5,0.3055,29.12,38.51,1011.82,103.3,61.5,sht20,bh1750,fixed_position_sensor_facing_light,included
2026-09-29T21:48:37+08:00,1094.4,306.3,0.3063,29.07,38.54,1011.76,104.2,62.5,sht20,bh1750,fixed_position_sensor_facing_light,included
2026-09-29T21:53:38+08:00,1113.4,310.3,0.3103,29.06,38.05,1011.82,105.0,62.5,sht20,bh1750,fixed_position_sensor_facing_light,included
2026-09-29T21:58:38+08:00,798.4,223.4,0.2234,28.95,38.47,1011.73,19.2,60.5,sht20,bh1750,fixed_position_sensor_facing_light,included
2026-09-29T22:03:39+08:00,909.1,253.9,0.2539,29.0,41.96,1011.84,19.2,62.5,sht20,bh1750,fixed_position_sensor_facing_light,included
2026-09-29T22:08:40+08:00,890.4,248.6,0.2486,29.31,47.37,1011.76,18.3,62.5,sht20,bh1750,fixed_position_sensor_facing_light,included
2026-09-29T22:13:40+08:00,697.7,194.6,0.1946,29.5,48.55,1011.86,19.2,61.5,sht20,bh1750,fixed_position_sensor_facing_light,included
2026-09-29T22:18:41+08:00,693.6,193.6,0.1936,29.74,50.72,1011.92,19.2,61.5,sht20,bh1750,fixed_position_sensor_facing_light,included
2026-09-29T22:23:41+08:00,690.9,192.4,0.1924,29.92,53.5,1011.98,19.2,61.5,sht20,bh1750,fixed_position_sensor_facing_light,included
2026-09-29T22:28:42+08:00,684.6,191.3,0.1913,30.07,51.77,1012.05,19.2,61.5,sht20,bh1750,fixed_position_sensor_facing_light,included
2026-09-29T22:33:42+08:00,1111.1,309.7,0.3097,29.85,46.41,1012.04,111.7,61.5,sht20,bh1750,fixed_position_sensor_facing_light,included
2026-09-29T22:38:43+08:00,1099.2,307.0,0.307,29.74,44.64,1011.98,109.2,61.5,sht20,bh1750,fixed_position_sensor_facing_light,included
2026-09-29T22:43:44+08:00,1097.5,307.0,0.307,29.68,42.29,1012.03,108.3,62.5,sht20,bh1750,fixed_position_sensor_facing_light,included
2026-09-29T22:48:44+08:00,1098.8,307.0,0.307,29.61,41.59,1011.95,109.2,61.5,sht20,bh1750,fixed_position_sensor_facing_light,included
2026-09-29T22:53:45+08:00,1102.1,307.8,0.3078,29.6,40.74,1011.92,108.3,60.5,sht20,bh1750,fixed_position_sensor_facing_light,included
2026-09-29T22:58:46+08:00,1110.9,310.7,0.3107,29.51,40.17,1011.91,110.0,60.5,sht20,bh1750,fixed_position_sensor_facing_light,included
2026-09-29T23:03:47+08:00,1109.4,309.9,0.3099,29.44,39.61,1011.94,108.3,60.5,sht20,bh1750,fixed_position_sensor_facing_light,included
2026-09-29T23:08:47+08:00,1267.8,353.0,0.353,29.16,40.47,1012.11,124.2,60.5,sht20,bh1750,fixed_position_sensor_facing_light,included
2026-09-29T23:13:48+08:00,1338.4,372.4,0.3724,29.02,38.98,1012.19,125.8,61.5,sht20,bh1750,fixed_position_sensor_facing_light,included
2026-09-29T23:18:49+08:00,1062.6,296.3,0.2963,28.97,39.09,1012.22,31.7,59.5,sht20,bh1750,fixed_position_sensor_facing_light,included
2026-09-29T23:23:50+08:00,1059.3,295.6,0.2956,28.95,39.13,1012.22,31.7,59.5,sht20,bh1750,fixed_position_sensor_facing_light,included
2026-09-29T23:28:51+08:00,1054.8,294.7,0.2947,28.94,39.23,1012.25,30.8,59.5,sht20,bh1750,fixed_position_sensor_facing_light,included
2026-09-29T23:33:51+08:00,1065.7,297.3,0.2973,28.91,39.07,1012.27,31.7,59.5,sht20,bh1750,fixed_position_sensor_facing_light,included
2026-09-29T23:38:52+08:00,1073.0,298.9,0.2989,28.92,40.78,1012.22,32.5,59.5,sht20,bh1750,fixed_position_sensor_facing_light,included
2026-09-29T23:43:52+08:00,1067.2,297.6,0.2976,29.34,45.83,1012.29,31.7,60.5,sht20,bh1750,fixed_position_sensor_facing_light,included
2026-09-29T23:48:53+08:00,1063.0,296.9,0.2969,29.56,48.87,1012.41,31.7,60.5,sht20,bh1750,fixed_position_sensor_facing_light,included
2026-09-29T23:53:54+08:00,1049.1,294.2,0.2942,29.68,50.8,1012.53,30.8,62.5,sht20,bh1750,fixed_position_sensor_facing_light,included
2026-09-29T23:58:55+08:00,1063.8,297.0,0.297,29.93,52.35,1012.45,31.7,63.5,sht20,bh1750,fixed_position_sensor_facing_light,included
2026-09-30T00:03:56+08:00,1057.9,296.0,0.296,30.11,53.33,1012.51,31.7,62.5,sht20,bh1750,fixed_position_sensor_facing_light,included
2026-09-30T00:08:57+08:00,1056.8,294.7,0.2947,29.79,48.38,1012.53,31.7,61.5,sht20,bh1750,fixed_position_sensor_facing_light,included
2026-09-30T00:13:58+08:00,1058.8,295.5,0.2955,29.54,47.07,1012.52,31.7,61.5,sht20,bh1750,fixed_position_sensor_facing_light,included
2026-09-30T00:18:59+08:00,1055.8,295.0,0.295,29.36,45.65,1012.58,31.7,60.5,sht20,bh1750,fixed_position_sensor_facing_light,included
2026-09-30T00:24:00+08:00,1059.1,296.7,0.2968,29.34,44.63,1012.49,31.7,62.5,sht20,bh1750,fixed_position_sensor_facing_light,included
2026-09-30T00:29:00+08:00,1064.6,297.7,0.2977,29.27,43.57,1012.4,31.7,62.5,sht20,bh1750,fixed_position_sensor_facing_light,included
2026-09-30T00:34:01+08:00,1063.1,296.4,0.2964,29.26,42.36,1012.34,31.7,62.5,sht20,bh1750,fixed_position_sensor_facing_light,included
2026-09-30T00:39:02+08:00,1066.8,298.2,0.2982,29.14,42.02,1012.37,31.7,62.5,sht20,bh1750,fixed_position_sensor_facing_light,included
2026-09-30T00:44:03+08:00,1064.0,297.3,0.2973,29.12,41.69,1012.48,31.7,62.5,sht20,bh1750,fixed_position_sensor_facing_light,included
2026-09-30T00:49:04+08:00,1070.3,299.4,0.2994,29.11,42.08,1012.28,32.5,60.5,sht20,bh1750,fixed_position_sensor_facing_light,included
2026-09-30T00:54:04+08:00,1074.8,300.4,0.3004,29.11,41.25,1012.4,32.5,60.5,sht20,bh1750,fixed_position_sensor_facing_light,included
2026-09-30T00:59:05+08:00,1075.1,300.2,0.3002,29.13,40.39,1012.31,31.7,59.5,sht20,bh1750,fixed_position_sensor_facing_light,included
2026-09-30T01:04:06+08:00,228.6,62.9,0.0629,28.97,40.66,1012.42,13.3,59.5,sht20,bh1750,fixed_position_sensor_facing_light,included
2026-09-30T01:09:06+08:00,225.4,62.4,0.0624,29.02,45.06,1012.39,13.3,61.5,sht20,bh1750,fixed_position_sensor_facing_light,included
2026-09-30T01:14:07+08:00,221.9,62.3,0.0623,29.19,48.78,1012.46,13.3,62.5,sht20,bh1750,fixed_position_sensor_facing_light,included
2026-09-30T01:19:08+08:00,222.8,62.0,0.062,29.31,50.84,1012.46,13.3,62.5,sht20,bh1750,fixed_position_sensor_facing_light,included
2026-09-30T01:24:08+08:00,227.4,62.9,0.0629,29.5,52.4,1012.41,13.3,63.5,sht20,bh1750,fixed_position_sensor_facing_light,included
2026-09-30T01:29:09+08:00,228.4,62.5,0.0625,29.61,53.64,1012.53,13.3,63.5,sht20,bh1750,fixed_position_sensor_facing_light,included
2026-09-30T01:34:09+08:00,224.0,62.5,0.0625,29.75,54.91,1012.41,13.3,62.5,sht20,bh1750,fixed_position_sensor_facing_light,included
2026-09-30T01:39:10+08:00,221.1,61.6,0.0616,29.62,49.9,1012.44,13.3,63.5,sht20,bh1750,fixed_position_sensor_facing_light,included
2026-09-30T01:44:10+08:00,222.5,62.4,0.0624,29.29,47.61,1012.4,13.3,63.5,sht20,bh1750,fixed_position_sensor_facing_light,included
2026-09-30T01:49:11+08:00,223.5,62.8,0.0628,29.08,46.06,1012.25,13.3,62.5,sht20,bh1750,fixed_position_sensor_facing_light,included
2026-09-30T01:54:11+08:00,227.0,62.6,0.0626,29.03,44.62,1012.19,13.3,62.5,sht20,bh1750,fixed_position_sensor_facing_light,included
2026-09-30T01:59:12+08:00,226.6,62.5,0.0625,28.93,44.21,1012.22,13.3,60.5,sht20,bh1750,fixed_position_sensor_facing_light,included
2026-09-30T02:04:12+08:00,226.1,63.1,0.0631,28.89,43.62,1012.16,13.3,60.5,sht20,bh1750,fixed_position_sensor_facing_light,included
2026-09-30T02:09:13+08:00,229.8,63.5,0.0635,28.77,43.13,1012.04,13.3,59.5,sht20,bh1750,fixed_position_sensor_facing_light,included
2026-09-30T02:14:14+08:00,229.8,64.1,0.0641,28.67,43.12,1012.1,13.3,59.5,sht20,bh1750,fixed_position_sensor_facing_light,included
2026-09-30T02:19:15+08:00,231.6,63.6,0.0636,28.74,42.22,1012.13,13.3,59.5,sht20,bh1750,fixed_position_sensor_facing_light,included
2026-09-30T02:24:15+08:00,230.5,64.7,0.0647,28.65,41.75,1012.15,13.3,59.5,sht20,bh1750,fixed_position_sensor_facing_light,included
2026-09-30T02:29:16+08:00,229.3,64.4,0.0644,28.6,42.44,1012.15,13.3,59.5,sht20,bh1750,fixed_position_sensor_facing_light,included
2026-09-30T02:34:16+08:00,229.0,64.5,0.0645,28.9,49.12,1012.16,13.3,59.5,sht20,bh1750,fixed_position_sensor_facing_light,included
2026-09-30T02:39:17+08:00,231.3,64.6,0.0646,29.11,51.5,1012.11,13.3,59.5,sht20,bh1750,fixed_position_sensor_facing_light,included
2026-09-30T02:44:17+08:00,231.1,64.3,0.0643,29.17,53.91,1012.02,13.3,60.5,sht20,bh1750,fixed_position_sensor_facing_light,included
2026-09-30T02:49:18+08:00,231.5,64.7,0.0647,29.37,55.15,1012.2,13.3,60.5,sht20,bh1750,fixed_position_sensor_facing_light,included
2026-09-30T02:54:18+08:00,232.7,65.0,0.065,29.51,56.19,1012.03,13.3,61.5,sht20,bh1750,fixed_position_sensor_facing_light,included
2026-09-30T02:59:19+08:00,231.5,64.3,0.0643,29.66,56.07,1012.09,13.3,62.5,sht20,bh1750,fixed_position_sensor_facing_light,included
2026-09-30T03:04:20+08:00,230.5,63.8,0.0638,29.28,50.26,1012.14,13.3,61.5,sht20,bh1750,fixed_position_sensor_facing_light,included
2026-09-30T03:09:20+08:00,229.1,65.1,0.0651,29.01,48.38,1012.08,13.3,60.5,sht20,bh1750,fixed_position_sensor_facing_light,included
2026-09-30T03:14:21+08:00,232.5,64.3,0.0643,28.85,46.83,1012.04,13.3,59.5,sht20,bh1750,fixed_position_sensor_facing_light,included
2026-09-30T03:19:21+08:00,236.6,65.7,0.0657,28.78,45.99,1012.07,13.3,59.5,sht20,bh1750,fixed_position_sensor_facing_light,included
2026-09-30T03:24:22+08:00,234.2,65.5,0.0655,28.72,44.32,1012.04,13.3,59.5,sht20,bh1750,fixed_position_sensor_facing_light,included
2026-09-30T03:29:23+08:00,237.0,65.6,0.0656,28.6,43.25,1012.15,13.3,61.5,sht20,bh1750,fixed_position_sensor_facing_light,included
2026-09-30T03:34:23+08:00,236.7,65.1,0.0651,28.83,50.26,1012.27,13.3,60.5,sht20,bh1750,fixed_position_sensor_facing_light,included
2026-09-30T03:39:24+08:00,235.0,65.4,0.0654,28.98,52.83,1012.36,13.3,60.5,sht20,bh1750,fixed_position_sensor_facing_light,included
2026-09-30T03:44:24+08:00,234.6,64.8,0.0648,29.16,54.75,1012.25,13.3,62.5,sht20,bh1750,fixed_position_sensor_facing_light,included
2026-09-30T03:49:25+08:00,233.0,65.0,0.065,29.26,56.52,1012.23,13.3,61.5,sht20,bh1750,fixed_position_sensor_facing_light,included
2026-09-30T03:54:26+08:00,236.0,64.9,0.0649,29.42,58.04,1012.35,13.3,60.5,sht20,bh1750,fixed_position_sensor_facing_light,included
2026-09-30T03:59:26+08:00,232.9,64.6,0.0646,29.6,58.61,1012.41,13.3,61.5,sht20,bh1750,fixed_position_sensor_facing_light,included
2026-09-30T04:04:27+08:00,232.3,65.5,0.0655,29.26,52.62,1012.37,13.3,61.5,sht20,bh1750,fixed_position_sensor_facing_light,included
2026-09-30T04:09:27+08:00,232.5,65.3,0.0653,28.98,50.63,1012.39,13.3,60.5,sht20,bh1750,fixed_position_sensor_facing_light,included
2026-09-30T04:14:28+08:00,235.1,65.3,0.0653,28.83,48.91,1012.48,13.3,61.5,sht20,bh1750,fixed_position_sensor_facing_light,included
2026-09-30T04:19:28+08:00,237.1,65.2,0.0652,28.75,47.36,1012.44,13.3,62.5,sht20,bh1750,fixed_position_sensor_facing_light,included
2026-09-30T04:24:29+08:00,236.2,66.1,0.0661,28.63,46.19,1012.44,13.3,62.5,sht20,bh1750,fixed_position_sensor_facing_light,included
2026-09-30T04:29:29+08:00,236.6,65.4,0.0654,28.59,45.38,1012.41,13.3,60.5,sht20,bh1750,fixed_position_sensor_facing_light,included
2026-09-30T04:34:30+08:00,239.6,66.0,0.066,28.89,52.11,1012.51,13.3,62.5,sht20,bh1750,fixed_position_sensor_facing_light,included
2026-09-30T04:39:31+08:00,237.0,65.1,0.0651,29.04,54.09,1012.45,13.3,62.5,sht20,bh1750,fixed_position_sensor_facing_light,included
2026-09-30T04:44:31+08:00,237.3,65.4,0.0654,29.2,56.36,1012.52,13.3,61.5,sht20,bh1750,fixed_position_sensor_facing_light,included
2026-09-30T04:49:32+08:00,236.3,65.3,0.0653,29.32,58.62,1012.66,13.3,62.5,sht20,bh1750,fixed_position_sensor_facing_light,included
2026-09-30T04:54:32+08:00,232.8,64.5,0.0645,29.52,59.18,1012.73,13.3,63.5,sht20,bh1750,fixed_position_sensor_facing_light,included
2026-09-30T04:59:33+08:00,233.4,65.4,0.0654,29.7,59.03,1012.7,13.3,63.5,sht20,bh1750,fixed_position_sensor_facing_light,included
2026-09-30T05:04:33+08:00,235.3,65.3,0.0653,29.3,53.81,1012.66,13.3,61.5,sht20,bh1750,fixed_position_sensor_facing_light,included
2026-09-30T05:09:34+08:00,235.5,65.0,0.065,29.03,51.38,1012.74,13.3,62.5,sht20,bh1750,fixed_position_sensor_facing_light,included
2026-09-30T05:14:34+08:00,234.0,66.3,0.0663,28.83,49.46,1012.82,13.3,62.5,sht20,bh1750,fixed_position_sensor_facing_light,included
2026-09-30T05:19:35+08:00,236.8,65.9,0.0659,28.73,47.91,1012.65,13.3,60.5,sht20,bh1750,fixed_position_sensor_facing_light,included
2026-09-30T05:24:35+08:00,236.2,65.9,0.0659,28.61,46.75,1012.79,13.3,59.5,sht20,bh1750,fixed_position_sensor_facing_light,included
2026-09-30T05:29:36+08:00,237.9,65.7,0.0657,28.61,45.1,1012.73,13.3,61.5,sht20,bh1750,fixed_position_sensor_facing_light,included
2026-09-30T05:34:36+08:00,237.9,66.3,0.0663,28.87,51.76,1012.85,13.3,62.5,sht20,bh1750,fixed_position_sensor_facing_light,included
2026-09-30T05:39:37+08:00,237.0,66.5,0.0665,29.02,54.42,1012.86,13.3,62.5,sht20,bh1750,fixed_position_sensor_facing_light,included
2026-09-30T05:44:37+08:00,237.9,66.7,0.0667,29.15,56.64,1012.83,13.3,62.5,sht20,bh1750,fixed_position_sensor_facing_light,included
2026-09-30T05:49:38+08:00,239.6,65.9,0.0659,29.31,57.74,1012.95,13.3,62.5,sht20,bh1750,fixed_position_sensor_facing_light,included
2026-09-30T05:54:38+08:00,237.3,66.2,0.0662,29.39,59.55,1012.96,13.3,61.5,sht20,bh1750,fixed_position_sensor_facing_light,included
2026-09-30T05:59:39+08:00,238.3,66.6,0.0666,29.54,59.94,1012.93,13.3,61.5,sht20,bh1750,fixed_position_sensor_facing_light,included
2026-09-30T06:04:39+08:00,240.2,67.0,0.067,29.37,54.75,1013.01,13.3,61.5,sht20,bh1750,fixed_position_sensor_facing_light,included
2026-09-30T06:09:40+08:00,242.2,67.4,0.0674,28.97,52.22,1013.06,13.3,60.5,sht20,bh1750,fixed_position_sensor_facing_light,included
2026-09-30T06:14:40+08:00,245.9,68.4,0.0684,28.79,50.04,1013.02,13.3,59.5,sht20,bh1750,fixed_position_sensor_facing_light,included
2026-09-30T06:19:41+08:00,250.8,69.2,0.0692,28.69,48.35,1013.02,13.3,59.5,sht20,bh1750,fixed_position_sensor_facing_light,included
2026-09-30T06:24:42+08:00,254.5,70.1,0.0701,28.6,47.04,1013.1,13.3,59.5,sht20,bh1750,fixed_position_sensor_facing_light,included
2026-09-30T06:29:42+08:00,256.4,71.3,0.0713,28.57,45.73,1013.05,13.3,61.5,sht20,bh1750,fixed_position_sensor_facing_light,included
2026-09-30T06:34:43+08:00,261.1,72.4,0.0724,28.8,52.76,1013.19,13.3,60.5,sht20,bh1750,fixed_position_sensor_facing_light,included
2026-09-30T06:39:43+08:00,259.3,72.3,0.0723,29.0,54.91,1013.22,14.2,62.5,sht20,bh1750,fixed_position_sensor_facing_light,included
2026-09-30T06:44:44+08:00,265.5,73.2,0.0732,29.09,56.93,1013.28,13.3,62.5,sht20,bh1750,fixed_position_sensor_facing_light,included
2026-09-30T06:49:45+08:00,266.4,74.2,0.0742,29.23,58.05,1013.43,14.2,61.5,sht20,bh1750,fixed_position_sensor_facing_light,included
2026-09-30T06:54:45+08:00,271.0,74.8,0.0748,29.37,59.19,1013.41,14.2,62.5,sht20,bh1750,fixed_position_sensor_facing_light,included
2026-09-30T06:59:46+08:00,275.1,75.8,0.0758,29.52,60.21,1013.47,14.2,61.5,sht20,bh1750,fixed_position_sensor_facing_light,included
2026-09-30T07:04:46+08:00,279.6,77.7,0.0777,29.43,55.45,1013.41,14.2,63.5,sht20,bh1750,fixed_position_sensor_facing_light,included
2026-09-30T07:09:47+08:00,282.8,78.5,0.0785,28.98,52.08,1013.34,14.2,62.5,sht20,bh1750,fixed_position_sensor_facing_light,included
2026-09-30T07:14:47+08:00,293.4,81.5,0.0815,28.84,50.32,1013.36,14.2,60.5,sht20,bh1750,fixed_position_sensor_facing_light,included
2026-09-30T07:19:48+08:00,299.1,83.3,0.0833,28.69,48.88,1013.5,15.0,61.5,sht20,bh1750,fixed_position_sensor_facing_light,included
2026-09-30T07:24:49+08:00,308.1,85.6,0.0856,28.6,47.07,1013.55,15.0,62.5,sht20,bh1750,fixed_position_sensor_facing_light,included
2026-09-30T07:29:49+08:00,314.8,88.0,0.088,28.59,46.29,1013.61,15.0,62.5,sht20,bh1750,fixed_position_sensor_facing_light,included
2026-09-30T07:34:50+08:00,317.9,88.7,0.0887,28.63,49.02,1013.7,15.0,62.5,sht20,bh1750,fixed_position_sensor_facing_light,included
2026-09-30T07:39:50+08:00,328.1,90.4,0.0904,28.92,53.94,1013.73,15.0,60.5,sht20,bh1750,fixed_position_sensor_facing_light,included
2026-09-30T07:44:51+08:00,328.4,92.0,0.092,29.09,55.44,1013.77,15.8,62.5,sht20,bh1750,fixed_position_sensor_facing_light,included
2026-09-30T07:49:51+08:00,340.9,95.2,0.0952,29.21,56.93,1013.83,15.8,62.5,sht20,bh1750,fixed_position_sensor_facing_light,included
2026-09-30T07:54:52+08:00,349.1,97.3,0.0973,29.43,58.8,1013.72,15.8,63.5,sht20,bh1750,fixed_position_sensor_facing_light,included
2026-09-30T07:59:52+08:00,352.2,98.8,0.0988,29.56,59.89,1013.9,15.8,62.5,sht20,bh1750,fixed_position_sensor_facing_light,included
2026-09-30T08:04:53+08:00,358.5,99.6,0.0996,29.57,57.59,1013.9,15.8,63.5,sht20,bh1750,fixed_position_sensor_facing_light,included
2026-09-30T08:09:53+08:00,373.9,102.7,0.1027,29.14,53.91,1013.77,16.7,61.5,sht20,bh1750,fixed_position_sensor_facing_light,included
2026-09-30T08:14:54+08:00,380.6,106.3,0.1063,28.98,51.34,1013.73,16.7,62.5,sht20,bh1750,fixed_position_sensor_facing_light,included
2026-09-30T08:19:54+08:00,395.3,109.6,0.1096,28.84,49.85,1013.82,16.7,62.5,sht20,bh1750,fixed_position_sensor_facing_light,included
2026-09-30T08:24:55+08:00,405.5,113.5,0.1135,28.82,47.71,1013.76,17.5,62.5,sht20,bh1750,fixed_position_sensor_facing_light,included
2026-09-30T08:29:56+08:00,422.9,116.8,0.1168,28.76,46.88,1013.7,17.5,60.5,sht20,bh1750,fixed_position_sensor_facing_light,included
2026-09-30T08:34:56+08:00,437.7,120.6,0.1206,28.69,45.83,1013.64,18.3,59.5,sht20,bh1750,fixed_position_sensor_facing_light,included
2026-09-30T08:39:57+08:00,448.6,124.7,0.1247,28.71,44.7,1013.7,18.3,61.5,sht20,bh1750,fixed_position_sensor_facing_light,included
2026-09-30T08:44:57+08:00,465.7,129.8,0.1298,28.62,44.72,1013.64,19.2,60.5,sht20,bh1750,fixed_position_sensor_facing_light,included
2026-09-30T08:49:58+08:00,481.6,134.6,0.1346,28.55,44.06,1013.72,19.2,59.5,sht20,bh1750,fixed_position_sensor_facing_light,included
2026-09-30T08:54:58+08:00,496.1,137.9,0.1379,28.55,43.52,1013.72,20.0,61.5,sht20,bh1750,fixed_position_sensor_facing_light,included
2026-09-30T08:59:59+08:00,511.0,143.2,0.1432,28.49,42.56,1013.66,20.8,62.5,sht20,bh1750,fixed_position_sensor_facing_light,included
2026-09-30T09:04:59+08:00,533.6,148.7,0.1487,28.4,43.0,1013.69,21.7,62.5,sht20,bh1750,fixed_position_sensor_facing_light,included
2026-09-30T09:10:00+08:00,547.4,152.0,0.152,28.46,43.31,1013.66,21.7,60.5,sht20,bh1750,fixed_position_sensor_facing_light,included
2026-09-30T09:15:01+08:00,534.0,148.1,0.1481,28.7,48.45,1013.7,20.8,60.5,sht20,bh1750,fixed_position_sensor_facing_light,included
2026-09-30T09:20:01+08:00,555.2,155.1,0.1551,28.85,51.48,1013.51,22.5,60.5,sht20,bh1750,fixed_position_sensor_facing_light,included
2026-09-30T09:25:02+08:00,539.3,149.3,0.1493,28.95,54.42,1013.62,21.7,60.5,sht20,bh1750,fixed_position_sensor_facing_light,included
2026-09-30T09:30:02+08:00,570.9,159.4,0.1594,29.12,56.39,1013.56,23.3,60.5,sht20,bh1750,fixed_position_sensor_facing_light,included
2026-09-30T09:35:03+08:00,561.7,156.3,0.1563,29.32,57.2,1013.49,22.5,62.5,sht20,bh1750,fixed_position_sensor_facing_light,included
2026-09-30T09:40:04+08:00,572.4,159.0,0.159,29.51,58.34,1013.47,23.3,62.5,sht20,bh1750,fixed_position_sensor_facing_light,included
2026-09-30T09:45:04+08:00,571.1,159.6,0.1596,29.26,51.94,1013.46,23.3,62.5,sht20,bh1750,fixed_position_sensor_facing_light,included
2026-09-30T09:50:04+08:00,576.5,161.0,0.161,28.98,50.24,1013.45,23.3,61.5,sht20,bh1750,fixed_position_sensor_facing_light,included
2026-09-30T09:55:05+08:00,580.0,160.5,0.1605,28.84,48.15,1013.45,24.2,60.5,sht20,bh1750,fixed_position_sensor_facing_light,included
2026-09-30T10:00:06+08:00,576.3,159.5,0.1595,28.79,46.93,1013.39,23.3,60.5,sht20,bh1750,fixed_position_sensor_facing_light,included
2026-09-30T10:05:06+08:00,581.4,162.0,0.162,28.75,45.22,1013.36,24.2,61.5,sht20,bh1750,fixed_position_sensor_facing_light,included
2026-09-30T10:10:07+08:00,576.4,161.1,0.1611,28.69,44.67,1013.36,24.2,62.5,sht20,bh1750,fixed_position_sensor_facing_light,included
2026-09-30T10:15:07+08:00,581.4,161.8,0.1618,28.61,43.77,1013.27,24.2,62.5,sht20,bh1750,fixed_position_sensor_facing_light,included
2026-09-30T10:20:08+08:00,576.1,160.6,0.1606,28.6,43.32,1013.18,24.2,62.5,sht20,bh1750,fixed_position_sensor_facing_light,included
2026-09-30T10:25:09+08:00,580.2,161.6,0.1616,28.52,42.77,1013.21,24.2,60.5,sht20,bh1750,fixed_position_sensor_facing_light,included
2026-09-30T10:30:09+08:00,574.8,160.1,0.1601,28.46,42.9,1013.18,24.2,59.5,sht20,bh1750,fixed_position_sensor_facing_light,included
2026-09-30T10:35:10+08:00,1148.6,321.2,0.3212,28.44,42.22,1013.15,120.0,59.5,sht20,bh1750,fixed_position_sensor_facing_light,included
2026-09-30T10:40:11+08:00,1139.1,319.4,0.3194,28.47,42.22,1013.09,116.7,59.5,sht20,bh1750,fixed_position_sensor_facing_light,included
2026-09-30T10:45:11+08:00,1134.1,315.4,0.3154,28.42,41.61,1012.99,114.2,59.5,sht20,bh1750,fixed_position_sensor_facing_light,included
2026-09-30T10:50:12+08:00,1141.3,319.7,0.3197,28.42,41.3,1013.01,113.3,61.5,sht20,bh1750,fixed_position_sensor_facing_light,included
2026-09-30T10:55:12+08:00,1144.2,319.4,0.3194,29.21,40.4,1012.86,114.2,62.5,sht20,bh1750,fixed_position_sensor_facing_light,included
2026-09-30T11:00:13+08:00,1141.1,318.6,0.3186,29.85,41.13,1012.82,114.2,63.5,sht20,bh1750,fixed_position_sensor_facing_light,included
2026-09-30T11:05:13+08:00,1139.6,318.1,0.3181,30.12,42.36,1012.74,113.3,64.5,sht20,bh1750,fixed_position_sensor_facing_light,included
2026-09-30T11:10:14+08:00,1134.2,315.8,0.3158,30.4,44.51,1012.66,112.5,62.5,sht20,bh1750,fixed_position_sensor_facing_light,included
2026-09-30T11:15:14+08:00,1130.3,315.7,0.3157,30.55,47.3,1012.61,113.3,62.5,sht20,bh1750,fixed_position_sensor_facing_light,included
2026-09-30T11:20:15+08:00,1125.1,314.8,0.3148,30.66,47.99,1012.5,112.5,64.5,sht20,bh1750,fixed_position_sensor_facing_light,included
2026-09-30T11:25:16+08:00,1122.2,313.5,0.3135,30.77,47.98,1012.47,111.7,63.5,sht20,bh1750,fixed_position_sensor_facing_light,included
2026-09-30T11:30:16+08:00,1121.9,313.5,0.3135,30.85,47.6,1012.36,112.5,62.5,sht20,bh1750,fixed_position_sensor_facing_light,included
2026-09-30T11:35:17+08:00,1116.0,312.4,0.3124,30.93,47.38,1012.24,110.8,62.5,sht20,bh1750,fixed_position_sensor_facing_light,included
2026-09-30T11:40:17+08:00,1108.8,308.5,0.3085,30.99,47.12,1012.22,109.2,63.5,sht20,bh1750,fixed_position_sensor_facing_light,included
2026-09-30T11:45:18+08:00,1102.3,308.8,0.3088,31.11,47.45,1012.13,109.2,65.5,sht20,bh1750,fixed_position_sensor_facing_light,included
2026-09-30T11:50:19+08:00,1119.6,312.4,0.3124,31.02,47.63,1012.04,112.5,63.5,sht20,bh1750,fixed_position_sensor_facing_light,included
2026-09-30T11:55:19+08:00,1121.5,313.0,0.313,30.78,49.05,1011.86,113.3,64.5,sht20,bh1750,fixed_position_sensor_facing_light,included
2026-09-30T12:00:19+08:00,1111.1,310.2,0.3102,30.87,48.51,1011.69,111.7,63.5,sht20,bh1750,fixed_position_sensor_facing_light,included
2026-09-30T12:05:20+08:00,1104.3,309.2,0.3092,30.09,47.69,1011.84,110.8,62.5,sht20,bh1750,fixed_position_sensor_facing_light,included
2026-09-30T12:10:21+08:00,1106.8,310.1,0.3101,29.78,46.27,1011.69,112.5,61.5,sht20,bh1750,fixed_position_sensor_facing_light,included
2026-09-30T12:15:22+08:00,1108.2,309.0,0.309,29.62,44.54,1011.61,110.0,62.5,sht20,bh1750,fixed_position_sensor_facing_light,included
2026-09-30T12:20:23+08:00,1112.0,310.2,0.3102,29.56,43.45,1011.52,111.7,62.5,sht20,bh1750,fixed_position_sensor_facing_light,included
2026-09-30T12:25:23+08:00,1110.7,311.1,0.3111,29.43,43.25,1011.4,110.8,62.5,sht20,bh1750,fixed_position_sensor_facing_light,included
2026-09-30T12:30:24+08:00,1109.5,309.7,0.3097,29.5,44.21,1011.37,110.0,62.5,sht20,bh1750,fixed_position_sensor_facing_light,included
2026-09-30T12:35:24+08:00,1113.0,310.5,0.3105,29.38,43.29,1011.46,110.0,62.5,sht20,bh1750,fixed_position_sensor_facing_light,included
2026-09-30T12:40:25+08:00,1110.9,308.9,0.3089,29.32,43.16,1011.43,108.3,62.5,sht20,bh1750,fixed_position_sensor_facing_light,included
2026-09-30T12:45:25+08:00,1108.0,310.4,0.3104,29.34,42.45,1011.2,109.2,61.5,sht20,bh1750,fixed_position_sensor_facing_light,included
2026-09-30T12:50:26+08:00,1112.0,311.0,0.311,29.26,42.45,1011.22,110.0,60.5,sht20,bh1750,fixed_position_sensor_facing_light,included
2026-09-30T12:55:26+08:00,1129.7,315.7,0.3157,29.18,42.43,1011.28,112.5,59.5,sht20,bh1750,fixed_position_sensor_facing_light,included
2026-09-30T13:00:27+08:00,1132.7,315.7,0.3157,29.22,43.42,1011.16,112.5,59.5,sht20,bh1750,fixed_position_sensor_facing_light,included
2026-09-30T13:05:27+08:00,1128.5,315.6,0.3156,29.2,43.57,1011.11,114.2,59.5,sht20,bh1750,fixed_position_sensor_facing_light,included
2026-09-30T13:10:28+08:00,1125.4,314.5,0.3145,29.11,44.03,1011.07,111.7,59.5,sht20,bh1750,fixed_position_sensor_facing_light,included
2026-09-30T13:15:29+08:00,1121.1,313.4,0.3134,29.11,43.61,1010.85,111.7,59.5,sht20,bh1750,fixed_position_sensor_facing_light,included
2026-09-30T13:20:29+08:00,1636.7,457.4,0.4574,29.21,42.71,1010.88,704.2,59.5,sht20,bh1750,fixed_position_sensor_facing_light,included
2026-09-30T13:25:30+08:00,1638.6,457.0,0.457,29.26,42.77,1010.86,683.3,61.5,sht20,bh1750,fixed_position_sensor_facing_light,included
2026-09-30T13:30:30+08:00,1635.1,456.2,0.4562,29.2,42.52,1010.88,674.2,62.5,sht20,bh1750,fixed_position_sensor_facing_light,included
2026-09-30T13:35:31+08:00,1636.5,455.9,0.4559,29.17,43.18,1010.68,668.3,60.5,sht20,bh1750,fixed_position_sensor_facing_light,included
2026-09-30T13:40:31+08:00,1636.1,456.0,0.456,29.2,43.1,1010.57,667.5,61.5,sht20,bh1750,fixed_position_sensor_facing_light,included
2026-09-30T13:45:32+08:00,1634.4,456.0,0.456,29.23,42.65,1010.57,665.0,62.5,sht20,bh1750,fixed_position_sensor_facing_light,included
2026-09-30T13:50:32+08:00,1634.5,457.0,0.457,29.23,43.64,1010.54,665.0,62.5,sht20,bh1750,fixed_position_sensor_facing_light,included
2026-09-30T13:55:33+08:00,1637.0,456.8,0.4568,29.27,44.44,1010.6,664.2,60.5,sht20,bh1750,fixed_position_sensor_facing_light,included
2026-09-30T14:00:34+08:00,1640.3,456.9,0.4569,29.33,42.79,1010.54,663.3,60.5,sht20,bh1750,fixed_position_sensor_facing_light,included
2026-09-30T14:05:34+08:00,1640.0,456.6,0.4566,29.34,43.62,1010.57,665.0,59.5,sht20,bh1750,fixed_position_sensor_facing_light,included
2026-09-30T14:10:36+08:00,1638.1,456.8,0.4568,29.28,43.77,1010.54,664.2,62.5,sht20,bh1750,fixed_position_sensor_facing_light,included
2026-09-30T14:15:36+08:00,1639.1,456.3,0.4563,29.27,43.26,1010.54,663.3,62.5,sht20,bh1750,fixed_position_sensor_facing_light,included
2026-09-30T14:20:37+08:00,1638.0,456.6,0.4566,29.23,43.06,1010.54,665.0,62.5,sht20,bh1750,fixed_position_sensor_facing_light,included
2026-09-30T14:25:37+08:00,1640.5,457.9,0.4579,29.24,43.13,1010.48,663.3,61.5,sht20,bh1750,fixed_position_sensor_facing_light,included
2026-09-30T14:30:38+08:00,1635.4,457.1,0.4571,29.28,42.55,1010.48,662.5,60.5,sht20,bh1750,fixed_position_sensor_facing_light,included
2026-09-30T14:35:38+08:00,1639.3,456.6,0.4566,29.2,42.46,1010.54,662.5,60.5,sht20,bh1750,fixed_position_sensor_facing_light,included
2026-09-30T14:40:39+08:00,1638.4,456.1,0.4561,29.32,42.33,1010.48,661.7,62.5,sht20,bh1750,fixed_position_sensor_facing_light,included
2026-09-30T14:45:40+08:00,1639.0,457.5,0.4575,29.23,42.12,1010.45,663.3,60.5,sht20,bh1750,fixed_position_sensor_facing_light,included
2026-09-30T14:50:40+08:00,1640.1,457.3,0.4573,29.21,41.89,1010.42,660.8,60.5,sht20,bh1750,fixed_position_sensor_facing_light,included
2026-09-30T14:55:41+08:00,1637.9,457.8,0.4578,29.11,42.01,1010.53,662.5,59.5,sht20,bh1750,fixed_position_sensor_facing_light,included
2026-09-30T15:00:41+08:00,1638.8,457.4,0.4574,29.19,42.0,1010.51,663.3,59.5,sht20,bh1750,fixed_position_sensor_facing_light,included
2026-09-30T15:05:42+08:00,1639.7,457.6,0.4576,29.15,41.75,1010.51,663.3,59.5,sht20,bh1750,fixed_position_sensor_facing_light,included
2026-09-30T15:10:42+08:00,1638.5,457.4,0.4574,29.12,41.71,1010.59,661.7,61.5,sht20,bh1750,fixed_position_sensor_facing_light,included
2026-09-30T15:15:43+08:00,1636.6,457.9,0.4579,29.12,41.74,1010.68,661.7,62.5,sht20,bh1750,fixed_position_sensor_facing_light,included
2026-09-30T15:20:44+08:00,1640.2,458.3,0.4583,29.12,41.31,1010.71,663.3,60.5,sht20,bh1750,fixed_position_sensor_facing_light,included
2026-09-30T15:25:44+08:00,1641.0,457.8,0.4578,29.06,40.87,1010.68,662.5,59.5,sht20,bh1750,fixed_position_sensor_facing_light,included
2026-09-30T15:30:44+08:00,1641.0,458.2,0.4582,29.09,40.7,1010.74,661.7,62.5,sht20,bh1750,fixed_position_sensor_facing_light,included
2026-09-30T15:35:45+08:00,1638.3,457.8,0.4578,29.12,44.81,1010.79,661.7,60.5,sht20,bh1750,fixed_position_sensor_facing_light,included
2026-09-30T15:40:46+08:00,1640.7,457.9,0.4579,29.17,45.85,1010.88,660.8,60.5,sht20,bh1750,fixed_position_sensor_facing_light,included
2026-09-30T15:45:48+08:00,1641.8,457.8,0.4578,29.02,41.31,1010.94,660.8,59.5,sht20,bh1750,fixed_position_sensor_facing_light,included
2026-09-30T15:50:48+08:00,1633.2,455.7,0.4557,28.97,42.22,1010.88,660.0,59.5,sht20,bh1750,fixed_position_sensor_facing_light,included
2026-09-30T15:55:49+08:00,1631.9,455.2,0.4552,28.97,43.02,1011.07,659.2,59.5,sht20,bh1750,fixed_position_sensor_facing_light,included
2026-09-30T16:00:50+08:00,1633.5,455.9,0.4559,29.04,42.81,1010.94,661.7,61.5,sht20,bh1750,fixed_position_sensor_facing_light,included
2026-09-30T16:05:51+08:00,1634.6,456.3,0.4563,29.03,42.93,1011.1,660.8,62.5,sht20,bh1750,fixed_position_sensor_facing_light,included
2026-09-30T16:10:51+08:00,1633.2,455.8,0.4558,29.03,42.23,1011.01,661.7,62.5,sht20,bh1750,fixed_position_sensor_facing_light,included
2026-09-30T16:15:52+08:00,1633.3,456.0,0.456,29.02,42.18,1011.16,658.3,62.5,sht20,bh1750,fixed_position_sensor_facing_light,included
2026-09-30T16:20:53+08:00,1635.0,456.8,0.4568,28.92,41.07,1011.13,660.8,62.5,sht20,bh1750,fixed_position_sensor_facing_light,included
2026-09-30T16:25:53+08:00,1634.1,455.6,0.4556,28.91,41.31,1011.1,659.2,62.5,sht20,bh1750,fixed_position_sensor_facing_light,included
2026-09-30T16:30:54+08:00,1635.7,455.6,0.4556,28.8,41.48,1011.1,660.8,62.5,sht20,bh1750,fixed_position_sensor_facing_light,included
2026-09-30T16:35:54+08:00,1630.7,455.5,0.4555,28.77,41.81,1011.1,660.0,62.5,sht20,bh1750,fixed_position_sensor_facing_light,included
2026-09-30T16:40:55+08:00,1636.2,455.8,0.4558,28.75,41.13,1011.15,659.2,61.5,sht20,bh1750,fixed_position_sensor_facing_light,included
2026-09-30T16:45:56+08:00,1633.5,455.9,0.4559,28.84,40.94,1011.13,660.8,61.5,sht20,bh1750,fixed_position_sensor_facing_light,included
2026-09-30T16:50:56+08:00,1633.9,455.5,0.4555,28.87,40.17,1011.3,659.2,62.5,sht20,bh1750,fixed_position_sensor_facing_light,included
2026-09-30T16:55:57+08:00,1634.3,456.0,0.456,28.85,39.61,1011.21,660.8,62.5,sht20,bh1750,fixed_position_sensor_facing_light,included
2026-09-30T17:00:57+08:00,1634.6,456.1,0.4561,28.88,39.19,1011.24,657.5,62.5,sht20,bh1750,fixed_position_sensor_facing_light,included
2026-09-30T17:05:58+08:00,1632.2,455.9,0.4559,28.84,38.86,1011.24,659.2,62.5,sht20,bh1750,fixed_position_sensor_facing_light,included
2026-09-30T17:10:58+08:00,1634.0,456.3,0.4563,28.76,38.54,1011.18,658.3,62.5,sht20,bh1750,fixed_position_sensor_facing_light,included
2026-09-30T17:15:59+08:00,1635.2,456.3,0.4563,28.77,38.67,1011.12,658.3,62.5,sht20,bh1750,fixed_position_sensor_facing_light,included
2026-09-30T17:20:59+08:00,1631.9,455.5,0.4555,28.73,38.94,1011.24,660.0,59.5,sht20,bh1750,fixed_position_sensor_facing_light,included
2026-09-30T17:26:00+08:00,1632.4,456.6,0.4566,28.69,37.8,1011.24,660.8,59.5,sht20,bh1750,fixed_position_sensor_facing_light,included
2026-09-30T17:31:00+08:00,1635.3,456.1,0.4561,28.72,38.01,1011.15,660.0,59.5,sht20,bh1750,fixed_position_sensor_facing_light,included
2026-09-30T17:36:01+08:00,1637.5,456.5,0.4565,28.73,37.7,1011.18,659.2,59.5,sht20,bh1750,fixed_position_sensor_facing_light,included
2026-09-30T17:41:01+08:00,1633.9,457.2,0.4572,28.71,37.59,1011.18,659.2,61.5,sht20,bh1750,fixed_position_sensor_facing_light,included
2026-09-30T17:46:02+08:00,1637.4,456.9,0.4569,28.73,37.46,1011.24,660.0,59.5,sht20,bh1750,fixed_position_sensor_facing_light,included
2026-09-30T17:51:03+08:00,1636.5,454.6,0.4546,28.87,40.55,1011.27,655.0,59.5,sht20,bh1750,fixed_position_sensor_facing_light,included
2026-09-30T17:56:03+08:00,1639.6,456.2,0.4562,28.78,38.65,1011.24,655.8,61.5,sht20,bh1750,fixed_position_sensor_facing_light,included
2026-09-30T18:01:04+08:00,1633.1,455.3,0.4553,28.79,38.34,1011.3,655.8,62.5,sht20,bh1750,fixed_position_sensor_facing_light,included
2026-09-30T18:06:05+08:00,1635.2,456.2,0.4563,28.79,39.22,1011.24,655.8,62.5,sht20,bh1750,fixed_position_sensor_facing_light,included
2026-09-30T18:11:05+08:00,1637.0,454.9,0.4549,28.77,37.82,1011.36,656.7,60.5,sht20,bh1750,fixed_position_sensor_facing_light,included
2026-09-30T18:16:06+08:00,1634.5,456.7,0.4567,28.72,37.36,1011.33,654.2,59.5,sht20,bh1750,fixed_position_sensor_facing_light,included
2026-09-30T18:21:07+08:00,1636.6,457.1,0.4571,28.69,37.43,1011.53,656.7,59.5,sht20,bh1750,fixed_position_sensor_facing_light,included
2026-09-30T18:26:08+08:00,1637.1,456.2,0.4562,28.62,37.69,1011.47,655.0,59.5,sht20,bh1750,fixed_position_sensor_facing_light,included
2026-09-30T18:31:08+08:00,1637.8,455.9,0.4559,28.65,37.26,1011.44,654.2,59.5,sht20,bh1750,fixed_position_sensor_facing_light,included
2026-09-30T18:36:09+08:00,1634.3,456.1,0.4561,29.23,36.56,1011.43,655.0,59.5,sht20,bh1750,fixed_position_sensor_facing_light,included
2026-09-30T18:41:10+08:00,1634.7,455.9,0.4559,30.17,35.93,1011.59,655.8,61.5,sht20,bh1750,fixed_position_sensor_facing_light,included
2026-09-30T18:46:10+08:00,1631.2,455.3,0.4553,30.62,36.82,1011.71,654.2,62.5,sht20,bh1750,fixed_position_sensor_facing_light,included
2026-09-30T18:51:11+08:00,1627.9,453.9,0.4539,30.85,38.33,1011.69,654.2,62.5,sht20,bh1750,fixed_position_sensor_facing_light,included
2026-09-30T18:56:12+08:00,1625.5,454.2,0.4542,30.2,41.21,1011.62,655.0,64.5,sht20,bh1750,fixed_position_sensor_facing_light,included
2026-09-30T19:01:12+08:00,1622.2,454.3,0.4543,29.58,40.84,1011.83,653.3,62.5,sht20,bh1750,fixed_position_sensor_facing_light,included
2026-09-30T19:06:13+08:00,1626.1,453.6,0.4536,29.38,40.09,1011.94,654.2,60.5,sht20,bh1750,fixed_position_sensor_facing_light,included
2026-09-30T19:11:13+08:00,1630.9,454.4,0.4544,29.22,39.69,1011.99,653.3,62.5,sht20,bh1750,fixed_position_sensor_facing_light,included
2026-09-30T19:16:14+08:00,1629.8,454.5,0.4545,29.26,39.01,1012.11,655.0,60.5,sht20,bh1750,fixed_position_sensor_facing_light,included
2026-09-30T19:21:15+08:00,1629.2,455.3,0.4553,29.09,39.39,1012.16,655.0,59.5,sht20,bh1750,fixed_position_sensor_facing_light,included
2026-09-30T19:26:15+08:00,1631.9,455.3,0.4553,28.99,38.66,1012.22,654.2,59.5,sht20,bh1750,fixed_position_sensor_facing_light,included
2026-09-30T19:31:16+08:00,1634.2,455.8,0.4558,29.01,38.92,1012.28,654.2,61.5,sht20,bh1750,fixed_position_sensor_facing_light,included
2026-09-30T19:36:16+08:00,1629.9,454.8,0.4548,29.03,37.91,1012.42,655.0,62.5,sht20,bh1750,fixed_position_sensor_facing_light,included
2026-09-30T19:41:17+08:00,1636.9,456.1,0.4561,28.92,37.71,1012.42,655.8,62.5,sht20,bh1750,fixed_position_sensor_facing_light,included
2026-09-30T19:46:17+08:00,1634.1,456.1,0.4561,28.86,37.07,1012.48,655.8,62.5,sht20,bh1750,fixed_position_sensor_facing_light,included
2026-09-30T19:51:19+08:00,1634.9,455.8,0.4558,28.88,37.7,1012.71,655.8,60.5,sht20,bh1750,fixed_position_sensor_facing_light,included
2026-09-30T19:56:19+08:00,1577.1,439.7,0.4397,28.73,37.7,1012.65,419.2,59.5,sht20,bh1750,fixed_position_sensor_facing_light,included
2026-09-30T20:01:20+08:00,1578.2,440.9,0.4409,28.72,36.62,1012.73,421.7,59.5,sht20,bh1750,fixed_position_sensor_facing_light,included
2026-09-30T20:06:20+08:00,1579.0,440.3,0.4403,28.62,37.62,1012.76,422.5,59.5,sht20,bh1750,fixed_position_sensor_facing_light,included
2026-09-30T20:11:21+08:00,1577.7,440.1,0.4401,29.06,43.48,1012.86,420.8,59.5,sht20,bh1750,fixed_position_sensor_facing_light,included
2026-09-30T20:16:22+08:00,1579.1,440.9,0.4409,29.35,47.46,1013.06,422.5,59.5,sht20,bh1750,fixed_position_sensor_facing_light,included
2026-09-30T20:21:22+08:00,1573.2,439.7,0.4397,29.61,49.38,1013.02,422.5,60.5,sht20,bh1750,fixed_position_sensor_facing_light,included
2026-09-30T20:26:22+08:00,1576.1,438.4,0.4384,29.81,51.85,1012.97,422.5,60.5,sht20,bh1750,fixed_position_sensor_facing_light,included
2026-09-30T20:31:23+08:00,1577.6,439.9,0.4399,30.03,52.43,1013.06,423.3,61.5,sht20,bh1750,fixed_position_sensor_facing_light,included
2026-09-30T20:36:24+08:00,1574.5,438.9,0.4389,29.64,47.38,1013.13,424.2,60.5,sht20,bh1750,fixed_position_sensor_facing_light,included
2026-09-30T20:41:24+08:00,1572.9,438.2,0.4382,29.3,44.98,1013.2,424.2,60.5,sht20,bh1750,fixed_position_sensor_facing_light,included
2026-09-30T20:46:25+08:00,1576.0,439.8,0.4398,29.14,43.43,1013.2,422.5,61.5,sht20,bh1750,fixed_position_sensor_facing_light,included
2026-09-30T20:51:25+08:00,1576.1,439.3,0.4393,28.98,42.16,1013.28,423.3,60.5,sht20,bh1750,fixed_position_sensor_facing_light,included
2026-09-30T20:56:26+08:00,1577.2,438.6,0.4386,29.0,41.02,1013.25,425.0,61.5,sht20,bh1750,fixed_position_sensor_facing_light,included
2026-09-30T21:01:27+08:00,1576.3,439.6,0.4396,28.92,40.65,1013.28,423.3,61.5,sht20,bh1750,fixed_position_sensor_facing_light,included
2026-09-30T21:06:27+08:00,1579.7,441.2,0.4412,28.85,39.49,1013.33,425.8,62.5,sht20,bh1750,fixed_position_sensor_facing_light,included
2026-09-30T21:11:28+08:00,1576.4,440.9,0.4409,28.83,39.09,1013.3,425.0,61.5,sht20,bh1750,fixed_position_sensor_facing_light,included
2026-09-30T21:16:29+08:00,1578.3,440.0,0.44,28.75,38.4,1013.3,424.2,62.5,sht20,bh1750,fixed_position_sensor_facing_light,included
2026-09-30T21:21:29+08:00,1580.3,439.2,0.4392,28.73,38.41,1013.39,424.2,62.5,sht20,bh1750,fixed_position_sensor_facing_light,included
2026-09-30T21:26:30+08:00,1579.2,441.0,0.441,28.74,38.36,1013.3,425.0,61.5,sht20,bh1750,fixed_position_sensor_facing_light,included
2026-09-30T21:31:30+08:00,1581.0,441.0,0.441,28.74,38.43,1013.36,424.2,62.5,sht20,bh1750,fixed_position_sensor_facing_light,included
2026-09-30T21:36:31+08:00,1581.8,441.5,0.4415,28.69,38.32,1013.33,425.8,61.5,sht20,bh1750,fixed_position_sensor_facing_light,included
2026-09-30T21:41:31+08:00,1580.0,441.2,0.4412,28.63,38.62,1013.41,425.0,61.5,sht20,bh1750,fixed_position_sensor_facing_light,included
2026-09-30T21:46:32+08:00,1581.2,440.9,0.4409,28.65,37.95,1013.36,426.7,59.5,sht20,bh1750,fixed_position_sensor_facing_light,included
2026-09-30T21:51:32+08:00,1579.2,441.1,0.4411,29.05,45.65,1013.4,426.7,59.5,sht20,bh1750,fixed_position_sensor_facing_light,included
2026-09-30T21:56:33+08:00,1577.0,440.6,0.4406,29.23,49.72,1013.52,425.0,61.5,sht20,bh1750,fixed_position_sensor_facing_light,included
2026-09-30T22:01:33+08:00,1579.5,441.0,0.441,29.45,50.77,1013.44,426.7,62.5,sht20,bh1750,fixed_position_sensor_facing_light,included
2026-09-30T22:06:34+08:00,1573.5,439.6,0.4396,29.73,52.69,1013.5,426.7,63.5,sht20,bh1750,fixed_position_sensor_facing_light,included
2026-09-30T22:11:35+08:00,1578.7,439.0,0.439,29.89,54.93,1013.73,425.0,63.5,sht20,bh1750,fixed_position_sensor_facing_light,included
2026-09-30T22:16:35+08:00,1571.3,438.0,0.438,29.49,48.58,1013.55,425.0,61.5,sht20,bh1750,fixed_position_sensor_facing_light,included
2026-09-30T22:21:36+08:00,1577.2,439.2,0.4392,29.24,46.98,1013.57,426.7,60.5,sht20,bh1750,fixed_position_sensor_facing_light,included
2026-09-30T22:26:36+08:00,1577.6,440.1,0.4401,29.16,44.34,1013.49,425.8,62.5,sht20,bh1750,fixed_position_sensor_facing_light,included
2026-09-30T22:31:37+08:00,1575.1,439.8,0.4398,29.09,43.39,1013.43,426.7,60.5,sht20,bh1750,fixed_position_sensor_facing_light,included
2026-09-30T22:36:38+08:00,1575.6,439.9,0.4399,29.06,41.97,1013.56,426.7,59.5,sht20,bh1750,fixed_position_sensor_facing_light,included
2026-09-30T22:41:38+08:00,1576.2,440.2,0.4402,28.98,41.13,1013.34,425.8,59.5,sht20,bh1750,fixed_position_sensor_facing_light,included
2026-09-30T22:46:39+08:00,1578.6,440.7,0.4407,29.02,40.86,1013.43,426.7,61.5,sht20,bh1750,fixed_position_sensor_facing_light,included
2026-09-30T22:51:39+08:00,1580.1,439.6,0.4396,28.98,40.49,1013.4,427.5,62.5,sht20,bh1750,fixed_position_sensor_facing_light,included
2026-09-30T22:56:40+08:00,1579.1,441.0,0.441,28.92,40.55,1013.36,428.3,62.5,sht20,bh1750,fixed_position_sensor_facing_light,included
2026-09-30T23:01:40+08:00,1576.3,439.9,0.4399,28.84,40.34,1013.39,427.5,62.5,sht20,bh1750,fixed_position_sensor_facing_light,included
2026-09-30T23:06:41+08:00,1582.7,440.8,0.4408,28.76,39.73,1013.39,426.7,62.5,sht20,bh1750,fixed_position_sensor_facing_light,included
2026-09-30T23:11:41+08:00,1581.7,440.9,0.4409,28.79,39.72,1013.39,427.5,62.5,sht20,bh1750,fixed_position_sensor_facing_light,included
2026-09-30T23:16:42+08:00,1578.1,441.4,0.4414,28.79,39.87,1013.3,427.5,60.5,sht20,bh1750,fixed_position_sensor_facing_light,included
2026-09-30T23:21:43+08:00,1582.3,442.6,0.4426,28.76,39.26,1013.42,427.5,61.5,sht20,bh1750,fixed_position_sensor_facing_light,included
2026-09-30T23:26:43+08:00,1583.3,441.2,0.4412,28.91,43.32,1013.39,426.7,62.5,sht20,bh1750,fixed_position_sensor_facing_light,included
2026-09-30T23:31:43+08:00,1580.8,440.3,0.4403,29.22,46.16,1013.4,426.7,60.5,sht20,bh1750,fixed_position_sensor_facing_light,included
2026-09-30T23:36:44+08:00,1579.6,440.5,0.4405,29.38,49.63,1013.38,427.5,60.5,sht20,bh1750,fixed_position_sensor_facing_light,included
2026-09-30T23:41:45+08:00,1576.1,440.5,0.4405,29.65,51.53,1013.5,428.3,60.5,sht20,bh1750,fixed_position_sensor_facing_light,included
2026-09-30T23:46:45+08:00,1576.8,440.8,0.4408,29.8,53.23,1013.51,428.3,61.5,sht20,bh1750,fixed_position_sensor_facing_light,included
2026-09-30T23:51:46+08:00,1577.6,440.3,0.4403,30.13,53.55,1013.37,428.3,61.5,sht20,bh1750,fixed_position_sensor_facing_light,included
2026-09-30T23:56:46+08:00,1574.0,439.8,0.4398,29.58,48.21,1013.33,425.0,61.5,sht20,bh1750,fixed_position_sensor_facing_light,included
2026-10-01T00:01:47+08:00,1577.2,439.8,0.4398,29.33,46.76,1013.38,427.5,60.5,sht20,bh1750,fixed_position_sensor_facing_light,included
2026-10-01T00:06:48+08:00,1578.0,439.6,0.4396,29.04,45.72,1013.31,428.3,61.5,sht20,bh1750,fixed_position_sensor_facing_light,included
2026-10-01T00:11:48+08:00,1576.0,440.6,0.4406,29.04,44.23,1013.17,428.3,62.5,sht20,bh1750,fixed_position_sensor_facing_light,included
2026-10-01T00:16:49+08:00,1578.5,440.3,0.4403,28.94,43.41,1013.13,428.3,60.5,sht20,bh1750,fixed_position_sensor_facing_light,included
2026-10-01T00:21:49+08:00,1580.6,441.1,0.4411,28.87,42.66,1013.19,428.3,59.5,sht20,bh1750,fixed_position_sensor_facing_light,included
2026-10-01T00:26:50+08:00,1581.0,441.5,0.4415,28.87,42.03,1013.1,428.3,59.5,sht20,bh1750,fixed_position_sensor_facing_light,included
2026-10-01T00:31:50+08:00,1581.1,441.7,0.4417,28.77,41.11,1013.19,426.7,59.5,sht20,bh1750,fixed_position_sensor_facing_light,included
2026-10-01T00:36:51+08:00,1582.3,439.9,0.4399,28.71,41.12,1012.99,425.8,60.5,sht20,bh1750,fixed_position_sensor_facing_light,included
2026-10-01T00:41:52+08:00,1581.2,440.9,0.4409,28.72,40.41,1012.93,426.7,59.5,sht20,bh1750,fixed_position_sensor_facing_light,included
2026-10-01T00:46:52+08:00,1578.1,440.4,0.4404,28.69,40.68,1012.96,426.7,59.5,sht20,bh1750,fixed_position_sensor_facing_light,included
2026-10-01T00:51:53+08:00,1576.5,442.0,0.442,28.64,41.2,1012.93,426.7,61.5,sht20,bh1750,fixed_position_sensor_facing_light,included
2026-10-01T00:56:53+08:00,1580.8,441.1,0.4411,28.61,40.76,1012.87,426.7,61.5,sht20,bh1750,fixed_position_sensor_facing_light,included
2026-10-01T01:01:54+08:00,1580.3,441.9,0.4419,28.68,40.42,1012.96,427.5,59.5,sht20,bh1750,fixed_position_sensor_facing_light,included
2026-10-01T01:06:54+08:00,1581.9,441.6,0.4416,28.55,40.54,1012.87,426.7,59.5,sht20,bh1750,fixed_position_sensor_facing_light,included
2026-10-01T01:11:55+08:00,1583.4,441.3,0.4413,28.87,47.56,1012.91,426.7,61.5,sht20,bh1750,fixed_position_sensor_facing_light,included
2026-10-01T01:16:56+08:00,1582.7,441.5,0.4415,29.06,50.66,1013.03,427.5,62.5,sht20,bh1750,fixed_position_sensor_facing_light,included
2026-10-01T01:21:56+08:00,1579.4,440.8,0.4408,29.33,52.32,1012.89,427.5,60.5,sht20,bh1750,fixed_position_sensor_facing_light,included
2026-10-01T01:26:57+08:00,1577.5,440.4,0.4404,29.5,53.89,1012.84,427.5,62.5,sht20,bh1750,fixed_position_sensor_facing_light,included
2026-10-01T01:31:57+08:00,1575.0,440.0,0.44,29.65,55.71,1012.85,426.7,61.5,sht20,bh1750,fixed_position_sensor_facing_light,included
2026-10-01T01:36:58+08:00,1576.2,439.8,0.4398,29.86,56.5,1012.76,426.7,61.5,sht20,bh1750,fixed_position_sensor_facing_light,included
2026-10-01T01:41:59+08:00,1575.0,439.8,0.4398,29.45,50.98,1012.78,426.7,60.5,sht20,bh1750,fixed_position_sensor_facing_light,included
2026-10-01T01:46:59+08:00,1575.7,439.7,0.4397,29.18,48.93,1012.86,426.7,60.5,sht20,bh1750,fixed_position_sensor_facing_light,included
2026-10-01T01:52:00+08:00,1576.4,439.7,0.4397,29.07,47.44,1012.68,426.7,59.5,sht20,bh1750,fixed_position_sensor_facing_light,included
2026-10-01T01:57:01+08:00,1578.5,440.4,0.4404,28.98,45.19,1012.62,426.7,59.5,sht20,bh1750,fixed_position_sensor_facing_light,included
2026-10-01T02:02:02+08:00,1578.4,440.5,0.4405,28.86,44.51,1012.71,427.5,59.5,sht20,bh1750,fixed_position_sensor_facing_light,included
2026-10-01T02:07:02+08:00,1580.9,439.8,0.4398,28.83,43.84,1012.88,426.7,59.5,sht20,bh1750,fixed_position_sensor_facing_light,included
2026-10-01T02:12:03+08:00,1581.0,440.5,0.4405,28.73,43.94,1012.82,427.5,59.5,sht20,bh1750,fixed_position_sensor_facing_light,included
2026-10-01T02:17:03+08:00,1582.4,441.4,0.4414,28.65,42.84,1012.79,426.7,60.5,sht20,bh1750,fixed_position_sensor_facing_light,included
2026-10-01T02:22:04+08:00,1578.6,441.0,0.441,28.61,43.2,1012.79,426.7,59.5,sht20,bh1750,fixed_position_sensor_facing_light,included
2026-10-01T02:27:04+08:00,1582.6,441.5,0.4415,28.79,46.56,1012.79,426.7,59.5,sht20,bh1750,fixed_position_sensor_facing_light,included
2026-10-01T02:32:05+08:00,1582.0,441.3,0.4413,29.08,50.27,1012.83,426.7,61.5,sht20,bh1750,fixed_position_sensor_facing_light,included
2026-10-01T02:37:05+08:00,1581.1,440.6,0.4406,29.32,52.96,1012.72,425.8,60.5,sht20,bh1750,fixed_position_sensor_facing_light,included
2026-10-01T02:42:06+08:00,1579.0,440.1,0.4401,29.45,55.13,1012.81,426.7,60.5,sht20,bh1750,fixed_position_sensor_facing_light,included
2026-10-01T02:47:07+08:00,1575.6,440.3,0.4403,29.62,56.74,1012.93,426.7,60.5,sht20,bh1750,fixed_position_sensor_facing_light,included
2026-10-01T02:52:07+08:00,1578.6,440.6,0.4406,29.8,57.74,1012.82,426.7,62.5,sht20,bh1750,fixed_position_sensor_facing_light,included
2026-10-01T02:57:08+08:00,1576.7,439.3,0.4393,29.66,53.46,1012.85,426.7,63.5,sht20,bh1750,fixed_position_sensor_facing_light,included
2026-10-01T03:02:08+08:00,1575.7,439.4,0.4394,29.27,50.91,1012.63,426.7,61.5,sht20,bh1750,fixed_position_sensor_facing_light,included
2026-10-01T03:07:09+08:00,1579.1,440.2,0.4402,29.08,48.92,1012.71,426.7,62.5,sht20,bh1750,fixed_position_sensor_facing_light,included
2026-10-01T03:12:09+08:00,1580.2,440.3,0.4403,28.97,47.44,1012.74,426.7,62.5,sht20,bh1750,fixed_position_sensor_facing_light,included
2026-10-01T03:17:10+08:00,1576.6,440.8,0.4408,28.84,46.27,1012.71,427.5,60.5,sht20,bh1750,fixed_position_sensor_facing_light,included
2026-10-01T03:22:10+08:00,1580.5,441.2,0.4412,28.8,45.44,1012.71,426.7,59.5,sht20,bh1750,fixed_position_sensor_facing_light,included
2026-10-01T03:27:11+08:00,1581.2,441.2,0.4412,28.69,44.73,1012.65,426.7,59.5,sht20,bh1750,fixed_position_sensor_facing_light,included
2026-10-01T03:32:11+08:00,1583.3,441.1,0.4411,28.67,43.84,1012.7,427.5,59.5,sht20,bh1750,fixed_position_sensor_facing_light,included
2026-10-01T03:37:12+08:00,1582.7,441.1,0.4411,28.97,48.61,1012.57,426.7,61.5,sht20,bh1750,fixed_position_sensor_facing_light,included
2026-10-01T03:42:12+08:00,1579.3,441.3,0.4413,29.2,51.37,1012.63,426.7,60.5,sht20,bh1750,fixed_position_sensor_facing_light,included
2026-10-01T03:47:13+08:00,1579.0,440.6,0.4406,29.31,53.98,1012.58,427.5,60.5,sht20,bh1750,fixed_position_sensor_facing_light,included
2026-10-01T03:52:13+08:00,1578.5,440.1,0.4401,29.47,55.61,1012.67,426.7,60.5,sht20,bh1750,fixed_position_sensor_facing_light,included
2026-10-01T03:57:14+08:00,1576.3,439.2,0.4392,29.62,57.67,1012.73,428.3,60.5,sht20,bh1750,fixed_position_sensor_facing_light,included
2026-10-01T04:02:14+08:00,1577.7,440.0,0.44,29.78,58.39,1012.65,426.7,61.5,sht20,bh1750,fixed_position_sensor_facing_light,included
2026-10-01T04:07:15+08:00,1576.8,439.6,0.4396,29.53,53.48,1012.55,427.5,61.5,sht20,bh1750,fixed_position_sensor_facing_light,included
2026-10-01T04:12:16+08:00,1573.5,440.4,0.4404,29.2,51.16,1012.6,427.5,60.5,sht20,bh1750,fixed_position_sensor_facing_light,included
2026-10-01T04:17:16+08:00,1578.2,440.2,0.4402,29.03,49.34,1012.54,426.7,59.5,sht20,bh1750,fixed_position_sensor_facing_light,included
2026-10-01T04:22:17+08:00,1579.7,441.0,0.441,28.9,47.8,1012.53,426.7,59.5,sht20,bh1750,fixed_position_sensor_facing_light,included
2026-10-01T04:27:17+08:00,1583.5,441.5,0.4415,28.75,46.75,1012.5,426.7,61.5,sht20,bh1750,fixed_position_sensor_facing_light,included
2026-10-01T04:32:18+08:00,1579.7,441.3,0.4413,28.71,45.24,1012.56,428.3,62.5,sht20,bh1750,fixed_position_sensor_facing_light,included
2026-10-01T04:37:18+08:00,1581.3,441.6,0.4416,28.64,46.28,1012.56,426.7,61.5,sht20,bh1750,fixed_position_sensor_facing_light,included
2026-10-01T04:42:19+08:00,1580.2,440.8,0.4408,29.11,51.46,1012.66,427.5,60.5,sht20,bh1750,fixed_position_sensor_facing_light,included
2026-10-01T04:47:19+08:00,1582.2,441.4,0.4414,29.28,53.17,1012.66,426.7,60.5,sht20,bh1750,fixed_position_sensor_facing_light,included
2026-10-01T04:52:20+08:00,1577.0,440.4,0.4404,29.37,55.83,1012.64,426.7,62.5,sht20,bh1750,fixed_position_sensor_facing_light,included
2026-10-01T04:57:20+08:00,1581.2,440.5,0.4405,29.47,57.75,1012.78,427.5,62.5,sht20,bh1750,fixed_position_sensor_facing_light,included
2026-10-01T05:02:21+08:00,1579.2,439.2,0.4392,29.71,58.42,1012.7,427.5,63.5,sht20,bh1750,fixed_position_sensor_facing_light,included
2026-10-01T05:07:22+08:00,1576.7,439.8,0.4398,29.86,58.74,1012.68,427.5,62.5,sht20,bh1750,fixed_position_sensor_facing_light,included
2026-10-01T05:12:22+08:00,1576.5,439.6,0.4396,29.37,52.14,1012.61,426.7,61.5,sht20,bh1750,fixed_position_sensor_facing_light,included
2026-10-01T05:17:23+08:00,1578.2,440.8,0.4408,29.15,50.21,1012.66,426.7,62.5,sht20,bh1750,fixed_position_sensor_facing_light,included
2026-10-01T05:22:23+08:00,1578.7,440.5,0.4405,28.93,48.47,1012.59,428.3,60.5,sht20,bh1750,fixed_position_sensor_facing_light,included
2026-10-01T05:27:24+08:00,1577.5,440.5,0.4405,28.82,46.8,1012.56,426.7,59.5,sht20,bh1750,fixed_position_sensor_facing_light,included
2026-10-01T05:32:25+08:00,1580.6,440.5,0.4405,28.74,45.82,1012.7,427.5,61.5,sht20,bh1750,fixed_position_sensor_facing_light,included
2026-10-01T05:37:25+08:00,1583.0,441.4,0.4414,28.71,44.82,1012.76,426.7,61.5,sht20,bh1750,fixed_position_sensor_facing_light,included
2026-10-01T05:42:26+08:00,1584.6,441.5,0.4415,28.97,50.24,1012.74,426.7,62.5,sht20,bh1750,fixed_position_sensor_facing_light,included
2026-10-01T05:47:26+08:00,1579.4,440.0,0.44,29.08,53.41,1012.89,425.8,60.5,sht20,bh1750,fixed_position_sensor_facing_light,included
2026-10-01T05:52:27+08:00,1579.2,440.6,0.4406,29.22,55.83,1013.01,426.7,60.5,sht20,bh1750,fixed_position_sensor_facing_light,included
2026-10-01T05:57:28+08:00,1578.8,440.1,0.4401,29.35,57.39,1013.12,426.7,60.5,sht20,bh1750,fixed_position_sensor_facing_light,included
2026-10-01T06:02:28+08:00,1578.0,440.5,0.4405,29.53,57.84,1013.21,427.5,60.5,sht20,bh1750,fixed_position_sensor_facing_light,included
2026-10-01T06:07:29+08:00,1578.4,440.3,0.4403,29.72,58.74,1013.21,426.7,61.5,sht20,bh1750,fixed_position_sensor_facing_light,included
2026-10-01T06:12:29+08:00,1577.5,440.1,0.4401,29.56,54.5,1013.41,426.7,60.5,sht20,bh1750,fixed_position_sensor_facing_light,included
2026-10-01T06:17:30+08:00,1578.7,440.1,0.4401,29.21,51.25,1013.43,426.7,60.5,sht20,bh1750,fixed_position_sensor_facing_light,included
2026-10-01T06:22:30+08:00,1580.9,440.4,0.4404,28.93,49.58,1013.34,426.7,59.5,sht20,bh1750,fixed_position_sensor_facing_light,included
2026-10-01T06:27:31+08:00,1582.6,441.0,0.441,28.8,47.93,1013.33,427.5,59.5,sht20,bh1750,fixed_position_sensor_facing_light,included
2026-10-01T06:32:31+08:00,1578.3,441.8,0.4418,28.7,47.11,1013.39,428.3,59.5,sht20,bh1750,fixed_position_sensor_facing_light,included
2026-10-01T06:37:32+08:00,1584.4,441.0,0.441,28.74,48.64,1013.45,426.7,59.5,sht20,bh1750,fixed_position_sensor_facing_light,included
2026-10-01T06:42:33+08:00,1581.4,441.1,0.4411,29.08,52.99,1013.43,427.5,61.5,sht20,bh1750,fixed_position_sensor_facing_light,included
2026-10-01T06:47:33+08:00,1581.7,441.9,0.4419,29.28,55.06,1013.66,428.3,60.5,sht20,bh1750,fixed_position_sensor_facing_light,included
2026-10-01T06:52:34+08:00,1579.5,441.0,0.441,29.38,57.25,1013.78,429.2,60.5,sht20,bh1750,fixed_position_sensor_facing_light,included
2026-10-01T06:57:34+08:00,1580.2,440.8,0.4408,29.51,58.51,1013.84,428.3,60.5,sht20,bh1750,fixed_position_sensor_facing_light,included
2026-10-01T07:02:35+08:00,1578.9,441.0,0.441,29.63,59.79,1013.87,427.5,62.5,sht20,bh1750,fixed_position_sensor_facing_light,included
2026-10-01T07:07:35+08:00,1577.2,440.3,0.4403,29.81,60.6,1013.7,428.3,63.5,sht20,bh1750,fixed_position_sensor_facing_light,included
2026-10-01T07:12:36+08:00,1578.2,440.0,0.44,29.39,54.14,1013.89,427.5,61.5,sht20,bh1750,fixed_position_sensor_facing_light,included
2026-10-01T07:17:39+08:00,1578.0,440.8,0.4408,29.09,51.79,1013.91,429.2,62.5,sht20,bh1750,fixed_position_sensor_facing_light,included
2026-10-01T07:22:40+08:00,1582.4,440.7,0.4407,28.99,49.73,1014.05,429.2,62.5,sht20,bh1750,fixed_position_sensor_facing_light,included
2026-10-01T07:27:40+08:00,1584.1,441.2,0.4412,28.84,47.72,1014.13,428.3,62.5,sht20,bh1750,fixed_position_sensor_facing_light,included
2026-10-01T07:32:41+08:00,1583.9,441.9,0.4419,28.77,47.02,1014.05,428.3,60.5,sht20,bh1750,fixed_position_sensor_facing_light,included
2026-10-01T07:37:42+08:00,1583.3,442.6,0.4426,28.88,51.55,1014.17,430.0,59.5,sht20,bh1750,fixed_position_sensor_facing_light,included
2026-10-01T07:42:42+08:00,1583.5,442.1,0.4421,29.16,54.61,1014.29,430.0,59.5,sht20,bh1750,fixed_position_sensor_facing_light,included
2026-10-01T07:47:43+08:00,1584.3,441.7,0.4417,29.34,56.75,1014.3,429.2,59.5,sht20,bh1750,fixed_position_sensor_facing_light,included
2026-10-01T07:52:43+08:00,1582.8,440.5,0.4405,29.52,58.55,1014.36,430.0,60.5,sht20,bh1750,fixed_position_sensor_facing_light,included
2026-10-01T07:57:44+08:00,1581.7,440.7,0.4407,29.62,59.83,1014.45,430.8,60.5,sht20,bh1750,fixed_position_sensor_facing_light,included
2026-10-01T08:02:44+08:00,1578.2,440.2,0.4402,29.76,61.11,1014.45,430.0,61.5,sht20,bh1750,fixed_position_sensor_facing_light,included
2026-10-01T08:07:45+08:00,1580.5,441.0,0.441,29.53,55.06,1014.39,430.8,62.5,sht20,bh1750,fixed_position_sensor_facing_light,included
2026-10-01T08:12:45+08:00,1580.7,441.5,0.4415,29.21,52.87,1014.52,430.8,61.5,sht20,bh1750,fixed_position_sensor_facing_light,included
2026-10-01T08:17:46+08:00,1581.6,442.0,0.442,29.05,50.59,1014.49,430.8,59.5,sht20,bh1750,fixed_position_sensor_facing_light,included
2026-10-01T08:22:46+08:00,1583.2,441.1,0.4411,28.94,48.89,1014.48,432.5,59.5,sht20,bh1750,fixed_position_sensor_facing_light,included
2026-10-01T08:27:47+08:00,1582.8,441.6,0.4416,28.94,47.67,1014.51,431.7,59.5,sht20,bh1750,fixed_position_sensor_facing_light,included
2026-10-01T08:32:47+08:00,1584.9,442.6,0.4426,28.78,46.73,1014.6,431.7,59.5,sht20,bh1750,fixed_position_sensor_facing_light,included
2026-10-01T08:37:48+08:00,1586.2,442.4,0.4424,28.76,46.33,1014.51,432.5,59.5,sht20,bh1750,fixed_position_sensor_facing_light,included
2026-10-01T08:42:48+08:00,1587.9,443.6,0.4436,28.71,45.65,1014.68,435.0,59.5,sht20,bh1750,fixed_position_sensor_facing_light,included
2026-10-01T08:47:49+08:00,1586.0,442.3,0.4423,28.69,44.93,1014.59,433.3,59.5,sht20,bh1750,fixed_position_sensor_facing_light,included
2026-10-01T08:52:49+08:00,1591.9,442.1,0.4421,28.6,44.88,1014.56,435.0,59.5,sht20,bh1750,fixed_position_sensor_facing_light,included
2026-10-01T08:57:50+08:00,1588.6,444.0,0.444,28.61,44.45,1014.53,434.2,59.5,sht20,bh1750,fixed_position_sensor_facing_light,included
2026-10-01T09:02:50+08:00,1593.2,443.5,0.4435,28.92,52.24,1014.51,435.0,59.5,sht20,bh1750,fixed_position_sensor_facing_light,included
2026-10-01T09:07:51+08:00,1590.4,443.4,0.4434,29.13,54.07,1014.64,435.0,59.5,sht20,bh1750,fixed_position_sensor_facing_light,included
2026-10-01T09:12:51+08:00,1591.6,441.5,0.4415,29.32,55.93,1014.61,435.8,60.5,sht20,bh1750,fixed_position_sensor_facing_light,included
2026-10-01T09:17:52+08:00,1586.0,441.5,0.4415,29.49,57.86,1014.53,435.0,62.5,sht20,bh1750,fixed_position_sensor_facing_light,included
2026-10-01T09:22:53+08:00,1584.3,442.5,0.4425,29.67,58.85,1014.62,435.8,63.5,sht20,bh1750,fixed_position_sensor_facing_light,included
2026-10-01T09:27:53+08:00,1584.2,442.1,0.4421,29.79,58.52,1014.6,436.7,63.5,sht20,bh1750,fixed_position_sensor_facing_light,included
2026-10-01T09:32:53+08:00,1586.4,441.1,0.4411,29.33,52.85,1014.58,435.8,61.5,sht20,bh1750,fixed_position_sensor_facing_light,included
2026-10-01T09:37:54+08:00,1584.4,443.3,0.4433,29.07,50.09,1014.43,435.8,60.5,sht20,bh1750,fixed_position_sensor_facing_light,included
2026-10-01T09:42:55+08:00,1582.8,440.8,0.4408,28.93,48.9,1014.43,431.7,59.5,sht20,bh1750,fixed_position_sensor_facing_light,included
2026-10-01T09:47:55+08:00,1587.2,443.8,0.4438,28.79,47.27,1014.51,437.5,61.5,sht20,bh1750,fixed_position_sensor_facing_light,included
2026-10-01T09:52:56+08:00,1589.8,442.6,0.4426,28.75,45.78,1014.25,437.5,59.5,sht20,bh1750,fixed_position_sensor_facing_light,included
2026-10-01T09:57:56+08:00,1587.0,443.2,0.4432,28.71,44.56,1014.36,436.7,59.5,sht20,bh1750,fixed_position_sensor_facing_light,included
2026-10-01T10:02:57+08:00,1592.7,443.9,0.4439,28.68,44.68,1014.39,438.3,59.5,sht20,bh1750,fixed_position_sensor_facing_light,included
2026-10-01T10:07:57+08:00,1587.8,443.7,0.4437,28.77,43.51,1014.28,432.5,59.5,sht20,bh1750,fixed_position_sensor_facing_light,included
2026-10-01T10:12:58+08:00,1595.4,443.8,0.4438,28.69,42.73,1014.27,438.3,59.5,sht20,bh1750,fixed_position_sensor_facing_light,included
2026-10-01T10:17:59+08:00,1592.9,444.5,0.4445,28.56,42.2,1014.18,437.5,61.5,sht20,bh1750,fixed_position_sensor_facing_light,included
2026-10-01T10:22:59+08:00,1591.6,444.6,0.4446,28.45,41.6,1014.18,436.7,61.5,sht20,bh1750,fixed_position_sensor_facing_light,included
2026-10-01T10:27:59+08:00,1591.2,444.6,0.4446,28.41,41.5,1014.15,439.2,61.5,sht20,bh1750,fixed_position_sensor_facing_light,included
2026-10-01T10:33:00+08:00,1594.6,444.2,0.4442,28.87,48.14,1014.11,440.0,62.5,sht20,bh1750,fixed_position_sensor_facing_light,included
2026-10-01T10:38:01+08:00,1593.0,444.8,0.4448,29.09,55.74,1014.09,437.5,62.5,sht20,bh1750,fixed_position_sensor_facing_light,included
2026-10-01T10:43:02+08:00,1584.9,441.7,0.4417,29.43,58.35,1014.04,430.0,62.5,sht20,bh1750,fixed_position_sensor_facing_light,included
2026-10-01T10:48:02+08:00,1582.6,441.4,0.4414,29.71,59.77,1013.96,432.5,62.5,sht20,bh1750,fixed_position_sensor_facing_light,included
2026-10-01T10:53:03+08:00,1588.3,442.5,0.4425,29.76,61.72,1013.82,436.7,63.5,sht20,bh1750,fixed_position_sensor_facing_light,included
2026-10-01T10:58:04+08:00,1582.6,441.5,0.4415,29.59,57.41,1013.81,438.3,63.5,sht20,bh1750,fixed_position_sensor_facing_light,included
2026-10-01T11:03:04+08:00,1584.9,443.5,0.4435,29.26,52.67,1013.8,436.7,61.5,sht20,bh1750,fixed_position_sensor_facing_light,included
2026-10-01T11:08:05+08:00,1584.5,441.5,0.4415,29.08,50.19,1013.82,435.8,60.5,sht20,bh1750,fixed_position_sensor_facing_light,included
2026-10-01T11:13:05+08:00,1585.8,442.7,0.4427,29.0,48.56,1013.71,435.8,59.5,sht20,bh1750,fixed_position_sensor_facing_light,included
2026-10-01T11:18:06+08:00,1584.3,442.0,0.442,28.88,46.94,1013.73,430.8,59.5,sht20,bh1750,fixed_position_sensor_facing_light,included
2026-10-01T11:23:06+08:00,1586.4,442.6,0.4426,28.79,45.68,1013.55,434.2,59.5,sht20,bh1750,fixed_position_sensor_facing_light,included
2026-10-01T11:28:07+08:00,1586.9,442.5,0.4425,28.77,44.83,1013.58,430.8,59.5,sht20,bh1750,fixed_position_sensor_facing_light,included
2026-10-01T11:33:07+08:00,1586.1,442.8,0.4428,28.71,44.4,1013.45,430.8,59.5,sht20,bh1750,fixed_position_sensor_facing_light,included
2026-10-01T11:38:08+08:00,1591.8,443.0,0.443,28.67,43.96,1013.44,435.8,61.5,sht20,bh1750,fixed_position_sensor_facing_light,included
2026-10-01T11:43:08+08:00,1588.9,442.7,0.4427,28.77,43.25,1013.3,435.8,61.5,sht20,bh1750,fixed_position_sensor_facing_light,included
2026-10-01T11:48:09+08:00,1587.7,442.5,0.4425,28.78,42.77,1013.16,434.2,62.5,sht20,bh1750,fixed_position_sensor_facing_light,included
2026-10-01T11:53:09+08:00,1588.4,442.7,0.4428,28.77,42.51,1013.02,434.2,62.5,sht20,bh1750,fixed_position_sensor_facing_light,included
2026-10-01T11:58:10+08:00,1589.7,443.1,0.4431,28.77,42.06,1013.05,434.2,60.5,sht20,bh1750,fixed_position_sensor_facing_light,included
2026-10-01T12:03:11+08:00,1585.2,442.2,0.4422,28.73,42.45,1012.88,430.8,61.5,sht20,bh1750,fixed_position_sensor_facing_light,included
2026-10-01T12:08:11+08:00,1586.4,442.1,0.4421,28.71,41.49,1012.76,430.0,62.5,sht20,bh1750,fixed_position_sensor_facing_light,included
2026-10-01T12:13:12+08:00,1587.2,441.6,0.4416,28.69,41.32,1012.88,430.8,60.5,sht20,bh1750,fixed_position_sensor_facing_light,included
2026-10-01T12:18:12+08:00,1586.1,443.1,0.4431,28.69,41.18,1012.67,429.2,59.5,sht20,bh1750,fixed_position_sensor_facing_light,included
2026-10-01T12:23:13+08:00,1585.4,443.0,0.443,28.61,42.04,1012.7,430.8,59.5,sht20,bh1750,fixed_position_sensor_facing_light,included
2026-10-01T12:28:13+08:00,1585.8,443.7,0.4437,28.57,43.11,1012.64,429.2,59.5,sht20,bh1750,fixed_position_sensor_facing_light,included
2026-10-01T12:33:14+08:00,1583.7,442.1,0.4421,29.78,41.4,1012.65,429.2,60.5,sht20,bh1750,fixed_position_sensor_facing_light,included
2026-10-01T12:38:15+08:00,1585.8,441.4,0.4414,30.3,43.48,1012.57,430.0,63.5,sht20,bh1750,fixed_position_sensor_facing_light,included
2026-10-01T12:43:15+08:00,1581.4,440.7,0.4407,30.59,46.59,1012.64,430.0,64.5,sht20,bh1750,fixed_position_sensor_facing_light,included
2026-10-01T12:48:15+08:00,1580.6,440.4,0.4404,30.78,48.41,1012.65,430.0,63.5,sht20,bh1750,fixed_position_sensor_facing_light,included
2026-10-01T12:53:16+08:00,1575.7,440.5,0.4405,30.95,49.52,1012.42,428.3,62.5,sht20,bh1750,fixed_position_sensor_facing_light,included
2026-10-01T12:58:17+08:00,1578.9,438.9,0.4389,31.08,51.42,1012.42,428.3,64.5,sht20,bh1750,fixed_position_sensor_facing_light,included
2026-10-01T13:03:17+08:00,1570.2,439.3,0.4393,31.19,52.61,1012.48,430.8,63.5,sht20,bh1750,fixed_position_sensor_facing_light,included
2026-10-01T13:08:18+08:00,1572.5,438.4,0.4384,31.27,53.4,1012.37,429.2,65.5,sht20,bh1750,fixed_position_sensor_facing_light,included
2026-10-01T13:19:55+08:00,1668.4,466.1,0.4661,29.66,54.56,1012.29,635.8,37.5,sht20,bh1750,fixed_position_sensor_facing_light,included
2026-10-01T13:24:56+08:00,1675.4,466.3,0.4663,29.2,53.3,1012.34,631.7,45.5,sht20,bh1750,fixed_position_sensor_facing_light,included
2026-10-01T13:29:56+08:00,1676.9,468.1,0.4681,29.43,51.37,1012.46,626.7,55.5,sht20,bh1750,fixed_position_sensor_facing_light,included
2026-10-01T13:34:57+08:00,1679.5,469.1,0.4691,29.58,49.3,1012.26,624.2,60.5,sht20,bh1750,fixed_position_sensor_facing_light,included
2026-10-01T13:39:57+08:00,1684.0,469.2,0.4692,29.72,47.95,1012.21,624.2,62.5,sht20,bh1750,fixed_position_sensor_facing_light,included
2026-10-01T13:44:58+08:00,1681.5,468.9,0.4689,29.76,46.93,1012.07,621.7,63.5,sht20,bh1750,fixed_position_sensor_facing_light,included
2026-10-01T13:49:59+08:00,1680.9,469.6,0.4696,29.83,45.92,1012.01,624.2,63.5,sht20,bh1750,fixed_position_sensor_facing_light,included
2026-10-01T13:54:59+08:00,1662.0,465.4,0.4654,29.58,45.65,1011.95,530.8,63.5,sht20,bh1750,fixed_position_sensor_facing_light,included
2026-10-01T14:00:00+08:00,1667.0,465.0,0.465,29.52,45.22,1011.97,530.8,63.5,sht20,bh1750,fixed_position_sensor_facing_light,included
2026-10-01T14:05:00+08:00,1762.2,490.6,0.4906,29.59,44.48,1011.71,1067.5,63.5,sht20,bh1750,fixed_position_sensor_facing_light,included
2026-10-01T14:10:01+08:00,1764.9,491.3,0.4913,29.66,44.09,1011.89,1065.0,63.5,sht20,bh1750,fixed_position_sensor_facing_light,included
2026-10-01T14:15:01+08:00,1763.5,491.2,0.4912,29.61,43.58,1011.77,1065.0,61.5,sht20,bh1750,fixed_position_sensor_facing_light,included
2026-10-01T14:20:02+08:00,1765.2,491.9,0.4919,29.61,43.56,1011.95,1064.2,61.5,sht20,bh1750,fixed_position_sensor_facing_light,included
2026-10-01T14:25:02+08:00,1764.6,491.3,0.4913,29.56,43.79,1011.86,1064.2,60.5,sht20,bh1750,fixed_position_sensor_facing_light,included
2026-10-01T14:30:03+08:00,1764.0,491.8,0.4918,29.56,42.79,1011.92,1064.2,60.5,sht20,bh1750,fixed_position_sensor_facing_light,included
2026-10-01T14:35:04+08:00,1763.0,491.7,0.4917,29.49,42.73,1011.86,1064.2,60.5,sht20,bh1750,fixed_position_sensor_facing_light,included
2026-10-01T14:40:04+08:00,1775.8,494.4,0.4944,29.5,42.58,1011.86,1178.3,61.5,sht20,bh1750,fixed_position_sensor_facing_light,included
2026-10-01T14:45:05+08:00,1732.4,482.7,0.4827,29.35,40.27,1011.88,1182.5,62.5,sht20,bh1750,fixed_position_sensor_facing_light,included
2026-10-01T14:50:06+08:00,1731.3,482.5,0.4825,29.3,41.23,1011.97,1181.7,62.5,sht20,bh1750,fixed_position_sensor_facing_light,included
2026-10-01T14:55:06+08:00,1733.0,483.1,0.4831,29.33,41.19,1011.94,1183.3,61.5,sht20,bh1750,fixed_position_sensor_facing_light,included
2026-10-01T15:00:07+08:00,1732.2,482.2,0.4822,29.3,41.23,1012.02,1180.8,62.5,sht20,bh1750,fixed_position_sensor_facing_light,included
2026-10-01T15:05:07+08:00,1733.5,483.2,0.4832,29.35,40.68,1011.91,1180.8,62.5,sht20,bh1750,fixed_position_sensor_facing_light,included
2026-10-01T15:10:08+08:00,1731.3,483.2,0.4832,29.45,40.72,1012.2,1185.8,61.5,sht20,bh1750,fixed_position_sensor_facing_light,included
2026-10-01T15:15:09+08:00,1776.2,495.3,0.4953,29.44,40.74,1012.14,1182.5,60.5,sht20,bh1750,fixed_position_sensor_facing_light,included
2026-10-01T15:20:09+08:00,1776.5,495.3,0.4952,29.46,40.81,1012.09,1181.7,60.5,sht20,bh1750,fixed_position_sensor_facing_light,included
2026-10-01T15:25:10+08:00,1775.4,495.1,0.4951,29.42,39.86,1012.14,1182.5,60.5,sht20,bh1750,fixed_position_sensor_facing_light,included
2026-10-01T15:30:10+08:00,1779.1,495.3,0.4953,29.41,39.21,1012.26,1181.7,60.5,sht20,bh1750,fixed_position_sensor_facing_light,included
2026-10-01T15:35:11+08:00,1777.3,495.7,0.4957,29.41,39.47,1012.37,1182.5,60.5,sht20,bh1750,fixed_position_sensor_facing_light,included
2026-10-01T15:40:11+08:00,1778.6,496.1,0.4961,29.44,38.96,1012.46,1285.0,62.5,sht20,bh1750,fixed_position_sensor_facing_light,included
2026-10-01T15:45:12+08:00,1776.4,495.4,0.4954,29.27,39.91,1012.26,1285.0,60.5,sht20,bh1750,fixed_position_sensor_facing_light,included
2026-10-01T15:50:12+08:00,1781.1,496.4,0.4964,29.32,39.13,1012.2,1282.5,60.5,sht20,bh1750,fixed_position_sensor_facing_light,included
2026-10-01T15:55:13+08:00,1778.1,496.5,0.4965,29.35,38.4,1012.37,1285.0,62.5,sht20,bh1750,fixed_position_sensor_facing_light,included
2026-10-01T16:00:14+08:00,1781.0,496.3,0.4963,29.41,38.16,1012.43,1284.2,62.5,sht20,bh1750,fixed_position_sensor_facing_light,included
2026-10-01T16:05:14+08:00,1784.0,496.5,0.4965,29.41,37.95,1012.32,1285.0,62.5,sht20,bh1750,fixed_position_sensor_facing_light,included
2026-10-01T16:10:14+08:00,1784.7,497.5,0.4975,29.68,44.19,1012.53,1282.5,62.5,sht20,bh1750,fixed_position_sensor_facing_light,included
2026-10-01T16:15:15+08:00,1779.9,495.8,0.4958,29.94,47.44,1012.51,1283.3,61.5,sht20,bh1750,fixed_position_sensor_facing_light,included
2026-10-01T16:20:16+08:00,1778.9,495.7,0.4957,30.15,50.83,1012.51,1283.3,61.5,sht20,bh1750,fixed_position_sensor_facing_light,included
2026-10-01T16:25:16+08:00,1778.9,495.3,0.4953,30.35,53.1,1012.6,1285.0,63.5,sht20,bh1750,fixed_position_sensor_facing_light,included
2026-10-01T16:30:17+08:00,1778.8,494.7,0.4947,30.54,54.63,1012.49,1283.3,64.5,sht20,bh1750,fixed_position_sensor_facing_light,included
2026-10-01T16:35:17+08:00,1775.5,494.7,0.4947,30.65,53.8,1012.5,1283.3,63.5,sht20,bh1750,fixed_position_sensor_facing_light,included
2026-10-01T16:40:18+08:00,1761.4,490.0,0.49,30.27,49.63,1012.57,1075.0,62.5,sht20,bh1750,fixed_position_sensor_facing_light,included
2026-10-01T16:45:18+08:00,1762.5,489.9,0.4899,30.1,47.57,1012.57,1070.0,61.5,sht20,bh1750,fixed_position_sensor_facing_light,included
2026-10-01T16:50:19+08:00,1763.7,491.2,0.4912,29.93,45.3,1012.56,1066.7,62.5,sht20,bh1750,fixed_position_sensor_facing_light,included
2026-10-01T16:55:19+08:00,1763.7,491.4,0.4914,29.77,44.37,1012.7,1055.0,61.5,sht20,bh1750,fixed_position_sensor_facing_light,included
2026-10-01T17:00:20+08:00,1766.0,491.7,0.4917,29.67,43.37,1012.64,1020.0,60.5,sht20,bh1750,fixed_position_sensor_facing_light,included
2026-10-01T17:05:21+08:00,1764.4,491.1,0.4911,29.64,42.87,1012.7,1004.2,60.5,sht20,bh1750,fixed_position_sensor_facing_light,included
2026-10-01T17:10:21+08:00,1770.0,491.6,0.4916,29.52,41.23,1012.75,1006.7,62.5,sht20,bh1750,fixed_position_sensor_facing_light,included
2026-10-01T17:15:21+08:00,1764.0,491.5,0.4915,29.52,40.96,1012.78,1005.0,62.5,sht20,bh1750,fixed_position_sensor_facing_light,included
2026-10-01T17:20:22+08:00,1769.5,492.5,0.4925,29.44,40.68,1012.78,1005.0,61.5,sht20,bh1750,fixed_position_sensor_facing_light,included
2026-10-01T17:25:23+08:00,1770.1,492.0,0.492,29.45,40.51,1012.87,1003.3,60.5,sht20,bh1750,fixed_position_sensor_facing_light,included
2026-10-01T17:30:23+08:00,1769.0,492.2,0.4922,29.43,39.73,1012.87,1015.0,62.5,sht20,bh1750,fixed_position_sensor_facing_light,included
2026-10-01T17:35:24+08:00,1767.7,492.8,0.4928,29.39,39.79,1012.81,1013.3,62.5,sht20,bh1750,fixed_position_sensor_facing_light,included
2026-10-01T17:40:24+08:00,1767.9,492.4,0.4924,29.37,39.88,1012.9,1012.5,62.5,sht20,bh1750,fixed_position_sensor_facing_light,included
2026-10-01T17:45:25+08:00,1767.6,491.9,0.4919,29.37,40.15,1012.87,1010.8,62.5,sht20,bh1750,fixed_position_sensor_facing_light,included
2026-10-01T17:50:25+08:00,1768.4,492.8,0.4928,29.44,39.72,1012.87,1009.2,60.5,sht20,bh1750,fixed_position_sensor_facing_light,included
2026-10-01T17:55:26+08:00,1770.2,492.5,0.4925,29.37,39.88,1013.01,1005.8,60.5,sht20,bh1750,fixed_position_sensor_facing_light,included
2026-10-01T18:00:26+08:00,1767.7,492.4,0.4924,29.33,39.76,1012.98,1005.0,60.5,sht20,bh1750,fixed_position_sensor_facing_light,included
2026-10-01T18:05:27+08:00,1769.9,493.9,0.4939,29.27,39.33,1013.06,1006.7,61.5,sht20,bh1750,fixed_position_sensor_facing_light,included
2026-10-01T18:10:28+08:00,1771.6,493.6,0.4936,29.17,39.33,1013.11,995.0,60.5,sht20,bh1750,fixed_position_sensor_facing_light,included
2026-10-01T18:15:28+08:00,1773.6,492.5,0.4925,29.16,39.54,1012.98,1005.0,61.5,sht20,bh1750,fixed_position_sensor_facing_light,included
2026-10-01T18:20:28+08:00,1770.7,492.6,0.4926,29.49,44.61,1013.12,1003.3,60.5,sht20,bh1750,fixed_position_sensor_facing_light,included
2026-10-01T18:25:29+08:00,1768.9,492.5,0.4925,29.8,49.51,1013.19,998.3,62.5,sht20,bh1750,fixed_position_sensor_facing_light,included
2026-10-01T18:30:30+08:00,1767.2,492.1,0.4921,29.92,53.17,1013.39,998.3,61.5,sht20,bh1750,fixed_position_sensor_facing_light,included
2026-10-01T18:35:30+08:00,1765.7,491.4,0.4914,30.04,55.04,1013.43,995.0,61.5,sht20,bh1750,fixed_position_sensor_facing_light,included
2026-10-01T18:40:31+08:00,1768.4,491.8,0.4918,30.17,57.48,1013.46,993.3,62.5,sht20,bh1750,fixed_position_sensor_facing_light,included
2026-10-01T18:45:31+08:00,1763.9,491.1,0.4911,30.26,59.87,1013.37,993.3,62.5,sht20,bh1750,fixed_position_sensor_facing_light,included
2026-10-01T18:50:32+08:00,1761.4,491.0,0.491,30.38,60.35,1013.38,991.7,62.5,sht20,bh1750,fixed_position_sensor_facing_light,included
2026-10-01T18:55:32+08:00,1764.5,491.2,0.4912,30.09,51.86,1013.56,990.0,63.5,sht20,bh1750,fixed_position_sensor_facing_light,included
2026-10-01T19:00:33+08:00,1766.5,490.9,0.4909,29.92,47.6,1013.51,988.3,62.5,sht20,bh1750,fixed_position_sensor_facing_light,included
2026-10-01T19:05:34+08:00,1761.3,491.2,0.4912,29.82,45.54,1013.56,987.5,61.5,sht20,bh1750,fixed_position_sensor_facing_light,included
2026-10-01T19:10:34+08:00,1764.8,491.6,0.4916,29.77,43.95,1013.67,988.3,60.5,sht20,bh1750,fixed_position_sensor_facing_light,included
2026-10-01T19:15:35+08:00,1764.9,491.8,0.4918,29.78,43.62,1013.76,987.5,61.5,sht20,bh1750,fixed_position_sensor_facing_light,included
2026-10-01T19:20:35+08:00,1768.6,491.5,0.4915,29.78,42.58,1013.9,985.8,60.5,sht20,bh1750,fixed_position_sensor_facing_light,included
2026-10-01T19:25:36+08:00,1766.8,491.8,0.4918,29.71,42.15,1013.96,980.8,62.5,sht20,bh1750,fixed_position_sensor_facing_light,included
2026-10-01T19:30:36+08:00,1771.2,492.9,0.4929,29.68,45.48,1014.1,977.5,61.5,sht20,bh1750,fixed_position_sensor_facing_light,included
2026-10-01T19:35:37+08:00,1767.7,492.3,0.4922,30.01,50.53,1014.17,974.2,61.5,sht20,bh1750,fixed_position_sensor_facing_light,included
2026-10-01T19:40:37+08:00,1766.7,491.6,0.4916,30.15,53.31,1014.15,971.7,61.5,sht20,bh1750,fixed_position_sensor_facing_light,included
2026-10-01T19:45:38+08:00,1765.1,492.6,0.4926,30.21,55.58,1014.26,970.0,62.5,sht20,bh1750,fixed_position_sensor_facing_light,included
2026-10-01T19:50:39+08:00,1764.6,492.6,0.4926,30.25,57.29,1014.44,971.7,63.5,sht20,bh1750,fixed_position_sensor_facing_light,included
2026-10-01T19:55:40+08:00,1762.8,491.3,0.4913,30.32,59.02,1014.5,972.5,62.5,sht20,bh1750,fixed_position_sensor_facing_light,included
2026-10-01T20:00:40+08:00,1764.8,490.9,0.4909,30.47,59.7,1014.68,972.5,62.5,sht20,bh1750,fixed_position_sensor_facing_light,included
2026-10-01T20:05:41+08:00,1761.5,491.5,0.4915,30.04,52.13,1014.66,972.5,63.5,sht20,bh1750,fixed_position_sensor_facing_light,included
2026-10-01T20:10:41+08:00,1762.7,491.4,0.4914,30.01,48.3,1014.75,970.8,63.5,sht20,bh1750,fixed_position_sensor_facing_light,included
2026-10-01T20:15:42+08:00,1763.0,491.5,0.4915,29.88,45.77,1014.86,972.5,63.5,sht20,bh1750,fixed_position_sensor_facing_light,included
2026-10-01T20:20:42+08:00,1766.7,492.2,0.4922,29.82,44.78,1014.77,972.5,62.5,sht20,bh1750,fixed_position_sensor_facing_light,included
2026-10-01T20:25:43+08:00,1761.2,491.6,0.4916,29.74,43.67,1014.8,971.7,62.5,sht20,bh1750,fixed_position_sensor_facing_light,included
2026-10-01T20:30:43+08:00,1767.1,491.7,0.4917,29.66,43.0,1014.99,972.5,63.5,sht20,bh1750,fixed_position_sensor_facing_light,included
2026-10-01T20:35:44+08:00,1766.1,492.1,0.4921,29.62,42.82,1014.85,971.7,61.5,sht20,bh1750,fixed_position_sensor_facing_light,included
2026-10-01T20:40:45+08:00,1768.4,492.6,0.4926,29.87,48.88,1015.03,971.7,62.5,sht20,bh1750,fixed_position_sensor_facing_light,included
2026-10-01T20:45:45+08:00,1768.0,492.7,0.4927,29.98,53.24,1015.06,970.8,61.5,sht20,bh1750,fixed_position_sensor_facing_light,included
2026-10-01T20:50:46+08:00,1766.0,491.9,0.4919,30.19,55.47,1014.98,970.0,63.5,sht20,bh1750,fixed_position_sensor_facing_light,included
2026-10-01T20:55:46+08:00,1765.7,491.6,0.4916,30.26,57.34,1015.01,970.0,64.5,sht20,bh1750,fixed_position_sensor_facing_light,included
2026-10-01T21:00:47+08:00,1763.6,491.7,0.4917,30.35,59.11,1015.1,970.8,62.5,sht20,bh1750,fixed_position_sensor_facing_light,included
2026-10-01T21:05:47+08:00,1763.7,490.7,0.4907,30.38,60.89,1015.19,969.2,62.5,sht20,bh1750,fixed_position_sensor_facing_light,included
2026-10-01T21:10:48+08:00,1762.3,490.8,0.4908,30.3,57.03,1015.24,970.0,62.5,sht20,bh1750,fixed_position_sensor_facing_light,included
2026-10-01T21:15:49+08:00,1766.6,491.5,0.4915,30.96,57.39,1015.3,966.7,64.5,sht20,bh1750,fixed_position_sensor_facing_light,included
2026-10-01T21:20:49+08:00,1763.0,491.0,0.491,31.16,63.35,1015.24,968.3,65.5,sht20,bh1750,fixed_position_sensor_facing_light,included
2026-10-01T21:25:50+08:00,1760.1,489.9,0.4899,31.31,65.05,1015.28,967.5,64.5,sht20,bh1750,fixed_position_sensor_facing_light,included
2026-10-01T21:30:50+08:00,1757.8,489.8,0.4898,31.5,65.63,1015.31,967.5,63.5,sht20,bh1750,fixed_position_sensor_facing_light,included
2026-10-01T21:35:51+08:00,1759.7,489.1,0.4891,31.4,67.97,1015.37,970.0,65.5,sht20,bh1750,fixed_position_sensor_facing_light,included
2026-10-01T21:40:52+08:00,1757.3,489.2,0.4892,31.38,68.71,1015.37,971.7,64.5,sht20,bh1750,fixed_position_sensor_facing_light,included
2026-10-01T21:45:52+08:00,1756.2,489.5,0.4895,31.39,70.0,1015.34,966.7,63.5,sht20,bh1750,fixed_position_sensor_facing_light,included
2026-10-01T21:50:52+08:00,1756.7,488.9,0.4889,31.57,67.5,1015.34,965.0,63.5,sht20,bh1750,fixed_position_sensor_facing_light,included
2026-10-01T21:55:53+08:00,1754.7,489.2,0.4892,31.54,69.65,1015.28,966.7,63.5,sht20,bh1750,fixed_position_sensor_facing_light,included
2026-10-01T22:00:54+08:00,1756.1,489.2,0.4892,31.56,69.66,1015.31,965.0,63.5,sht20,bh1750,fixed_position_sensor_facing_light,included
2026-10-01T22:05:54+08:00,1754.4,488.3,0.4883,31.61,69.44,1015.37,968.3,64.5,sht20,bh1750,fixed_position_sensor_facing_light,included
2026-10-01T22:10:55+08:00,1754.6,487.8,0.4878,31.6,70.06,1015.34,967.5,66.5,sht20,bh1750,fixed_position_sensor_facing_light,included
2026-10-01T22:15:56+08:00,1751.2,488.3,0.4882,31.76,68.1,1015.44,967.5,64.5,sht20,bh1750,fixed_position_sensor_facing_light,included
2026-10-01T22:20:56+08:00,1751.3,487.8,0.4878,31.83,68.37,1015.41,967.5,66.5,sht20,bh1750,fixed_position_sensor_facing_light,included
2026-10-01T22:25:57+08:00,1752.3,488.4,0.4884,31.89,68.85,1015.27,966.7,64.5,sht20,bh1750,fixed_position_sensor_facing_light,included
2026-10-01T22:30:57+08:00,1751.7,487.8,0.4878,31.88,68.84,1015.33,965.8,64.5,sht20,bh1750,fixed_position_sensor_facing_light,included
2026-10-01T22:35:58+08:00,1754.2,488.0,0.488,31.94,69.0,1015.15,964.2,66.5,sht20,bh1750,fixed_position_sensor_facing_light,included
2026-10-01T22:40:59+08:00,1752.1,487.3,0.4873,31.87,69.97,1015.24,963.3,64.5,sht20,bh1750,fixed_position_sensor_facing_light,included
2026-10-01T22:46:00+08:00,1752.3,486.9,0.4869,31.88,69.94,1015.21,964.2,64.5,sht20,bh1750,fixed_position_sensor_facing_light,included
2026-10-01T22:51:00+08:00,1750.4,486.9,0.4869,31.87,69.94,1015.24,964.2,66.5,sht20,bh1750,fixed_position_sensor_facing_light,included
2026-10-01T22:56:01+08:00,1747.0,486.7,0.4867,31.92,69.52,1015.06,962.5,64.5,sht20,bh1750,fixed_position_sensor_facing_light,included
2026-10-01T23:01:01+08:00,1750.0,488.2,0.4882,31.94,69.53,1015.18,962.5,64.5,sht20,bh1750,fixed_position_sensor_facing_light,included
2026-10-01T23:06:02+08:00,1750.9,486.1,0.4861,31.92,69.39,1015.12,962.5,66.5,sht20,bh1750,fixed_position_sensor_facing_light,included
2026-10-01T23:11:02+08:00,1749.6,487.3,0.4873,31.9,69.78,1015.09,960.8,64.5,sht20,bh1750,fixed_position_sensor_facing_light,included
2026-10-01T23:16:03+08:00,1748.3,487.7,0.4877,31.93,69.95,1015.04,964.2,64.5,sht20,bh1750,fixed_position_sensor_facing_light,included
2026-10-01T23:21:04+08:00,1748.7,487.8,0.4878,32.0,68.65,1015.1,962.5,66.5,sht20,bh1750,fixed_position_sensor_facing_light,included
2026-10-01T23:26:05+08:00,1750.4,488.3,0.4882,31.93,68.71,1015.04,962.5,64.5,sht20,bh1750,fixed_position_sensor_facing_light,included
2026-10-01T23:31:05+08:00,1746.7,487.3,0.4873,31.89,68.72,1015.03,961.7,66.5,sht20,bh1750,fixed_position_sensor_facing_light,included
2026-10-01T23:36:06+08:00,1013.3,282.6,0.2826,31.85,69.3,1015.21,80.8,64.5,sht20,bh1750,fixed_position_sensor_facing_light,included
2026-10-01T23:41:06+08:00,1025.9,286.3,0.2863,31.09,59.19,1015.09,80.8,65.5,sht20,bh1750,fixed_position_sensor_facing_light,included
2026-10-01T23:46:07+08:00,213.7,60.1,0.0601,30.68,54.42,1015.02,4.2,63.5,sht20,bh1750,fixed_position_sensor_facing_light,included
2026-10-01T23:51:07+08:00,218.3,59.8,0.0598,30.56,51.9,1015.05,4.2,62.5,sht20,bh1750,fixed_position_sensor_facing_light,included
2026-10-01T23:56:08+08:00,222.8,62.1,0.0621,30.38,50.33,1015.07,4.2,61.5,sht20,bh1750,fixed_position_sensor_facing_light,included
2026-10-02T00:01:08+08:00,224.5,62.5,0.0625,30.24,48.92,1014.93,4.2,61.5,sht20,bh1750,fixed_position_sensor_facing_light,included
2026-10-02T00:06:09+08:00,230.2,64.1,0.0641,30.11,47.7,1014.95,4.2,61.5,sht20,bh1750,fixed_position_sensor_facing_light,included
2026-10-02T00:11:09+08:00,234.2,63.8,0.0638,29.97,46.23,1014.84,4.2,61.5,sht20,bh1750,fixed_position_sensor_facing_light,included
2026-10-02T00:16:10+08:00,232.9,64.6,0.0646,29.82,46.27,1014.83,4.2,61.5,sht20,bh1750,fixed_position_sensor_facing_light,included
2026-10-02T00:21:11+08:00,237.0,66.3,0.0663,29.74,45.52,1014.74,4.2,60.5,sht20,bh1750,fixed_position_sensor_facing_light,included
2026-10-02T00:26:11+08:00,242.2,66.1,0.0661,29.66,44.74,1014.8,4.2,60.5,sht20,bh1750,fixed_position_sensor_facing_light,included
2026-10-02T00:31:12+08:00,242.3,66.9,0.0669,29.59,44.45,1014.71,4.2,62.5,sht20,bh1750,fixed_position_sensor_facing_light,included
2026-10-02T00:36:12+08:00,246.2,67.4,0.0674,29.46,44.48,1014.67,4.2,62.5,sht20,bh1750,fixed_position_sensor_facing_light,included
2026-10-02T00:41:13+08:00,247.3,69.2,0.0692,29.42,44.65,1014.56,5.0,63.5,sht20,bh1750,fixed_position_sensor_facing_light,included
2026-10-02T00:46:14+08:00,251.7,69.2,0.0692,29.38,44.32,1014.5,5.0,63.5,sht20,bh1750,fixed_position_sensor_facing_light,included
2026-10-02T00:51:15+08:00,249.1,70.3,0.0703,29.37,43.39,1014.5,4.2,63.5,sht20,bh1750,fixed_position_sensor_facing_light,included
2026-10-02T00:56:15+08:00,253.7,70.4,0.0704,29.32,42.41,1014.5,5.0,61.5,sht20,bh1750,fixed_position_sensor_facing_light,included
2026-10-02T01:01:16+08:00,252.9,70.0,0.07,29.28,44.85,1014.35,4.2,60.5,sht20,bh1750,fixed_position_sensor_facing_light,included
2026-10-02T01:06:16+08:00,251.7,70.3,0.0703,29.58,51.82,1014.3,4.2,60.5,sht20,bh1750,fixed_position_sensor_facing_light,included
2026-10-02T01:11:17+08:00,249.3,68.8,0.0688,29.7,54.38,1014.31,4.2,61.5,sht20,bh1750,fixed_position_sensor_facing_light,included
2026-10-02T01:16:18+08:00,246.5,68.7,0.0688,29.83,57.2,1014.31,5.0,61.5,sht20,bh1750,fixed_position_sensor_facing_light,included
2026-10-02T01:21:18+08:00,255.0,70.7,0.0707,29.86,59.57,1014.4,5.0,61.5,sht20,bh1750,fixed_position_sensor_facing_light,included
2026-10-02T01:26:19+08:00,251.8,69.8,0.0698,29.97,61.21,1014.49,5.0,61.5,sht20,bh1750,fixed_position_sensor_facing_light,included
2026-10-02T01:31:19+08:00,249.3,69.8,0.0698,30.0,61.97,1014.32,4.2,61.5,sht20,bh1750,fixed_position_sensor_facing_light,included
2026-10-02T01:36:20+08:00,252.5,70.1,0.0701,30.07,62.56,1014.26,5.0,61.5,sht20,bh1750,fixed_position_sensor_facing_light,included
2026-10-02T01:41:20+08:00,249.3,69.7,0.0697,29.74,55.66,1014.25,5.0,61.5,sht20,bh1750,fixed_position_sensor_facing_light,included
2026-10-02T01:46:21+08:00,251.4,69.8,0.0698,29.63,51.32,1014.19,5.0,62.5,sht20,bh1750,fixed_position_sensor_facing_light,included
2026-10-02T01:51:21+08:00,252.1,70.8,0.0707,29.48,49.36,1014.13,5.0,61.5,sht20,bh1750,fixed_position_sensor_facing_light,included
2026-10-02T01:56:22+08:00,255.8,71.0,0.071,29.42,47.34,1014.15,5.0,60.5,sht20,bh1750,fixed_position_sensor_facing_light,included
2026-10-02T02:01:22+08:00,257.9,71.3,0.0713,29.36,46.1,1014.06,4.2,62.5,sht20,bh1750,fixed_position_sensor_facing_light,included
2026-10-02T02:06:23+08:00,255.7,70.2,0.0702,29.54,52.48,1014.01,5.0,63.5,sht20,bh1750,fixed_position_sensor_facing_light,included
2026-10-02T02:11:23+08:00,252.2,69.4,0.0694,29.65,55.74,1014.25,4.2,63.5,sht20,bh1750,fixed_position_sensor_facing_light,included
2026-10-02T02:16:24+08:00,250.7,69.5,0.0695,29.74,58.54,1014.08,4.2,63.5,sht20,bh1750,fixed_position_sensor_facing_light,included
2026-10-02T02:21:24+08:00,248.3,68.9,0.0689,29.76,60.7,1013.99,4.2,63.5,sht20,bh1750,fixed_position_sensor_facing_light,included
2026-10-02T02:26:25+08:00,250.1,69.0,0.069,29.87,62.9,1013.91,4.2,62.5,sht20,bh1750,fixed_position_sensor_facing_light,included
2026-10-02T02:31:25+08:00,248.1,69.5,0.0695,29.91,63.43,1013.85,4.2,61.5,sht20,bh1750,fixed_position_sensor_facing_light,included
2026-10-02T02:36:26+08:00,245.4,68.5,0.0685,29.97,64.47,1013.97,4.2,63.5,sht20,bh1750,fixed_position_sensor_facing_light,included
2026-10-02T02:41:26+08:00,250.8,68.7,0.0687,29.61,55.82,1013.81,4.2,63.5,sht20,bh1750,fixed_position_sensor_facing_light,included
2026-10-02T02:46:27+08:00,250.4,69.2,0.0692,29.41,52.3,1013.89,4.2,63.5,sht20,bh1750,fixed_position_sensor_facing_light,included
2026-10-02T02:51:28+08:00,252.1,70.2,0.0702,29.36,50.16,1013.77,4.2,61.5,sht20,bh1750,fixed_position_sensor_facing_light,included
2026-10-02T02:56:28+08:00,253.3,69.7,0.0697,29.26,48.62,1013.65,4.2,60.5,sht20,bh1750,fixed_position_sensor_facing_light,included
2026-10-02T03:01:28+08:00,255.7,70.2,0.0702,29.24,52.1,1013.8,4.2,60.5,sht20,bh1750,fixed_position_sensor_facing_light,included
2026-10-02T03:06:29+08:00,252.9,70.8,0.0708,29.47,56.49,1013.75,4.2,60.5,sht20,bh1750,fixed_position_sensor_facing_light,included
2026-10-02T03:11:30+08:00,250.2,70.2,0.0702,29.57,59.23,1013.93,4.2,61.5,sht20,bh1750,fixed_position_sensor_facing_light,included
2026-10-02T03:16:30+08:00,255.6,70.7,0.0707,29.66,61.75,1013.84,4.2,61.5,sht20,bh1750,fixed_position_sensor_facing_light,included
2026-10-02T03:21:31+08:00,250.5,69.8,0.0698,29.75,63.31,1013.76,4.2,61.5,sht20,bh1750,fixed_position_sensor_facing_light,included
2026-10-02T03:26:31+08:00,253.1,68.9,0.0689,29.82,64.47,1013.64,4.2,61.5,sht20,bh1750,fixed_position_sensor_facing_light,included
2026-10-02T03:31:32+08:00,250.2,69.5,0.0695,29.89,65.17,1013.65,4.2,62.5,sht20,bh1750,fixed_position_sensor_facing_light,included
2026-10-02T03:36:33+08:00,251.7,70.6,0.0706,29.81,60.44,1013.82,4.2,61.5,sht20,bh1750,fixed_position_sensor_facing_light,included
2026-10-02T03:41:33+08:00,252.1,70.6,0.0706,29.48,55.07,1013.69,4.2,62.5,sht20,bh1750,fixed_position_sensor_facing_light,included
2026-10-02T03:46:33+08:00,256.4,70.5,0.0705,29.34,52.17,1013.52,4.2,61.5,sht20,bh1750,fixed_position_sensor_facing_light,included
2026-10-02T03:51:34+08:00,257.6,70.4,0.0704,29.23,50.47,1013.63,4.2,60.5,sht20,bh1750,fixed_position_sensor_facing_light,included
2026-10-02T03:56:35+08:00,254.5,70.7,0.0707,29.13,49.4,1013.65,4.2,60.5,sht20,bh1750,fixed_position_sensor_facing_light,included
2026-10-02T04:01:35+08:00,256.7,71.1,0.0711,29.44,55.27,1013.66,4.2,60.5,sht20,bh1750,fixed_position_sensor_facing_light,included
2026-10-02T04:06:36+08:00,254.1,70.8,0.0708,29.57,58.65,1013.72,4.2,62.5,sht20,bh1750,fixed_position_sensor_facing_light,included
2026-10-02T04:11:36+08:00,253.9,71.2,0.0712,29.63,61.15,1013.87,4.2,62.5,sht20,bh1750,fixed_position_sensor_facing_light,included
2026-10-02T04:16:37+08:00,255.5,70.7,0.0707,29.7,62.78,1013.81,4.2,61.5,sht20,bh1750,fixed_position_sensor_facing_light,included
2026-10-02T04:21:38+08:00,253.3,70.5,0.0705,29.73,64.8,1013.79,4.2,61.5,sht20,bh1750,fixed_position_sensor_facing_light,included
2026-10-02T04:26:38+08:00,253.4,70.0,0.07,29.78,65.44,1013.85,4.2,61.5,sht20,bh1750,fixed_position_sensor_facing_light,included
2026-10-02T04:31:39+08:00,252.6,70.0,0.07,29.89,65.78,1013.85,4.2,61.5,sht20,bh1750,fixed_position_sensor_facing_light,included
2026-10-02T04:36:40+08:00,253.2,70.7,0.0707,29.52,57.57,1014.04,4.2,61.5,sht20,bh1750,fixed_position_sensor_facing_light,included
2026-10-02T04:41:40+08:00,253.6,70.7,0.0707,29.38,53.59,1013.77,4.2,61.5,sht20,bh1750,fixed_position_sensor_facing_light,included
2026-10-02T04:46:41+08:00,255.7,71.4,0.0714,29.24,50.8,1013.86,4.2,62.5,sht20,bh1750,fixed_position_sensor_facing_light,included
2026-10-02T04:51:41+08:00,255.1,70.4,0.0704,29.31,54.78,1013.86,4.2,62.5,sht20,bh1750,fixed_position_sensor_facing_light,included
2026-10-02T04:56:42+08:00,259.1,71.7,0.0717,29.49,58.51,1013.87,4.2,63.5,sht20,bh1750,fixed_position_sensor_facing_light,included
2026-10-02T05:01:43+08:00,253.4,71.4,0.0714,29.6,61.3,1013.87,4.2,63.5,sht20,bh1750,fixed_position_sensor_facing_light,included
2026-10-02T05:06:43+08:00,255.8,71.2,0.0712,29.56,63.61,1014.04,4.2,62.5,sht20,bh1750,fixed_position_sensor_facing_light,included
2026-10-02T05:11:43+08:00,252.0,70.3,0.0703,29.67,65.38,1013.99,4.2,61.5,sht20,bh1750,fixed_position_sensor_facing_light,included
2026-10-02T05:16:44+08:00,253.7,70.7,0.0707,29.71,66.58,1014.1,4.2,63.5,sht20,bh1750,fixed_position_sensor_facing_light,included
2026-10-02T05:21:45+08:00,252.4,71.5,0.0715,29.79,66.95,1013.96,4.2,62.5,sht20,bh1750,fixed_position_sensor_facing_light,included
2026-10-02T05:26:45+08:00,253.2,71.2,0.0712,29.77,61.97,1013.96,4.2,63.5,sht20,bh1750,fixed_position_sensor_facing_light,included
2026-10-02T05:31:46+08:00,256.0,71.3,0.0713,29.38,55.99,1013.89,4.2,63.5,sht20,bh1750,fixed_position_sensor_facing_light,included
2026-10-02T05:36:46+08:00,256.1,71.2,0.0712,29.19,52.97,1014.06,4.2,63.5,sht20,bh1750,fixed_position_sensor_facing_light,included
2026-10-02T05:41:47+08:00,259.0,71.9,0.0719,29.15,50.32,1013.97,4.2,62.5,sht20,bh1750,fixed_position_sensor_facing_light,included
2026-10-02T05:46:48+08:00,260.1,72.3,0.0723,29.34,57.12,1014.12,4.2,63.5,sht20,bh1750,fixed_position_sensor_facing_light,included
2026-10-02T05:51:48+08:00,261.2,71.5,0.0715,29.47,60.21,1014.07,5.0,63.5,sht20,bh1750,fixed_position_sensor_facing_light,included
2026-10-02T05:56:49+08:00,261.8,72.5,0.0725,29.56,62.35,1014.27,5.0,63.5,sht20,bh1750,fixed_position_sensor_facing_light,included
2026-10-02T06:01:49+08:00,261.4,72.4,0.0724,29.59,64.16,1014.56,4.2,63.5,sht20,bh1750,fixed_position_sensor_facing_light,included
2026-10-02T06:06:50+08:00,260.4,73.0,0.073,29.64,65.59,1014.59,5.0,63.5,sht20,bh1750,fixed_position_sensor_facing_light,included
2026-10-02T06:11:50+08:00,259.8,73.0,0.073,29.7,67.27,1014.54,5.0,62.5,sht20,bh1750,fixed_position_sensor_facing_light,included
2026-10-02T06:16:51+08:00,261.4,72.9,0.0729,29.79,67.46,1014.54,5.0,63.5,sht20,bh1750,fixed_position_sensor_facing_light,included
2026-10-02T06:21:51+08:00,267.9,73.4,0.0734,29.5,59.25,1014.65,5.0,62.5,sht20,bh1750,fixed_position_sensor_facing_light,included
2026-10-02T06:26:52+08:00,272.8,75.1,0.0751,29.23,55.39,1014.52,5.0,62.5,sht20,bh1750,fixed_position_sensor_facing_light,included
2026-10-02T06:31:52+08:00,273.0,75.2,0.0752,29.11,52.45,1014.46,5.0,60.5,sht20,bh1750,fixed_position_sensor_facing_light,included
2026-10-02T06:36:53+08:00,273.3,76.5,0.0765,29.16,55.87,1014.52,5.0,60.5,sht20,bh1750,fixed_position_sensor_facing_light,included
2026-10-02T06:41:53+08:00,276.7,76.7,0.0767,29.39,58.85,1014.41,5.0,60.5,sht20,bh1750,fixed_position_sensor_facing_light,included
2026-10-02T06:46:54+08:00,275.0,76.3,0.0763,29.48,61.83,1014.62,5.0,61.5,sht20,bh1750,fixed_position_sensor_facing_light,included
2026-10-02T06:51:55+08:00,278.1,77.3,0.0773,29.53,64.08,1014.56,5.0,60.5,sht20,bh1750,fixed_position_sensor_facing_light,included
2026-10-02T06:56:55+08:00,279.0,78.8,0.0788,29.62,65.9,1014.71,5.0,61.5,sht20,bh1750,fixed_position_sensor_facing_light,included
2026-10-02T07:01:56+08:00,283.5,78.7,0.0787,29.66,66.9,1014.86,5.0,63.5,sht20,bh1750,fixed_position_sensor_facing_light,included
2026-10-02T07:06:56+08:00,294.2,82.5,0.0825,29.74,67.16,1014.71,5.8,62.5,sht20,bh1750,fixed_position_sensor_facing_light,included
2026-10-02T07:11:57+08:00,272.8,74.5,0.0745,29.79,67.68,1014.77,5.0,63.5,sht20,bh1750,fixed_position_sensor_facing_light,included
2026-10-02T07:16:57+08:00,281.8,77.8,0.0778,29.47,58.83,1014.88,5.0,62.5,sht20,bh1750,fixed_position_sensor_facing_light,included
2026-10-02T07:21:58+08:00,287.0,78.9,0.0789,29.22,55.17,1014.78,5.0,62.5,sht20,bh1750,fixed_position_sensor_facing_light,included
2026-10-02T07:26:58+08:00,302.6,83.8,0.0838,29.12,52.4,1014.63,5.8,60.5,sht20,bh1750,fixed_position_sensor_facing_light,included
2026-10-02T07:31:59+08:00,301.2,84.0,0.084,29.0,50.27,1014.78,5.8,62.5,sht20,bh1750,fixed_position_sensor_facing_light,included
2026-10-02T07:36:59+08:00,315.0,87.9,0.0879,28.88,49.17,1014.86,5.8,62.5,sht20,bh1750,fixed_position_sensor_facing_light,included
2026-10-02T07:42:00+08:00,347.3,97.7,0.0977,29.16,56.11,1014.95,7.5,62.5,sht20,bh1750,fixed_position_sensor_facing_light,included
2026-10-02T07:47:01+08:00,349.0,97.1,0.0971,29.29,59.78,1014.93,7.5,63.5,sht20,bh1750,fixed_position_sensor_facing_light,included
2026-10-02T07:52:01+08:00,360.4,100.1,0.1001,29.37,62.53,1014.98,7.5,63.5,sht20,bh1750,fixed_position_sensor_facing_light,included
2026-10-02T07:57:01+08:00,322.5,88.6,0.0886,29.49,64.79,1015.01,6.7,63.5,sht20,bh1750,fixed_position_sensor_facing_light,included
2026-10-02T08:02:02+08:00,379.2,105.0,0.105,29.53,65.95,1014.96,8.3,63.5,sht20,bh1750,fixed_position_sensor_facing_light,included
2026-10-02T08:07:03+08:00,383.3,106.1,0.1061,29.58,67.84,1014.91,8.3,64.5,sht20,bh1750,fixed_position_sensor_facing_light,included
2026-10-02T08:12:05+08:00,301.2,84.0,0.084,29.67,68.41,1014.94,5.8,62.5,sht20,bh1750,fixed_position_sensor_facing_light,included
2026-10-02T08:17:06+08:00,360.4,100.5,0.1005,29.65,64.85,1014.96,7.5,63.5,sht20,bh1750,fixed_position_sensor_facing_light,included
2026-10-02T08:22:06+08:00,396.5,110.6,0.1106,29.31,58.28,1014.87,9.2,62.5,sht20,bh1750,fixed_position_sensor_facing_light,included
2026-10-02T08:27:07+08:00,405.1,113.5,0.1135,29.19,55.28,1014.81,9.2,61.5,sht20,bh1750,fixed_position_sensor_facing_light,included
2026-10-02T08:32:07+08:00,430.7,120.7,0.1208,29.11,53.44,1014.75,10.0,60.5,sht20,bh1750,fixed_position_sensor_facing_light,included
2026-10-02T08:37:08+08:00,415.3,115.7,0.1157,29.04,52.69,1014.78,8.3,60.5,sht20,bh1750,fixed_position_sensor_facing_light,included
2026-10-02T08:42:09+08:00,422.5,118.7,0.1187,29.08,55.68,1014.81,9.2,60.5,sht20,bh1750,fixed_position_sensor_facing_light,included
2026-10-02T08:47:09+08:00,455.5,126.5,0.1265,29.33,59.25,1014.73,10.8,62.5,sht20,bh1750,fixed_position_sensor_facing_light,included
2026-10-02T08:52:10+08:00,464.4,130.3,0.1303,29.45,66.65,1014.79,11.7,61.5,sht20,bh1750,fixed_position_sensor_facing_light,included
2026-10-02T08:57:10+08:00,478.0,133.0,0.133,29.59,70.87,1014.85,12.5,61.5,sht20,bh1750,fixed_position_sensor_facing_light,included
2026-10-02T09:02:11+08:00,481.0,134.3,0.1343,29.72,72.9,1014.99,12.5,63.5,sht20,bh1750,fixed_position_sensor_facing_light,included
2026-10-02T09:07:11+08:00,482.1,133.9,0.1339,29.75,75.05,1014.74,12.5,62.5,sht20,bh1750,fixed_position_sensor_facing_light,included
2026-10-02T09:12:12+08:00,2845.2,781.6,0.7816,29.39,66.52,1014.76,14.2,61.5,sht20,bh1750,fixed_position_sensor_facing_light,included
2026-10-02T09:17:12+08:00,2676.8,736.0,0.736,29.12,61.26,1014.72,8.3,62.5,sht20,bh1750,fixed_position_sensor_facing_light,included
2026-10-02T09:22:13+08:00,2515.0,698.1,0.6981,29.02,58.12,1014.81,15.8,62.5,sht20,bh1750,fixed_position_sensor_facing_light,included
2026-10-02T09:27:13+08:00,2562.2,705.4,0.7054,29.15,58.39,1014.69,21.7,62.5,sht20,bh1750,fixed_position_sensor_facing_light,included
2026-10-02T09:32:14+08:00,2695.5,747.2,0.7472,29.44,59.03,1014.85,22.5,61.5,sht20,bh1750,fixed_position_sensor_facing_light,included
2026-10-02T09:37:14+08:00,2696.6,744.4,0.7444,29.8,58.89,1014.8,21.7,61.5,sht20,bh1750,fixed_position_sensor_facing_light,included
2026-10-02T09:42:15+08:00,2589.3,714.7,0.7147,30.06,61.54,1014.67,22.5,62.5,sht20,bh1750,fixed_position_sensor_facing_light,included
2026-10-02T09:47:16+08:00,2713.5,749.5,0.7495,30.24,61.49,1014.79,22.5,63.5,sht20,bh1750,fixed_position_sensor_facing_light,included
2026-10-02T09:52:16+08:00,2551.7,708.2,0.7082,30.39,61.86,1014.76,22.5,64.5,sht20,bh1750,fixed_position_sensor_facing_light,included
2026-10-02T09:57:16+08:00,2507.2,693.7,0.6937,30.51,61.7,1014.71,22.5,65.5,sht20,bh1750,fixed_position_sensor_facing_light,included
2026-10-02T10:02:17+08:00,2723.9,746.5,0.7465,30.62,62.29,1014.65,22.5,63.5,sht20,bh1750,fixed_position_sensor_facing_light,included
2026-10-02T10:07:18+08:00,2643.7,726.8,0.7268,30.7,62.86,1014.66,22.5,62.5,sht20,bh1750,fixed_position_sensor_facing_light,included
2026-10-02T10:12:18+08:00,2722.0,749.9,0.7499,30.77,62.53,1014.75,15.8,62.5,sht20,bh1750,fixed_position_sensor_facing_light,included
2026-10-02T10:17:19+08:00,2629.1,727.9,0.7279,30.8,62.7,1014.6,22.5,64.5,sht20,bh1750,fixed_position_sensor_facing_light,included
2026-10-02T10:22:19+08:00,2727.1,757.2,0.7572,30.89,62.74,1014.69,16.7,65.5,sht20,bh1750,fixed_position_sensor_facing_light,included
2026-10-02T10:27:20+08:00,2454.3,677.3,0.6773,30.91,62.06,1014.69,13.3,64.5,sht20,bh1750,fixed_position_sensor_facing_light,included
2026-10-02T10:32:20+08:00,2701.4,751.4,0.7514,30.96,62.05,1014.72,22.5,63.5,sht20,bh1750,fixed_position_sensor_facing_light,included
2026-10-02T10:37:21+08:00,2498.7,688.3,0.6883,31.0,62.46,1014.73,22.5,65.5,sht20,bh1750,fixed_position_sensor_facing_light,included
2026-10-02T10:42:22+08:00,2725.5,753.2,0.7532,31.05,62.16,1014.73,21.7,63.5,sht20,bh1750,fixed_position_sensor_facing_light,included
2026-10-02T10:47:22+08:00,2734.4,760.3,0.7603,31.07,62.76,1014.58,21.7,63.5,sht20,bh1750,fixed_position_sensor_facing_light,included
2026-10-02T10:52:23+08:00,2658.8,732.0,0.732,31.11,62.57,1014.61,21.7,63.5,sht20,bh1750,fixed_position_sensor_facing_light,included
2026-10-02T10:57:23+08:00,2649.8,734.2,0.7342,31.14,62.73,1014.76,20.8,63.5,sht20,bh1750,fixed_position_sensor_facing_light,included
2026-10-02T11:02:24+08:00,2642.9,731.4,0.7314,31.18,62.57,1014.61,20.0,65.5,sht20,bh1750,fixed_position_sensor_facing_light,included
2026-10-02T11:07:24+08:00,2730.2,755.0,0.755,31.22,62.72,1014.64,20.8,63.5,sht20,bh1750,fixed_position_sensor_facing_light,included
2026-10-02T11:12:25+08:00,2625.2,724.0,0.724,31.23,62.78,1014.67,15.8,63.5,sht20,bh1750,fixed_position_sensor_facing_light,included
2026-10-02T11:17:25+08:00,2746.0,758.1,0.7581,31.28,62.54,1014.62,20.0,63.5,sht20,bh1750,fixed_position_sensor_facing_light,included
2026-10-02T11:22:26+08:00,2505.0,687.9,0.6879,31.29,62.48,1014.44,19.2,63.5,sht20,bh1750,fixed_position_sensor_facing_light,included
2026-10-02T11:27:27+08:00,2502.0,688.9,0.6889,31.34,62.37,1014.44,13.3,63.5,sht20,bh1750,fixed_position_sensor_facing_light,included
2026-10-02T11:32:27+08:00,2744.9,756.0,0.756,31.37,62.27,1014.33,19.2,63.5,sht20,bh1750,fixed_position_sensor_facing_light,included
2026-10-02T11:37:28+08:00,2665.2,735.0,0.735,31.38,62.29,1014.24,18.3,65.5,sht20,bh1750,fixed_position_sensor_facing_light,included
2026-10-02T11:42:29+08:00,2765.8,761.6,0.7616,31.4,62.28,1014.21,18.3,64.5,sht20,bh1750,fixed_position_sensor_facing_light,included
2026-10-02T11:47:29+08:00,2724.3,756.9,0.7569,31.41,62.04,1014.21,17.5,63.5,sht20,bh1750,fixed_position_sensor_facing_light,included
2026-10-02T11:52:30+08:00,2481.3,684.5,0.6845,31.44,62.12,1014.01,16.7,63.5,sht20,bh1750,fixed_position_sensor_facing_light,included
2026-10-02T11:57:30+08:00,2502.1,697.1,0.6971,31.49,61.79,1014.01,13.3,63.5,sht20,bh1750,fixed_position_sensor_facing_light,included
2026-10-02T12:02:31+08:00,2561.4,704.1,0.7041,31.5,61.57,1013.87,16.7,63.5,sht20,bh1750,fixed_position_sensor_facing_light,included
2026-10-02T12:07:31+08:00,2663.0,734.3,0.7343,31.53,61.15,1013.72,15.8,63.5,sht20,bh1750,fixed_position_sensor_facing_light,included
2026-10-02T12:12:32+08:00,2758.4,759.8,0.7598,31.56,61.05,1013.87,15.8,65.5,sht20,bh1750,fixed_position_sensor_facing_light,included
2026-10-02T12:17:32+08:00,2650.1,730.1,0.7301,31.59,60.81,1013.81,15.0,66.5,sht20,bh1750,fixed_position_sensor_facing_light,included
2026-10-02T12:22:33+08:00,2639.7,732.1,0.7321,31.6,60.93,1013.73,15.0,64.5,sht20,bh1750,fixed_position_sensor_facing_light,included
2026-10-02T12:27:33+08:00,2739.8,760.4,0.7604,31.61,61.09,1013.64,15.0,64.5,sht20,bh1750,fixed_position_sensor_facing_light,included
2026-10-02T12:32:34+08:00,2571.1,708.0,0.708,31.64,61.11,1013.87,14.2,65.5,sht20,bh1750,fixed_position_sensor_facing_light,included
2026-10-02T12:37:35+08:00,2602.8,716.9,0.7169,31.68,61.01,1013.64,15.0,64.5,sht20,bh1750,fixed_position_sensor_facing_light,included
2026-10-02T12:42:35+08:00,2642.4,735.5,0.7355,31.7,60.96,1013.7,14.2,64.5,sht20,bh1750,fixed_position_sensor_facing_light,included
2026-10-02T12:47:36+08:00,2638.2,732.9,0.7329,31.7,61.03,1013.58,14.2,65.5,sht20,bh1750,fixed_position_sensor_facing_light,included
2026-10-02T12:52:36+08:00,2738.8,757.9,0.7579,31.7,61.13,1013.45,13.3,64.5,sht20,bh1750,fixed_position_sensor_facing_light,included
2026-10-02T12:57:37+08:00,2751.1,766.1,0.7661,31.74,60.74,1013.48,13.3,66.5,sht20,bh1750,fixed_position_sensor_facing_light,included
2026-10-02T13:02:38+08:00,2657.8,733.3,0.7333,31.75,60.89,1013.27,13.3,66.5,sht20,bh1750,fixed_position_sensor_facing_light,included
2026-10-02T13:07:38+08:00,2492.8,690.3,0.6903,31.78,60.67,1013.27,12.5,64.5,sht20,bh1750,fixed_position_sensor_facing_light,included
2026-10-02T13:12:39+08:00,2582.0,709.4,0.7094,31.81,60.6,1013.22,12.5,66.5,sht20,bh1750,fixed_position_sensor_facing_light,included
2026-10-02T13:17:39+08:00,2489.9,684.7,0.6848,31.79,60.74,1013.13,12.5,64.5,sht20,bh1750,fixed_position_sensor_facing_light,included
2026-10-02T13:22:40+08:00,2532.1,698.3,0.6983,31.83,60.7,1013.07,12.5,64.5,sht20,bh1750,fixed_position_sensor_facing_light,included
2026-10-02T13:27:41+08:00,2474.3,682.2,0.6822,31.84,60.58,1013.05,12.5,63.5,sht20,bh1750,fixed_position_sensor_facing_light,included
2026-10-02T13:32:41+08:00,2609.7,715.9,0.7159,31.86,60.73,1013.02,13.3,63.5,sht20,bh1750,fixed_position_sensor_facing_light,included
2026-10-02T13:37:42+08:00,2733.9,756.1,0.7561,31.85,60.58,1013.02,13.3,63.5,sht20,bh1750,fixed_position_sensor_facing_light,included
2026-10-02T13:42:42+08:00,2745.6,757.5,0.7575,31.88,60.66,1013.0,13.3,64.5,sht20,bh1750,fixed_position_sensor_facing_light,included
2026-10-02T13:47:43+08:00,2754.4,758.2,0.7582,31.9,60.47,1012.94,13.3,64.5,sht20,bh1750,fixed_position_sensor_facing_light,included
2026-10-02T13:52:44+08:00,2739.7,757.2,0.7572,31.9,60.36,1012.94,13.3,66.5,sht20,bh1750,fixed_position_sensor_facing_light,included
2026-10-02T13:57:44+08:00,2704.5,745.3,0.7453,31.93,60.31,1012.97,13.3,64.5,sht20,bh1750,fixed_position_sensor_facing_light,included
2026-10-02T14:02:45+08:00,2465.3,680.6,0.6806,31.93,60.15,1012.85,14.2,64.5,sht20,bh1750,fixed_position_sensor_facing_light,included
2026-10-02T14:07:45+08:00,2649.6,729.5,0.7295,31.97,60.43,1012.82,14.2,65.5,sht20,bh1750,fixed_position_sensor_facing_light,included
2026-10-02T14:12:46+08:00,2635.6,729.7,0.7297,31.97,60.15,1012.82,14.2,64.5,sht20,bh1750,fixed_position_sensor_facing_light,included
2026-10-02T14:17:47+08:00,2499.6,695.1,0.6951,31.96,59.91,1012.71,13.3,64.5,sht20,bh1750,fixed_position_sensor_facing_light,included
2026-10-02T14:22:47+08:00,2507.5,693.4,0.6934,31.98,60.02,1012.71,13.3,64.5,sht20,bh1750,fixed_position_sensor_facing_light,included
2026-10-02T14:27:48+08:00,2630.9,723.2,0.7232,32.01,59.96,1012.97,13.3,66.5,sht20,bh1750,fixed_position_sensor_facing_light,included
2026-10-02T14:32:49+08:00,2724.4,753.1,0.7531,32.03,59.81,1012.85,13.3,66.5,sht20,bh1750,fixed_position_sensor_facing_light,included
2026-10-02T14:37:49+08:00,2522.0,696.0,0.696,32.01,59.91,1012.97,13.3,65.5,sht20,bh1750,fixed_position_sensor_facing_light,included
2026-10-02T14:42:49+08:00,2468.1,673.4,0.6734,32.04,60.22,1012.8,13.3,64.5,sht20,bh1750,fixed_position_sensor_facing_light,included
2026-10-02T14:47:50+08:00,2700.4,741.7,0.7417,32.09,59.6,1012.8,13.3,64.5,sht20,bh1750,fixed_position_sensor_facing_light,included
2026-10-02T14:52:51+08:00,2722.4,759.8,0.7598,32.07,59.85,1012.74,13.3,66.5,sht20,bh1750,fixed_position_sensor_facing_light,included
2026-10-02T14:57:51+08:00,2755.0,765.4,0.7654,32.1,59.7,1012.83,13.3,64.5,sht20,bh1750,fixed_position_sensor_facing_light,included
2026-10-02T15:02:51+08:00,2492.1,687.4,0.6874,32.1,59.56,1012.97,13.3,64.5,sht20,bh1750,fixed_position_sensor_facing_light,included
2026-10-02T15:07:52+08:00,2731.2,755.8,0.7558,32.11,59.25,1012.97,13.3,66.5,sht20,bh1750,fixed_position_sensor_facing_light,included
2026-10-02T15:12:53+08:00,2640.2,729.0,0.729,32.12,59.24,1012.83,12.5,66.5,sht20,bh1750,fixed_position_sensor_facing_light,included
2026-10-02T15:17:53+08:00,2735.4,756.9,0.7569,32.14,58.84,1012.92,11.7,65.5,sht20,bh1750,fixed_position_sensor_facing_light,included
2026-10-02T15:22:54+08:00,2653.0,731.1,0.7311,32.13,59.14,1012.92,11.7,66.5,sht20,bh1750,fixed_position_sensor_facing_light,included
2026-10-02T15:27:54+08:00,2709.9,749.6,0.7496,32.17,59.22,1012.86,11.7,65.5,sht20,bh1750,fixed_position_sensor_facing_light,included
2026-10-02T15:32:55+08:00,2619.3,727.4,0.7274,32.17,59.3,1012.8,11.7,66.5,sht20,bh1750,fixed_position_sensor_facing_light,included
2026-10-02T15:37:56+08:00,2500.4,692.3,0.6923,32.2,58.89,1012.8,11.7,66.5,sht20,bh1750,fixed_position_sensor_facing_light,included
2026-10-02T15:42:56+08:00,2507.7,686.5,0.6865,32.19,58.83,1012.8,11.7,66.5,sht20,bh1750,fixed_position_sensor_facing_light,included
2026-10-02T15:47:57+08:00,2626.6,729.0,0.729,32.22,58.61,1012.89,11.7,65.5,sht20,bh1750,fixed_position_sensor_facing_light,included
2026-10-02T15:52:57+08:00,2614.3,722.0,0.722,32.17,59.03,1012.86,11.7,66.5,sht20,bh1750,fixed_position_sensor_facing_light,included
2026-10-02T15:57:58+08:00,2551.7,708.7,0.7088,32.22,58.84,1012.89,11.7,65.5,sht20,bh1750,fixed_position_sensor_facing_light,included
2026-10-02T16:02:58+08:00,2565.7,707.9,0.7079,32.23,58.57,1012.89,11.7,66.5,sht20,bh1750,fixed_position_sensor_facing_light,included
2026-10-02T16:07:59+08:00,2691.3,743.6,0.7436,32.26,58.59,1013.04,11.7,66.5,sht20,bh1750,fixed_position_sensor_facing_light,included
2026-10-02T16:12:59+08:00,2671.0,733.6,0.7336,32.25,58.45,1013.01,11.7,65.5,sht20,bh1750,fixed_position_sensor_facing_light,included
2026-10-02T16:18:00+08:00,2673.5,742.6,0.7426,32.27,58.55,1013.17,11.7,64.5,sht20,bh1750,fixed_position_sensor_facing_light,included
2026-10-02T16:23:00+08:00,2734.6,753.9,0.7539,32.27,58.48,1013.17,11.7,66.5,sht20,bh1750,fixed_position_sensor_facing_light,included
2026-10-02T16:28:01+08:00,2638.2,728.8,0.7288,32.28,58.25,1013.17,11.7,65.5,sht20,bh1750,fixed_position_sensor_facing_light,included
2026-10-02T16:33:01+08:00,2536.8,707.4,0.7074,32.29,58.76,1013.2,11.7,66.5,sht20,bh1750,fixed_position_sensor_facing_light,included
2026-10-02T16:38:02+08:00,2457.8,683.5,0.6835,32.29,58.75,1013.32,11.7,66.5,sht20,bh1750,fixed_position_sensor_facing_light,included
2026-10-02T16:43:03+08:00,2736.1,756.6,0.7566,32.3,58.22,1013.2,11.7,65.5,sht20,bh1750,fixed_position_sensor_facing_light,included
2026-10-02T16:48:04+08:00,2660.4,731.7,0.7317,32.32,58.42,1013.41,11.7,66.5,sht20,bh1750,fixed_position_sensor_facing_light,included
2026-10-02T16:53:04+08:00,2723.8,757.9,0.7579,32.33,58.75,1013.35,11.7,65.5,sht20,bh1750,fixed_position_sensor_facing_light,included
2026-10-02T16:58:05+08:00,2550.2,706.6,0.7066,32.33,58.45,1013.35,11.7,66.5,sht20,bh1750,fixed_position_sensor_facing_light,included
2026-10-02T17:03:06+08:00,2627.1,718.8,0.7188,32.32,58.75,1013.32,11.7,65.5,sht20,bh1750,fixed_position_sensor_facing_light,included
2026-10-02T17:08:06+08:00,2685.7,742.6,0.7426,32.33,59.11,1013.32,11.7,64.5,sht20,bh1750,fixed_position_sensor_facing_light,included
2026-10-02T17:13:07+08:00,2729.6,756.3,0.7563,32.34,58.91,1013.38,11.7,66.5,sht20,bh1750,fixed_position_sensor_facing_light,included
2026-10-02T17:18:07+08:00,2727.4,754.4,0.7544,32.32,59.27,1013.35,11.7,66.5,sht20,bh1750,fixed_position_sensor_facing_light,included
2026-10-02T17:23:08+08:00,2459.2,678.3,0.6783,32.34,59.3,1013.46,10.8,65.5,sht20,bh1750,fixed_position_sensor_facing_light,included
2026-10-02T17:28:08+08:00,2759.1,763.9,0.7639,32.34,59.08,1013.46,10.8,64.5,sht20,bh1750,fixed_position_sensor_facing_light,included
2026-10-02T17:33:09+08:00,2728.6,757.2,0.7572,32.34,58.74,1013.38,10.8,64.5,sht20,bh1750,fixed_position_sensor_facing_light,included
2026-10-02T17:38:09+08:00,2599.4,723.2,0.7232,32.37,59.03,1013.41,11.7,64.5,sht20,bh1750,fixed_position_sensor_facing_light,included
2026-10-02T17:43:10+08:00,2719.3,751.0,0.751,32.38,58.8,1013.6,10.8,66.5,sht20,bh1750,fixed_position_sensor_facing_light,included
2026-10-02T17:48:10+08:00,2685.1,737.3,0.7373,32.35,59.25,1013.84,10.8,65.5,sht20,bh1750,fixed_position_sensor_facing_light,included
2026-10-02T17:53:11+08:00,2646.5,737.9,0.7379,32.39,59.32,1014.01,11.7,66.5,sht20,bh1750,fixed_position_sensor_facing_light,included
2026-10-02T17:58:11+08:00,2690.2,745.1,0.7451,32.39,59.28,1013.98,10.8,65.5,sht20,bh1750,fixed_position_sensor_facing_light,included
2026-10-02T18:03:12+08:00,2618.8,723.2,0.7232,32.38,59.32,1013.92,10.8,64.5,sht20,bh1750,fixed_position_sensor_facing_light,included
2026-10-02T18:08:13+08:00,2561.9,707.4,0.7074,32.39,59.18,1013.84,10.8,66.5,sht20,bh1750,fixed_position_sensor_facing_light,included
2026-10-02T18:13:13+08:00,2680.3,738.5,0.7385,32.4,59.36,1013.95,10.8,66.5,sht20,bh1750,fixed_position_sensor_facing_light,included
2026-10-02T18:18:14+08:00,2736.4,755.5,0.7555,32.39,59.06,1014.04,10.8,65.5,sht20,bh1750,fixed_position_sensor_facing_light,included
2026-10-02T18:23:14+08:00,2481.6,686.9,0.6869,32.39,58.95,1014.01,10.8,64.5,sht20,bh1750,fixed_position_sensor_facing_light,included
2026-10-02T18:28:15+08:00,2677.4,733.4,0.7334,32.41,59.7,1014.22,10.8,66.5,sht20,bh1750,fixed_position_sensor_facing_light,included
2026-10-02T18:33:16+08:00,2737.2,758.1,0.7581,32.41,59.63,1014.3,10.8,66.5,sht20,bh1750,fixed_position_sensor_facing_light,included
2026-10-02T18:38:16+08:00,2679.0,747.8,0.7478,32.41,59.6,1014.36,11.7,65.5,sht20,bh1750,fixed_position_sensor_facing_light,included
2026-10-02T18:43:17+08:00,2750.5,755.8,0.7558,32.41,59.64,1014.36,10.8,66.5,sht20,bh1750,fixed_position_sensor_facing_light,included
2026-10-02T18:48:17+08:00,2481.1,678.4,0.6784,32.42,60.08,1014.45,10.8,65.5,sht20,bh1750,fixed_position_sensor_facing_light,included
2026-10-02T18:53:18+08:00,2725.2,757.5,0.7575,32.42,60.0,1014.36,10.8,66.5,sht20,bh1750,fixed_position_sensor_facing_light,included
2026-10-02T18:58:18+08:00,2623.5,725.1,0.7251,32.42,59.72,1014.51,10.8,65.5,sht20,bh1750,fixed_position_sensor_facing_light,included
2026-10-02T19:03:19+08:00,2653.2,732.4,0.7324,32.42,59.85,1014.33,10.8,66.5,sht20,bh1750,fixed_position_sensor_facing_light,included
2026-10-02T19:08:19+08:00,2722.4,750.6,0.7506,32.43,59.86,1014.59,11.7,66.5,sht20,bh1750,fixed_position_sensor_facing_light,included
2026-10-02T19:13:20+08:00,2699.5,749.2,0.7492,32.43,59.68,1014.65,11.7,67.5,sht20,bh1750,fixed_position_sensor_facing_light,included
2026-10-02T19:18:20+08:00,2739.9,757.2,0.7572,32.44,59.86,1014.57,10.8,65.5,sht20,bh1750,fixed_position_sensor_facing_light,included
2026-10-02T19:23:21+08:00,2563.9,707.9,0.7079,32.43,59.53,1014.68,10.8,65.5,sht20,bh1750,fixed_position_sensor_facing_light,included
2026-10-02T19:28:21+08:00,2713.5,743.1,0.7431,32.44,59.79,1014.65,10.8,64.5,sht20,bh1750,fixed_position_sensor_facing_light,included
2026-10-02T19:33:22+08:00,2757.8,762.4,0.7624,32.44,60.36,1014.77,10.8,66.5,sht20,bh1750,fixed_position_sensor_facing_light,included
2026-10-02T19:38:22+08:00,2756.2,762.0,0.762,32.45,60.63,1014.77,10.8,65.5,sht20,bh1750,fixed_position_sensor_facing_light,included
2026-10-02T19:43:23+08:00,2502.6,691.2,0.6912,32.44,60.08,1014.83,10.8,66.5,sht20,bh1750,fixed_position_sensor_facing_light,included
2026-10-02T19:48:24+08:00,2586.9,716.2,0.7162,32.46,60.52,1014.83,10.8,65.5,sht20,bh1750,fixed_position_sensor_facing_light,included
2026-10-02T19:53:24+08:00,2721.7,751.0,0.751,32.45,60.45,1014.86,10.8,65.5,sht20,bh1750,fixed_position_sensor_facing_light,included
2026-10-02T19:58:25+08:00,2643.5,733.6,0.7336,32.44,60.72,1014.94,11.7,64.5,sht20,bh1750,fixed_position_sensor_facing_light,included
2026-10-02T20:03:25+08:00,2463.4,677.1,0.6771,32.44,60.95,1015.02,10.8,64.5,sht20,bh1750,fixed_position_sensor_facing_light,included
2026-10-02T20:08:26+08:00,2468.9,685.6,0.6856,32.48,60.96,1015.11,10.8,66.5,sht20,bh1750,fixed_position_sensor_facing_light,included
2026-10-02T20:13:27+08:00,2563.3,710.0,0.71,32.49,60.6,1015.02,10.8,66.5,sht20,bh1750,fixed_position_sensor_facing_light,included
2026-10-02T20:18:27+08:00,2732.6,752.4,0.7524,32.48,60.72,1015.17,10.8,67.5,sht20,bh1750,fixed_position_sensor_facing_light,included
2026-10-02T20:23:28+08:00,2746.3,759.3,0.7593,32.44,61.48,1014.99,10.8,67.5,sht20,bh1750,fixed_position_sensor_facing_light,included
2026-10-02T20:28:28+08:00,2655.7,729.7,0.7297,32.45,61.7,1015.17,10.8,65.5,sht20,bh1750,fixed_position_sensor_facing_light,included
2026-10-02T20:33:29+08:00,2526.4,700.0,0.7,32.48,61.97,1015.17,10.8,64.5,sht20,bh1750,fixed_position_sensor_facing_light,included
2026-10-02T20:38:29+08:00,2580.2,716.0,0.716,32.46,62.12,1015.4,10.8,64.5,sht20,bh1750,fixed_position_sensor_facing_light,included
2026-10-02T20:43:30+08:00,2577.3,714.9,0.7149,32.46,62.13,1015.34,10.8,64.5,sht20,bh1750,fixed_position_sensor_facing_light,included
2026-10-02T20:48:30+08:00,2746.6,757.0,0.757,32.48,61.95,1015.46,10.8,66.5,sht20,bh1750,fixed_position_sensor_facing_light,included
2026-10-02T20:53:31+08:00,2736.8,756.8,0.7568,32.49,61.96,1015.58,10.8,65.5,sht20,bh1750,fixed_position_sensor_facing_light,included
2026-10-02T20:58:31+08:00,2484.1,686.0,0.686,32.5,62.06,1015.49,10.8,66.5,sht20,bh1750,fixed_position_sensor_facing_light,included
2026-10-02T21:03:32+08:00,2665.6,736.6,0.7366,32.48,61.91,1015.58,10.8,65.5,sht20,bh1750,fixed_position_sensor_facing_light,included
2026-10-02T21:08:32+08:00,2734.6,754.1,0.7541,32.47,62.33,1015.55,10.8,64.5,sht20,bh1750,fixed_position_sensor_facing_light,included
2026-10-02T21:13:33+08:00,2713.6,752.6,0.7526,32.46,62.31,1015.43,10.8,64.5,sht20,bh1750,fixed_position_sensor_facing_light,included
2026-10-02T21:18:33+08:00,2606.7,721.1,0.7211,32.49,61.99,1015.4,11.7,64.5,sht20,bh1750,fixed_position_sensor_facing_light,included
2026-10-02T21:23:34+08:00,2739.9,758.3,0.7583,32.48,62.76,1015.43,10.8,66.5,sht20,bh1750,fixed_position_sensor_facing_light,included
2026-10-02T21:28:34+08:00,2530.9,701.7,0.7017,32.46,62.61,1015.43,10.8,65.5,sht20,bh1750,fixed_position_sensor_facing_light,included
2026-10-02T21:33:35+08:00,2532.3,700.6,0.7006,32.45,62.86,1015.46,10.8,66.5,sht20,bh1750,fixed_position_sensor_facing_light,included
2026-10-02T21:38:35+08:00,2597.3,720.0,0.72,32.47,62.98,1015.34,10.8,65.5,sht20,bh1750,fixed_position_sensor_facing_light,included
2026-10-02T21:43:36+08:00,2731.7,756.0,0.756,32.46,63.12,1015.34,10.8,64.5,sht20,bh1750,fixed_position_sensor_facing_light,included
2026-10-02T21:48:36+08:00,2463.6,676.6,0.6766,32.47,62.62,1015.26,10.8,66.5,sht20,bh1750,fixed_position_sensor_facing_light,included
2026-10-02T21:53:37+08:00,2629.8,718.7,0.7187,32.45,62.79,1015.4,11.7,65.5,sht20,bh1750,fixed_position_sensor_facing_light,included
2026-10-02T21:58:37+08:00,2664.9,737.1,0.7371,32.46,62.93,1015.43,10.8,66.5,sht20,bh1750,fixed_position_sensor_facing_light,included
2026-10-02T22:03:38+08:00,2512.6,695.9,0.6959,32.42,63.3,1015.46,10.8,66.5,sht20,bh1750,fixed_position_sensor_facing_light,included
2026-10-02T22:08:39+08:00,2664.3,735.5,0.7355,32.43,63.23,1015.49,11.7,65.5,sht20,bh1750,fixed_position_sensor_facing_light,included
2026-10-02T22:13:39+08:00,2702.9,747.2,0.7472,32.37,63.34,1015.43,10.8,66.5,sht20,bh1750,fixed_position_sensor_facing_light,included
2026-10-02T22:18:40+08:00,2717.3,753.5,0.7535,32.41,63.46,1015.49,11.7,65.5,sht20,bh1750,fixed_position_sensor_facing_light,included
2026-10-02T22:23:40+08:00,2571.6,710.7,0.7107,32.33,64.21,1015.66,10.8,66.5,sht20,bh1750,fixed_position_sensor_facing_light,included
2026-10-02T22:28:41+08:00,2568.6,713.2,0.7132,32.42,63.18,1015.58,10.8,65.5,sht20,bh1750,fixed_position_sensor_facing_light,included
2026-10-02T22:33:41+08:00,2745.2,759.8,0.7598,32.42,63.18,1015.52,10.8,64.5,sht20,bh1750,fixed_position_sensor_facing_light,included
2026-10-02T22:38:42+08:00,2635.3,729.4,0.7294,32.42,63.3,1015.6,10.8,64.5,sht20,bh1750,fixed_position_sensor_facing_light,included
2026-10-02T22:43:42+08:00,2502.6,694.7,0.6947,32.39,62.91,1015.6,10.8,66.5,sht20,bh1750,fixed_position_sensor_facing_light,included
2026-10-02T22:48:43+08:00,2495.4,690.0,0.69,32.43,63.3,1015.69,10.8,65.5,sht20,bh1750,fixed_position_sensor_facing_light,included
2026-10-02T22:53:43+08:00,2584.5,717.7,0.7177,32.44,63.08,1015.78,10.8,66.5,sht20,bh1750,fixed_position_sensor_facing_light,included
2026-10-02T22:58:44+08:00,2563.6,708.4,0.7084,32.42,62.73,1015.72,10.8,65.5,sht20,bh1750,fixed_position_sensor_facing_light,included
2026-10-02T23:03:44+08:00,2670.7,740.5,0.7405,32.43,62.92,1015.72,11.7,66.5,sht20,bh1750,fixed_position_sensor_facing_light,included
2026-10-02T23:08:45+08:00,2640.1,730.6,0.7306,32.42,63.36,1015.66,11.7,65.5,sht20,bh1750,fixed_position_sensor_facing_light,included
2026-10-02T23:13:46+08:00,2474.9,687.2,0.6873,32.41,62.79,1015.6,10.8,66.5,sht20,bh1750,fixed_position_sensor_facing_light,included
2026-10-02T23:18:46+08:00,2482.0,679.9,0.6799,32.4,63.19,1015.58,10.8,65.5,sht20,bh1750,fixed_position_sensor_facing_light,included
2026-10-02T23:23:47+08:00,2682.8,745.4,0.7454,32.4,62.97,1015.58,10.8,64.5,sht20,bh1750,fixed_position_sensor_facing_light,included
2026-10-02T23:28:47+08:00,2692.2,744.5,0.7445,32.4,63.42,1015.52,10.8,66.5,sht20,bh1750,fixed_position_sensor_facing_light,included
2026-10-02T23:33:48+08:00,2739.5,758.7,0.7587,32.41,62.79,1015.63,10.8,65.5,sht20,bh1750,fixed_position_sensor_facing_light,included
2026-10-02T23:38:49+08:00,2727.8,754.6,0.7546,32.41,63.15,1015.6,10.8,66.5,sht20,bh1750,fixed_position_sensor_facing_light,included
2026-10-02T23:43:49+08:00,2774.3,772.1,0.7721,32.41,63.04,1015.58,10.8,65.5,sht20,bh1750,fixed_position_sensor_facing_light,included
2026-10-02T23:48:50+08:00,2632.7,727.7,0.7277,32.38,63.02,1015.55,10.8,66.5,sht20,bh1750,fixed_position_sensor_facing_light,included
2026-10-02T23:53:50+08:00,2706.4,749.5,0.7495,32.37,63.53,1015.52,10.8,65.5,sht20,bh1750,fixed_position_sensor_facing_light,included
2026-10-02T23:58:50+08:00,2728.5,752.1,0.7521,32.4,62.7,1015.46,10.8,66.5,sht20,bh1750,fixed_position_sensor_facing_light,included
2026-10-03T00:03:51+08:00,2755.3,757.4,0.7574,32.35,63.4,1015.34,10.8,65.5,sht20,bh1750,fixed_position_sensor_facing_light,included
2026-10-03T00:08:52+08:00,2597.8,713.5,0.7135,32.37,63.02,1015.34,11.7,64.5,sht20,bh1750,fixed_position_sensor_facing_light,included
2026-10-03T00:13:52+08:00,2747.5,755.9,0.7559,32.35,62.83,1015.37,10.8,66.5,sht20,bh1750,fixed_position_sensor_facing_light,included
2026-10-03T00:18:53+08:00,2732.0,753.1,0.7531,32.37,62.73,1015.37,10.8,65.5,sht20,bh1750,fixed_position_sensor_facing_light,included
2026-10-03T00:23:53+08:00,2742.6,754.4,0.7544,32.39,62.66,1015.2,10.8,66.5,sht20,bh1750,fixed_position_sensor_facing_light,included
2026-10-03T00:28:54+08:00,2739.9,755.1,0.7551,32.28,63.35,1015.25,10.8,65.5,sht20,bh1750,fixed_position_sensor_facing_light,included
2026-10-03T00:33:55+08:00,2737.0,757.5,0.7575,32.3,63.27,1015.16,10.8,66.5,sht20,bh1750,fixed_position_sensor_facing_light,included
2026-10-03T00:38:55+08:00,2520.6,696.2,0.6962,32.27,63.73,1015.19,10.8,65.5,sht20,bh1750,fixed_position_sensor_facing_light,included
2026-10-03T00:43:56+08:00,2561.8,707.0,0.707,32.38,62.73,1015.14,10.8,66.5,sht20,bh1750,fixed_position_sensor_facing_light,included
2026-10-03T00:48:56+08:00,2477.2,686.6,0.6866,32.35,62.58,1015.14,10.8,65.5,sht20,bh1750,fixed_position_sensor_facing_light,included
2026-10-03T00:53:57+08:00,2605.1,718.2,0.7182,32.32,62.93,1015.14,11.7,64.5,sht20,bh1750,fixed_position_sensor_facing_light,included
2026-10-03T00:58:57+08:00,2624.1,725.9,0.7259,32.34,62.59,1014.99,10.8,64.5,sht20,bh1750,fixed_position_sensor_facing_light,included
2026-10-03T01:03:58+08:00,2735.6,756.6,0.7566,32.34,62.56,1015.05,10.8,64.5,sht20,bh1750,fixed_position_sensor_facing_light,included
2026-10-03T01:08:58+08:00,2687.5,746.6,0.7466,32.31,63.13,1014.91,11.7,66.5,sht20,bh1750,fixed_position_sensor_facing_light,included
2026-10-03T01:13:59+08:00,2551.5,705.5,0.7055,32.25,63.47,1014.91,10.8,65.5,sht20,bh1750,fixed_position_sensor_facing_light,included
2026-10-03T01:18:59+08:00,2528.2,702.7,0.7028,32.26,63.4,1014.79,10.8,64.5,sht20,bh1750,fixed_position_sensor_facing_light,included
2026-10-03T01:24:00+08:00,2673.9,739.8,0.7398,32.2,63.58,1014.73,10.8,66.5,sht20,bh1750,fixed_position_sensor_facing_light,included
2026-10-03T01:29:00+08:00,2550.3,711.1,0.7111,32.2,63.69,1014.73,10.8,66.5,sht20,bh1750,fixed_position_sensor_facing_light,included
2026-10-03T01:34:01+08:00,2544.0,706.4,0.7064,32.17,63.43,1014.59,10.8,65.5,sht20,bh1750,fixed_position_sensor_facing_light,included
2026-10-03T01:39:01+08:00,2536.8,695.0,0.695,32.19,63.6,1014.56,10.8,66.5,sht20,bh1750,fixed_position_sensor_facing_light,included
2026-10-03T01:44:02+08:00,2749.7,758.2,0.7582,32.26,63.36,1014.59,10.8,65.5,sht20,bh1750,fixed_position_sensor_facing_light,included
2026-10-03T01:49:02+08:00,2674.8,742.0,0.742,32.23,63.29,1014.38,11.7,66.5,sht20,bh1750,fixed_position_sensor_facing_light,included
2026-10-03T01:54:03+08:00,2690.7,735.6,0.7356,32.15,63.5,1014.35,10.8,65.5,sht20,bh1750,fixed_position_sensor_facing_light,included
2026-10-03T01:59:04+08:00,2734.4,755.6,0.7556,32.19,63.23,1014.24,10.8,66.5,sht20,bh1750,fixed_position_sensor_facing_light,included
2026-10-03T02:04:04+08:00,2668.0,732.6,0.7326,32.23,63.08,1014.24,10.8,65.5,sht20,bh1750,fixed_position_sensor_facing_light,included
2026-10-03T02:09:05+08:00,2619.9,718.8,0.7188,32.22,63.09,1014.18,10.8,64.5,sht20,bh1750,fixed_position_sensor_facing_light,included
2026-10-03T02:14:05+08:00,2463.3,682.5,0.6825,32.17,62.98,1014.21,10.8,64.5,sht20,bh1750,fixed_position_sensor_facing_light,included
2026-10-03T02:19:06+08:00,2647.1,727.1,0.7271,32.17,63.22,1014.21,11.7,64.5,sht20,bh1750,fixed_position_sensor_facing_light,included
2026-10-03T02:24:06+08:00,2723.3,754.4,0.7544,32.13,63.79,1014.09,10.8,66.5,sht20,bh1750,fixed_position_sensor_facing_light,included
2026-10-03T02:29:07+08:00,2674.1,735.0,0.735,32.12,63.65,1014.12,10.8,65.5,sht20,bh1750,fixed_position_sensor_facing_light,included
2026-10-03T02:34:08+08:00,2721.0,753.7,0.7537,32.14,63.06,1014.15,10.8,66.5,sht20,bh1750,fixed_position_sensor_facing_light,included
2026-10-03T02:39:08+08:00,2727.1,748.7,0.7487,32.13,63.27,1014.12,10.8,64.5,sht20,bh1750,fixed_position_sensor_facing_light,included
2026-10-03T02:44:09+08:00,2731.5,756.1,0.7561,32.09,63.66,1014.15,10.8,66.5,sht20,bh1750,fixed_position_sensor_facing_light,included
2026-10-03T02:49:09+08:00,2637.0,732.7,0.7327,32.1,63.79,1014.06,10.8,65.5,sht20,bh1750,fixed_position_sensor_facing_light,included
2026-10-03T02:54:10+08:00,2722.8,756.1,0.7561,32.11,63.41,1014.06,10.8,64.5,sht20,bh1750,fixed_position_sensor_facing_light,included
2026-10-03T02:59:11+08:00,2703.7,746.7,0.7467,32.15,63.19,1013.97,10.8,66.5,sht20,bh1750,fixed_position_sensor_facing_light,included
2026-10-03T03:04:11+08:00,2502.3,697.7,0.6977,32.13,62.94,1014.0,10.8,65.5,sht20,bh1750,fixed_position_sensor_facing_light,included
2026-10-03T03:09:12+08:00,2555.0,704.6,0.7046,32.13,62.89,1013.89,10.8,66.5,sht20,bh1750,fixed_position_sensor_facing_light,included
2026-10-03T03:14:12+08:00,2750.6,756.8,0.7568,32.07,63.4,1013.91,10.8,65.5,sht20,bh1750,fixed_position_sensor_facing_light,included
2026-10-03T03:19:13+08:00,2665.0,735.9,0.7359,32.07,63.15,1013.94,10.8,66.5,sht20,bh1750,fixed_position_sensor_facing_light,included
2026-10-03T03:24:14+08:00,2733.3,758.3,0.7583,32.08,63.38,1013.74,10.8,66.5,sht20,bh1750,fixed_position_sensor_facing_light,included
2026-10-03T03:29:14+08:00,2661.1,733.7,0.7337,32.01,63.39,1013.85,10.8,66.5,sht20,bh1750,fixed_position_sensor_facing_light,included
2026-10-03T03:34:14+08:00,2728.3,753.2,0.7532,32.03,63.63,1013.85,10.8,65.5,sht20,bh1750,fixed_position_sensor_facing_light,included
2026-10-03T03:39:15+08:00,2661.5,730.9,0.7309,32.02,63.24,1013.71,10.8,64.5,sht20,bh1750,fixed_position_sensor_facing_light,included
2026-10-03T03:44:16+08:00,2525.8,696.8,0.6968,32.09,62.72,1013.86,10.8,66.5,sht20,bh1750,fixed_position_sensor_facing_light,included
2026-10-03T03:49:16+08:00,2460.8,682.4,0.6824,32.04,63.27,1013.94,10.8,65.5,sht20,bh1750,fixed_position_sensor_facing_light,included
2026-10-03T03:54:17+08:00,2719.6,756.9,0.7569,32.11,62.6,1013.83,10.8,64.5,sht20,bh1750,fixed_position_sensor_facing_light,included
2026-10-03T03:59:18+08:00,2743.3,756.6,0.7566,32.04,63.33,1013.91,10.8,66.5,sht20,bh1750,fixed_position_sensor_facing_light,included
2026-10-03T04:04:18+08:00,2626.2,720.5,0.7205,32.02,63.13,1013.94,10.8,66.5,sht20,bh1750,fixed_position_sensor_facing_light,included
2026-10-03T04:09:19+08:00,2700.9,747.0,0.747,31.95,63.39,1013.91,10.8,66.5,sht20,bh1750,fixed_position_sensor_facing_light,included
2026-10-03T04:14:19+08:00,2643.4,725.4,0.7254,31.99,63.44,1013.94,11.7,65.5,sht20,bh1750,fixed_position_sensor_facing_light,included
2026-10-03T04:19:20+08:00,2548.1,706.7,0.7067,31.99,63.4,1013.91,10.8,64.5,sht20,bh1750,fixed_position_sensor_facing_light,included
2026-10-03T04:24:20+08:00,2485.0,680.6,0.6806,31.99,62.7,1013.82,10.8,64.5,sht20,bh1750,fixed_position_sensor_facing_light,included
2026-10-03T04:29:21+08:00,2734.9,757.3,0.7573,32.02,62.86,1014.0,10.8,64.5,sht20,bh1750,fixed_position_sensor_facing_light,included
2026-10-03T04:34:21+08:00,2634.5,724.4,0.7244,32.01,62.95,1013.97,10.8,66.5,sht20,bh1750,fixed_position_sensor_facing_light,included
2026-10-03T04:39:22+08:00,2726.0,753.8,0.7538,31.99,62.62,1014.06,10.8,65.5,sht20,bh1750,fixed_position_sensor_facing_light,included
2026-10-03T04:44:23+08:00,2731.6,755.4,0.7554,31.98,62.76,1014.09,10.8,64.5,sht20,bh1750,fixed_position_sensor_facing_light,included
2026-10-03T04:49:24+08:00,2427.5,674.0,0.674,32.03,62.34,1014.09,10.8,64.5,sht20,bh1750,fixed_position_sensor_facing_light,included
2026-10-03T04:54:24+08:00,2607.6,714.9,0.7149,31.97,62.82,1014.2,10.8,66.5,sht20,bh1750,fixed_position_sensor_facing_light,included
2026-10-03T04:59:25+08:00,2729.9,752.6,0.7526,31.98,62.65,1014.23,10.8,66.5,sht20,bh1750,fixed_position_sensor_facing_light,included
2026-10-03T05:04:25+08:00,2679.2,739.7,0.7397,31.96,62.58,1014.26,10.8,65.5,sht20,bh1750,fixed_position_sensor_facing_light,included
2026-10-03T05:09:26+08:00,2728.0,752.7,0.7527,32.02,62.49,1014.17,10.8,64.5,sht20,bh1750,fixed_position_sensor_facing_light,included
2026-10-03T05:14:26+08:00,2573.3,717.6,0.7176,31.89,62.84,1014.23,10.8,66.5,sht20,bh1750,fixed_position_sensor_facing_light,included
2026-10-03T05:19:27+08:00,2656.0,734.9,0.7349,31.9,63.05,1014.2,10.8,65.5,sht20,bh1750,fixed_position_sensor_facing_light,included
2026-10-03T05:24:28+08:00,2728.9,762.9,0.7629,31.89,62.7,1014.05,10.8,64.5,sht20,bh1750,fixed_position_sensor_facing_light,included
2026-10-03T05:29:29+08:00,2708.6,748.4,0.7484,31.89,62.94,1014.11,10.8,64.5,sht20,bh1750,fixed_position_sensor_facing_light,included
2026-10-03T05:34:29+08:00,2699.7,748.9,0.7489,31.86,62.98,1014.14,10.8,64.5,sht20,bh1750,fixed_position_sensor_facing_light,included
2026-10-03T05:39:30+08:00,2632.6,730.4,0.7304,31.86,62.89,1014.23,10.8,66.5,sht20,bh1750,fixed_position_sensor_facing_light,included
2026-10-03T05:44:30+08:00,2537.3,703.1,0.7031,31.86,62.97,1014.23,10.8,65.5,sht20,bh1750,fixed_position_sensor_facing_light,included
2026-10-03T05:49:31+08:00,2582.2,704.7,0.7047,31.89,62.93,1014.26,10.8,66.5,sht20,bh1750,fixed_position_sensor_facing_light,included
2026-10-03T05:54:32+08:00,2521.9,696.3,0.6963,31.89,62.49,1014.26,10.8,65.5,sht20,bh1750,fixed_position_sensor_facing_light,included
2026-10-03T05:59:32+08:00,2681.8,745.0,0.745,31.87,62.59,1014.11,11.7,66.5,sht20,bh1750,fixed_position_sensor_facing_light,included
2026-10-03T06:04:33+08:00,2739.7,756.6,0.7566,31.92,62.47,1014.08,10.8,66.5,sht20,bh1750,fixed_position_sensor_facing_light,included
2026-10-03T06:09:33+08:00,2607.0,722.5,0.7225,31.85,62.45,1014.08,11.7,65.5,sht20,bh1750,fixed_position_sensor_facing_light,included
2026-10-03T06:14:34+08:00,2643.3,726.7,0.7267,31.88,62.24,1014.08,11.7,64.5,sht20,bh1750,fixed_position_sensor_facing_light,included
2026-10-03T06:19:34+08:00,2615.9,727.2,0.7272,31.93,61.86,1014.23,11.7,66.5,sht20,bh1750,fixed_position_sensor_facing_light,included
2026-10-03T06:24:35+08:00,2516.6,694.5,0.6945,31.89,62.17,1014.08,11.7,66.5,sht20,bh1750,fixed_position_sensor_facing_light,included
2026-10-03T06:29:36+08:00,2692.8,751.8,0.7518,31.88,62.51,1014.26,11.7,65.5,sht20,bh1750,fixed_position_sensor_facing_light,included
2026-10-03T06:34:36+08:00,2558.0,706.1,0.7061,31.82,62.2,1014.31,11.7,64.5,sht20,bh1750,fixed_position_sensor_facing_light,included
2026-10-03T06:39:37+08:00,2721.5,759.8,0.7598,31.86,62.17,1014.23,11.7,66.5,sht20,bh1750,fixed_position_sensor_facing_light,included
2026-10-03T06:44:37+08:00,2520.0,694.3,0.6943,31.94,61.79,1014.32,11.7,65.5,sht20,bh1750,fixed_position_sensor_facing_light,included
2026-10-03T06:49:38+08:00,2518.2,701.7,0.7017,31.98,61.88,1014.41,11.7,66.5,sht20,bh1750,fixed_position_sensor_facing_light,included
2026-10-03T06:54:39+08:00,2622.7,725.5,0.7255,32.0,61.21,1014.41,11.7,66.5,sht20,bh1750,fixed_position_sensor_facing_light,included
2026-10-03T06:59:39+08:00,2540.8,706.0,0.706,31.86,62.21,1014.52,11.7,65.5,sht20,bh1750,fixed_position_sensor_facing_light,included
2026-10-03T07:04:39+08:00,2632.7,728.4,0.7284,31.8,62.22,1014.49,12.5,66.5,sht20,bh1750,fixed_position_sensor_facing_light,included
2026-10-03T07:09:40+08:00,2529.2,693.0,0.693,31.82,62.46,1014.46,12.5,64.5,sht20,bh1750,fixed_position_sensor_facing_light,included
2026-10-03T07:14:41+08:00,2695.0,740.4,0.7404,31.87,62.03,1014.43,13.3,64.5,sht20,bh1750,fixed_position_sensor_facing_light,included
2026-10-03T07:19:41+08:00,2601.8,715.6,0.7156,31.81,62.44,1014.4,12.5,66.5,sht20,bh1750,fixed_position_sensor_facing_light,included
2026-10-03T07:24:42+08:00,2654.6,736.0,0.736,31.85,62.29,1014.58,12.5,64.5,sht20,bh1750,fixed_position_sensor_facing_light,included
2026-10-03T07:29:42+08:00,2521.0,695.2,0.6952,31.82,62.3,1014.61,11.7,64.5,sht20,bh1750,fixed_position_sensor_facing_light,included
2026-10-03T07:34:43+08:00,2704.8,746.6,0.7466,31.8,62.51,1014.55,11.7,64.5,sht20,bh1750,fixed_position_sensor_facing_light,included
2026-10-03T07:39:43+08:00,2726.8,754.6,0.7546,31.86,62.18,1014.72,11.7,65.5,sht20,bh1750,fixed_position_sensor_facing_light,included
2026-10-03T07:44:44+08:00,2484.8,685.5,0.6855,31.8,62.21,1014.75,11.7,66.5,sht20,bh1750,fixed_position_sensor_facing_light,included
2026-10-03T07:49:44+08:00,2742.2,753.5,0.7535,31.79,62.25,1014.81,11.7,65.5,sht20,bh1750,fixed_position_sensor_facing_light,included
2026-10-03T07:54:45+08:00,2635.5,728.7,0.7287,31.83,62.31,1014.75,11.7,66.5,sht20,bh1750,fixed_position_sensor_facing_light,included
2026-10-03T07:59:46+08:00,2503.6,696.0,0.696,31.79,62.74,1014.63,11.7,64.5,sht20,bh1750,fixed_position_sensor_facing_light,included
2026-10-03T08:04:46+08:00,2689.3,744.4,0.7444,31.74,62.22,1014.66,11.7,66.5,sht20,bh1750,fixed_position_sensor_facing_light,included
2026-10-03T08:09:47+08:00,2631.7,725.4,0.7254,31.73,62.63,1014.63,11.7,64.5,sht20,bh1750,fixed_position_sensor_facing_light,included
2026-10-03T08:14:47+08:00,2691.5,745.7,0.7457,31.76,62.31,1014.6,11.7,66.5,sht20,bh1750,fixed_position_sensor_facing_light,included
2026-10-03T08:19:48+08:00,2668.6,735.7,0.7357,31.81,61.96,1014.81,11.7,65.5,sht20,bh1750,fixed_position_sensor_facing_light,included
2026-10-03T08:24:48+08:00,2570.1,705.1,0.7051,31.82,61.73,1014.78,11.7,66.5,sht20,bh1750,fixed_position_sensor_facing_light,included
2026-10-03T08:29:49+08:00,2706.7,752.5,0.7525,31.78,61.89,1014.75,11.7,64.5,sht20,bh1750,fixed_position_sensor_facing_light,included
2026-10-03T08:34:49+08:00,2680.1,736.4,0.7364,31.81,62.23,1014.9,12.5,64.5,sht20,bh1750,fixed_position_sensor_facing_light,included
2026-10-03T08:39:50+08:00,2742.4,759.2,0.7592,31.8,61.92,1014.84,11.7,66.5,sht20,bh1750,fixed_position_sensor_facing_light,included
2026-10-03T08:44:50+08:00,2524.6,694.1,0.6941,31.78,61.95,1014.78,11.7,64.5,sht20,bh1750,fixed_position_sensor_facing_light,included
2026-10-03T08:49:51+08:00,2526.5,698.1,0.6981,31.83,62.21,1014.81,11.7,64.5,sht20,bh1750,fixed_position_sensor_facing_light,included
2026-10-03T08:54:51+08:00,2566.2,710.1,0.7101,31.75,62.21,1014.84,12.5,66.5,sht20,bh1750,fixed_position_sensor_facing_light,included
2026-10-03T08:59:52+08:00,2611.2,717.4,0.7174,31.82,62.02,1014.84,13.3,64.5,sht20,bh1750,fixed_position_sensor_facing_light,included
2026-10-03T09:04:52+08:00,2733.0,755.3,0.7553,31.73,62.4,1014.63,19.2,64.5,sht20,bh1750,fixed_position_sensor_facing_light,included
2026-10-03T09:09:53+08:00,2566.5,715.3,0.7153,31.73,62.66,1014.66,17.5,66.5,sht20,bh1750,fixed_position_sensor_facing_light,included
2026-10-03T09:14:53+08:00,2702.0,745.5,0.7455,31.76,62.6,1014.78,15.0,64.5,sht20,bh1750,fixed_position_sensor_facing_light,included
2026-10-03T09:19:54+08:00,2734.1,760.7,0.7607,31.76,62.5,1014.84,13.3,66.5,sht20,bh1750,fixed_position_sensor_facing_light,included
2026-10-03T09:24:54+08:00,2506.1,692.1,0.6921,31.79,63.16,1014.69,12.5,64.5,sht20,bh1750,fixed_position_sensor_facing_light,included
2026-10-03T09:29:55+08:00,2578.1,711.2,0.7112,31.78,63.12,1014.72,15.8,64.5,sht20,bh1750,fixed_position_sensor_facing_light,included
2026-10-03T09:34:55+08:00,2702.9,736.3,0.7363,31.8,62.69,1014.78,13.3,66.5,sht20,bh1750,fixed_position_sensor_facing_light,included
2026-10-03T09:39:56+08:00,2512.5,694.4,0.6944,31.78,62.87,1014.81,12.5,64.5,sht20,bh1750,fixed_position_sensor_facing_light,included
2026-10-03T09:44:57+08:00,2656.1,730.6,0.7306,31.78,63.15,1014.87,15.0,66.5,sht20,bh1750,fixed_position_sensor_facing_light,included
2026-10-03T09:49:57+08:00,2563.8,705.3,0.7053,31.81,63.02,1014.78,12.5,64.5,sht20,bh1750,fixed_position_sensor_facing_light,included
2026-10-03T09:54:58+08:00,2664.4,734.5,0.7345,31.78,63.16,1014.57,12.5,66.5,sht20,bh1750,fixed_position_sensor_facing_light,included
2026-10-03T09:59:58+08:00,2540.4,699.5,0.6995,31.8,63.15,1014.55,12.5,66.5,sht20,bh1750,fixed_position_sensor_facing_light,included
2026-10-03T10:04:59+08:00,2613.8,723.1,0.7231,31.79,63.56,1014.75,11.7,64.5,sht20,bh1750,fixed_position_sensor_facing_light,included
2026-10-03T10:09:59+08:00,2469.2,678.3,0.6783,31.8,62.83,1014.66,11.7,66.5,sht20,bh1750,fixed_position_sensor_facing_light,included
2026-10-03T10:15:00+08:00,2697.7,743.6,0.7436,31.78,63.38,1014.55,12.5,64.5,sht20,bh1750,fixed_position_sensor_facing_light,included
2026-10-03T10:20:00+08:00,2550.3,702.4,0.7024,31.8,63.08,1014.37,12.5,64.5,sht20,bh1750,fixed_position_sensor_facing_light,included
2026-10-03T10:25:01+08:00,2753.4,760.1,0.7601,31.74,63.32,1014.46,12.5,65.5,sht20,bh1750,fixed_position_sensor_facing_light,included
2026-10-03T10:30:01+08:00,2567.7,707.9,0.7079,31.74,63.7,1014.4,12.5,64.5,sht20,bh1750,fixed_position_sensor_facing_light,included
2026-10-03T10:35:02+08:00,2482.7,682.7,0.6827,31.72,63.64,1014.22,12.5,66.5,sht20,bh1750,fixed_position_sensor_facing_light,included
2026-10-03T10:40:03+08:00,2553.2,699.9,0.6999,31.73,63.36,1014.14,12.5,64.5,sht20,bh1750,fixed_position_sensor_facing_light,included
2026-10-03T10:45:03+08:00,2625.8,728.1,0.7281,31.81,63.34,1014.2,15.0,64.5,sht20,bh1750,fixed_position_sensor_facing_light,included
2026-10-03T10:50:04+08:00,2696.6,737.2,0.7372,31.73,64.37,1013.96,13.3,63.5,sht20,bh1750,fixed_position_sensor_facing_light,included
2026-10-03T10:55:04+08:00,2690.5,741.6,0.7416,31.79,63.82,1013.93,13.3,63.5,sht20,bh1750,fixed_position_sensor_facing_light,included
2026-10-03T11:00:05+08:00,2747.9,760.0,0.76,31.73,64.08,1013.87,12.5,63.5,sht20,bh1750,fixed_position_sensor_facing_light,included
2026-10-03T11:05:05+08:00,2506.7,689.3,0.6893,31.81,63.57,1013.91,12.5,65.5,sht20,bh1750,fixed_position_sensor_facing_light,included
2026-10-03T11:10:06+08:00,2522.3,697.9,0.6979,31.81,63.66,1013.82,12.5,64.5,sht20,bh1750,fixed_position_sensor_facing_light,included
2026-10-03T11:15:06+08:00,2733.5,755.0,0.755,31.76,64.45,1013.93,12.5,63.5,sht20,bh1750,fixed_position_sensor_facing_light,included
2026-10-03T11:20:07+08:00,2752.2,753.4,0.7534,31.75,64.38,1013.82,12.5,65.5,sht20,bh1750,fixed_position_sensor_facing_light,included
2026-10-03T11:25:07+08:00,2648.3,731.4,0.7314,31.78,64.18,1013.58,15.8,64.5,sht20,bh1750,fixed_position_sensor_facing_light,included
2026-10-03T11:30:08+08:00,2478.9,683.6,0.6836,31.71,64.47,1013.42,12.5,66.5,sht20,bh1750,fixed_position_sensor_facing_light,included
2026-10-03T11:35:08+08:00,2747.7,756.5,0.7565,31.69,64.79,1013.27,13.3,64.5,sht20,bh1750,fixed_position_sensor_facing_light,included
2026-10-03T11:40:09+08:00,2600.4,717.4,0.7174,31.69,64.69,1013.24,12.5,66.5,sht20,bh1750,fixed_position_sensor_facing_light,included
2026-10-03T11:45:09+08:00,2529.8,696.8,0.6968,31.73,64.39,1013.24,14.2,64.5,sht20,bh1750,fixed_position_sensor_facing_light,included
2026-10-03T11:50:10+08:00,2515.4,698.0,0.698,31.74,63.93,1013.13,14.2,66.5,sht20,bh1750,fixed_position_sensor_facing_light,included
2026-10-03T11:55:10+08:00,2742.8,759.3,0.7593,31.74,64.04,1013.02,12.5,64.5,sht20,bh1750,fixed_position_sensor_facing_light,included
2026-10-03T12:00:11+08:00,2463.7,685.7,0.6857,31.72,63.79,1012.99,12.5,65.5,sht20,bh1750,fixed_position_sensor_facing_light,included
2026-10-03T12:05:12+08:00,2634.5,731.8,0.7318,31.68,63.98,1013.05,12.5,64.5,sht20,bh1750,fixed_position_sensor_facing_light,included
2026-10-03T12:10:12+08:00,2569.4,705.4,0.7054,31.72,63.3,1013.02,12.5,66.5,sht20,bh1750,fixed_position_sensor_facing_light,included
2026-10-03T12:15:13+08:00,2537.7,695.8,0.6958,31.76,63.75,1012.99,12.5,64.5,sht20,bh1750,fixed_position_sensor_facing_light,included
2026-10-03T12:20:13+08:00,2680.1,739.3,0.7393,31.7,63.43,1012.9,12.5,66.5,sht20,bh1750,fixed_position_sensor_facing_light,included
2026-10-03T12:25:14+08:00,2746.6,755.4,0.7554,31.72,63.51,1012.87,12.5,66.5,sht20,bh1750,fixed_position_sensor_facing_light,included
2026-10-03T12:30:15+08:00,2575.9,713.8,0.7138,31.71,63.79,1012.84,11.7,65.5,sht20,bh1750,fixed_position_sensor_facing_light,included
2026-10-03T12:35:15+08:00,2495.9,686.1,0.6861,31.71,63.35,1012.84,11.7,64.5,sht20,bh1750,fixed_position_sensor_facing_light,included
2026-10-03T12:40:15+08:00,2706.8,744.7,0.7447,31.68,63.48,1012.82,11.7,64.5,sht20,bh1750,fixed_position_sensor_facing_light,included
2026-10-03T12:45:16+08:00,2709.3,752.4,0.7524,31.76,63.18,1012.73,11.7,66.5,sht20,bh1750,fixed_position_sensor_facing_light,included
2026-10-03T12:50:17+08:00,2560.0,707.1,0.7071,31.73,63.13,1012.79,11.7,64.5,sht20,bh1750,fixed_position_sensor_facing_light,included
2026-10-03T12:55:18+08:00,2738.1,754.2,0.7542,31.68,63.11,1012.73,11.7,64.5,sht20,bh1750,fixed_position_sensor_facing_light,included
2026-10-03T13:00:18+08:00,2635.3,732.4,0.7324,31.68,63.28,1012.79,12.5,65.5,sht20,bh1750,fixed_position_sensor_facing_light,included
2026-10-03T13:05:18+08:00,2718.4,757.9,0.7579,31.67,63.21,1012.79,12.5,64.5,sht20,bh1750,fixed_position_sensor_facing_light,included
2026-10-03T13:10:19+08:00,2738.3,758.9,0.7589,31.76,62.6,1012.64,12.5,66.5,sht20,bh1750,fixed_position_sensor_facing_light,included
2026-10-03T13:15:20+08:00,2714.5,750.7,0.7507,31.68,63.22,1012.61,12.5,64.5,sht20,bh1750,fixed_position_sensor_facing_light,included
2026-10-03T13:20:20+08:00,2726.6,752.4,0.7524,31.69,62.81,1012.5,12.5,64.5,sht20,bh1750,fixed_position_sensor_facing_light,included
2026-10-03T13:25:21+08:00,2457.3,674.3,0.6743,31.68,63.16,1012.35,12.5,64.5,sht20,bh1750,fixed_position_sensor_facing_light,included
2026-10-03T13:30:21+08:00,2587.1,714.8,0.7148,31.66,63.14,1012.44,13.3,64.5,sht20,bh1750,fixed_position_sensor_facing_light,included
2026-10-03T13:35:22+08:00,2656.5,733.5,0.7335,31.67,62.62,1012.32,12.5,66.5,sht20,bh1750,fixed_position_sensor_facing_light,included
2026-10-03T13:40:22+08:00,2706.2,755.0,0.755,31.66,62.89,1012.14,13.3,65.5,sht20,bh1750,fixed_position_sensor_facing_light,included
2026-10-03T13:45:23+08:00,2613.5,724.4,0.7244,31.65,63.07,1011.91,12.5,64.5,sht20,bh1750,fixed_position_sensor_facing_light,included
2026-10-03T13:50:23+08:00,2491.1,691.6,0.6916,31.67,62.7,1011.91,12.5,66.5,sht20,bh1750,fixed_position_sensor_facing_light,included
2026-10-03T13:55:24+08:00,2615.5,722.2,0.7222,31.67,62.63,1012.09,12.5,64.5,sht20,bh1750,fixed_position_sensor_facing_light,included
2026-10-03T14:00:24+08:00,2735.8,749.5,0.7495,31.66,62.47,1012.03,12.5,66.5,sht20,bh1750,fixed_position_sensor_facing_light,included
2026-10-03T14:05:25+08:00,2738.6,756.5,0.7565,31.7,62.27,1012.03,14.2,64.5,sht20,bh1750,fixed_position_sensor_facing_light,included
2026-10-03T14:10:25+08:00,2742.4,756.2,0.7562,31.69,62.27,1012.09,12.5,66.5,sht20,bh1750,fixed_position_sensor_facing_light,included
2026-10-03T14:15:26+08:00,2632.5,725.0,0.725,31.68,62.44,1012.03,12.5,64.5,sht20,bh1750,fixed_position_sensor_facing_light,included
2026-10-03T14:20:26+08:00,2718.7,750.7,0.7507,31.66,62.5,1011.97,12.5,66.5,sht20,bh1750,fixed_position_sensor_facing_light,included
2026-10-03T14:25:27+08:00,2538.0,697.4,0.6974,31.64,62.59,1011.94,12.5,64.5,sht20,bh1750,fixed_position_sensor_facing_light,included
2026-10-03T14:30:27+08:00,2727.0,755.5,0.7555,31.67,62.5,1011.97,12.5,66.5,sht20,bh1750,fixed_position_sensor_facing_light,included
2026-10-03T14:35:28+08:00,2459.7,678.8,0.6788,31.67,62.43,1011.97,12.5,64.5,sht20,bh1750,fixed_position_sensor_facing_light,included
2026-10-03T14:40:28+08:00,2716.7,753.9,0.7539,31.67,62.65,1011.88,12.5,66.5,sht20,bh1750,fixed_position_sensor_facing_light,included
2026-10-03T14:45:29+08:00,2681.6,741.7,0.7417,31.67,62.62,1011.97,12.5,64.5,sht20,bh1750,fixed_position_sensor_facing_light,included
2026-10-03T14:50:29+08:00,2588.7,723.4,0.7234,31.67,62.57,1011.88,12.5,66.5,sht20,bh1750,fixed_position_sensor_facing_light,included
2026-10-03T14:55:30+08:00,2707.5,746.2,0.7462,31.72,62.24,1011.86,13.3,66.5,sht20,bh1750,fixed_position_sensor_facing_light,included
2026-10-03T15:00:31+08:00,2490.7,690.4,0.6904,31.68,62.44,1011.97,12.5,64.5,sht20,bh1750,fixed_position_sensor_facing_light,included
2026-10-03T15:05:31+08:00,2635.2,727.7,0.7277,31.67,62.26,1011.85,12.5,66.5,sht20,bh1750,fixed_position_sensor_facing_light,included
2026-10-03T15:10:32+08:00,2721.5,751.0,0.751,31.67,62.79,1011.91,12.5,66.5,sht20,bh1750,fixed_position_sensor_facing_light,included
2026-10-03T15:15:33+08:00,2723.5,759.2,0.7592,31.7,62.31,1011.91,11.7,64.5,sht20,bh1750,fixed_position_sensor_facing_light,included
2026-10-03T15:20:33+08:00,2653.5,734.5,0.7345,31.68,62.41,1011.94,11.7,64.5,sht20,bh1750,fixed_position_sensor_facing_light,included
2026-10-03T15:25:33+08:00,2622.1,727.6,0.7276,31.71,62.21,1011.85,11.7,66.5,sht20,bh1750,fixed_position_sensor_facing_light,included
2026-10-03T15:30:34+08:00,2479.1,690.4,0.6904,31.7,62.26,1012.12,11.7,64.5,sht20,bh1750,fixed_position_sensor_facing_light,included
2026-10-03T15:35:35+08:00,2752.0,757.3,0.7573,31.66,62.34,1012.29,11.7,66.5,sht20,bh1750,fixed_position_sensor_facing_light,included
2026-10-03T15:40:35+08:00,2486.3,689.7,0.6897,31.69,62.35,1012.29,11.7,64.5,sht20,bh1750,fixed_position_sensor_facing_light,included
2026-10-03T15:45:35+08:00,2724.2,752.9,0.7529,31.68,62.4,1012.23,11.7,64.5,sht20,bh1750,fixed_position_sensor_facing_light,included
2026-10-03T15:50:36+08:00,2635.1,727.2,0.7272,31.67,62.27,1012.32,11.7,66.5,sht20,bh1750,fixed_position_sensor_facing_light,included
2026-10-03T15:55:37+08:00,2728.5,754.0,0.754,31.7,62.17,1012.32,11.7,64.5,sht20,bh1750,fixed_position_sensor_facing_light,included
2026-10-03T16:00:38+08:00,2720.5,753.9,0.7539,31.7,62.15,1012.29,11.7,66.5,sht20,bh1750,fixed_position_sensor_facing_light,included
2026-10-03T16:05:38+08:00,2723.0,756.3,0.7563,31.71,61.73,1012.23,11.7,64.5,sht20,bh1750,fixed_position_sensor_facing_light,included
2026-10-03T16:10:38+08:00,2619.1,725.3,0.7253,31.75,61.5,1012.23,11.7,64.5,sht20,bh1750,fixed_position_sensor_facing_light,included
2026-10-03T16:15:39+08:00,2674.5,743.0,0.743,31.78,61.83,1012.21,11.7,65.5,sht20,bh1750,fixed_position_sensor_facing_light,included
2026-10-03T16:20:40+08:00,2719.1,748.8,0.7488,31.72,61.79,1012.2,11.7,64.5,sht20,bh1750,fixed_position_sensor_facing_light,included
2026-10-03T16:25:40+08:00,2509.7,693.4,0.6934,31.84,61.46,1012.18,11.7,64.5,sht20,bh1750,fixed_position_sensor_facing_light,included
2026-10-03T16:30:41+08:00,2568.0,707.6,0.7076,31.75,61.74,1012.26,11.7,66.5,sht20,bh1750,fixed_position_sensor_facing_light,included
2026-10-03T16:35:41+08:00,2743.3,753.7,0.7537,31.82,61.42,1012.21,11.7,64.5,sht20,bh1750,fixed_position_sensor_facing_light,included
2026-10-03T16:40:42+08:00,2456.7,682.8,0.6828,31.86,61.44,1012.24,11.7,64.5,sht20,bh1750,fixed_position_sensor_facing_light,included
2026-10-03T16:45:42+08:00,2739.7,756.7,0.7567,31.79,61.59,1012.32,11.7,65.5,sht20,bh1750,fixed_position_sensor_facing_light,included
2026-10-03T16:50:43+08:00,2681.0,740.1,0.7401,31.79,61.61,1012.35,11.7,66.5,sht20,bh1750,fixed_position_sensor_facing_light,included
2026-10-03T16:55:43+08:00,2716.1,754.5,0.7545,31.78,61.59,1012.64,11.7,64.5,sht20,bh1750,fixed_position_sensor_facing_light,included
2026-10-03T17:00:44+08:00,2741.9,755.6,0.7556,31.85,61.34,1012.47,11.7,64.5,sht20,bh1750,fixed_position_sensor_facing_light,included
2026-10-03T17:05:45+08:00,2503.8,691.1,0.6911,31.84,61.29,1012.47,10.8,64.5,sht20,bh1750,fixed_position_sensor_facing_light,included
2026-10-03T17:10:45+08:00,2478.3,682.5,0.6825,31.76,61.65,1012.53,11.7,65.5,sht20,bh1750,fixed_position_sensor_facing_light,included
2026-10-03T17:15:45+08:00,2528.7,695.7,0.6957,31.71,61.75,1012.52,10.8,64.5,sht20,bh1750,fixed_position_sensor_facing_light,included
2026-10-03T17:20:46+08:00,2513.2,696.4,0.6964,31.75,61.44,1012.64,10.8,66.5,sht20,bh1750,fixed_position_sensor_facing_light,included
2026-10-03T17:25:47+08:00,2467.3,683.3,0.6833,31.78,61.48,1012.76,10.8,64.5,sht20,bh1750,fixed_position_sensor_facing_light,included
2026-10-03T17:30:47+08:00,2493.8,689.3,0.6893,31.81,61.22,1012.67,10.8,66.5,sht20,bh1750,fixed_position_sensor_facing_light,included
2026-10-03T17:35:48+08:00,2705.8,748.7,0.7487,31.81,61.09,1012.85,11.7,64.5,sht20,bh1750,fixed_position_sensor_facing_light,included
2026-10-03T17:40:48+08:00,2711.3,753.0,0.753,31.78,61.27,1012.73,10.8,64.5,sht20,bh1750,fixed_position_sensor_facing_light,included
2026-10-03T17:45:49+08:00,2507.7,691.2,0.6912,31.75,61.5,1012.73,10.8,65.5,sht20,bh1750,fixed_position_sensor_facing_light,included
2026-10-03T17:50:49+08:00,2636.1,723.4,0.7234,31.76,61.23,1012.79,11.7,64.5,sht20,bh1750,fixed_position_sensor_facing_light,included
2026-10-03T17:55:50+08:00,2707.5,751.1,0.7511,31.83,61.01,1012.91,10.8,64.5,sht20,bh1750,fixed_position_sensor_facing_light,included
2026-10-03T18:00:50+08:00,2713.7,755.3,0.7553,31.78,60.96,1012.96,10.8,64.5,sht20,bh1750,fixed_position_sensor_facing_light,included
2026-10-03T18:05:51+08:00,2723.4,752.1,0.7521,31.83,60.83,1012.99,10.8,64.5,sht20,bh1750,fixed_position_sensor_facing_light,included
2026-10-03T18:10:51+08:00,2679.3,740.6,0.7406,31.8,60.99,1012.99,11.7,65.5,sht20,bh1750,fixed_position_sensor_facing_light,included
2026-10-03T18:15:52+08:00,2697.9,741.5,0.7415,31.8,60.92,1012.93,10.8,64.5,sht20,bh1750,fixed_position_sensor_facing_light,included
2026-10-03T18:20:52+08:00,2706.8,748.6,0.7486,31.82,60.51,1012.94,10.8,66.5,sht20,bh1750,fixed_position_sensor_facing_light,included
2026-10-03T18:25:53+08:00,2448.2,686.4,0.6864,31.83,60.83,1012.97,10.8,64.5,sht20,bh1750,fixed_position_sensor_facing_light,included
2026-10-03T18:30:53+08:00,2708.8,753.3,0.7533,31.78,60.83,1012.9,10.8,64.5,sht20,bh1750,fixed_position_sensor_facing_light,included
2026-10-03T18:35:54+08:00,2670.9,732.2,0.7322,31.71,60.99,1013.02,11.7,65.5,sht20,bh1750,fixed_position_sensor_facing_light,included
2026-10-03T18:40:54+08:00,2548.3,706.3,0.7063,31.73,60.86,1012.99,11.7,64.5,sht20,bh1750,fixed_position_sensor_facing_light,included
2026-10-03T18:45:55+08:00,2670.8,739.0,0.739,31.72,60.52,1012.93,11.7,64.5,sht20,bh1750,fixed_position_sensor_facing_light,included
2026-10-03T18:50:56+08:00,2715.9,752.6,0.7526,31.79,60.24,1012.9,11.7,63.5,sht20,bh1750,fixed_position_sensor_facing_light,included
2026-10-03T18:55:56+08:00,2697.2,746.8,0.7468,31.75,60.39,1013.1,10.8,63.5,sht20,bh1750,fixed_position_sensor_facing_light,included
2026-10-03T19:00:57+08:00,2529.1,695.2,0.6952,31.69,60.55,1013.15,10.8,64.5,sht20,bh1750,fixed_position_sensor_facing_light,included
2026-10-03T19:05:57+08:00,2717.3,757.4,0.7574,31.81,60.35,1013.45,10.8,65.5,sht20,bh1750,fixed_position_sensor_facing_light,included
2026-10-03T19:10:58+08:00,2608.5,725.4,0.7254,31.84,59.78,1013.33,11.7,64.5,sht20,bh1750,fixed_position_sensor_facing_light,included
2026-10-03T19:15:58+08:00,2523.0,693.6,0.6936,31.78,60.14,1013.42,10.8,64.5,sht20,bh1750,fixed_position_sensor_facing_light,included
2026-10-03T19:20:59+08:00,2644.0,731.6,0.7316,31.82,60.34,1013.36,11.7,66.5,sht20,bh1750,fixed_position_sensor_facing_light,included
2026-10-03T19:26:00+08:00,2731.3,753.7,0.7537,31.78,60.39,1013.48,10.8,64.5,sht20,bh1750,fixed_position_sensor_facing_light,included
2026-10-03T19:31:00+08:00,2710.7,749.7,0.7497,31.72,60.45,1013.36,10.8,66.5,sht20,bh1750,fixed_position_sensor_facing_light,included
2026-10-03T19:36:01+08:00,2698.4,746.7,0.7467,31.75,60.54,1013.51,11.7,64.5,sht20,bh1750,fixed_position_sensor_facing_light,included
2026-10-03T19:41:01+08:00,2711.9,744.5,0.7445,31.73,60.51,1013.45,11.7,64.5,sht20,bh1750,fixed_position_sensor_facing_light,included
2026-10-03T19:46:02+08:00,2524.8,701.6,0.7016,31.69,60.74,1013.36,10.8,65.5,sht20,bh1750,fixed_position_sensor_facing_light,included
2026-10-03T19:51:02+08:00,2715.2,751.4,0.7514,31.67,60.8,1013.5,10.8,64.5,sht20,bh1750,fixed_position_sensor_facing_light,included
2026-10-03T19:56:03+08:00,2740.2,753.9,0.7539,31.66,60.42,1013.76,10.8,64.5,sht20,bh1750,fixed_position_sensor_facing_light,included
2026-10-03T20:01:03+08:00,2569.6,709.7,0.7097,31.67,60.41,1013.79,10.8,66.5,sht20,bh1750,fixed_position_sensor_facing_light,included
2026-10-03T20:06:04+08:00,2628.3,721.7,0.7217,31.7,60.51,1013.82,10.8,64.5,sht20,bh1750,fixed_position_sensor_facing_light,included
2026-10-03T20:11:04+08:00,2558.8,711.3,0.7113,31.67,60.81,1013.84,10.8,64.5,sht20,bh1750,fixed_position_sensor_facing_light,included
2026-10-03T20:16:05+08:00,2631.2,724.4,0.7244,31.68,60.5,1013.81,11.7,66.5,sht20,bh1750,fixed_position_sensor_facing_light,included
2026-10-03T20:21:06+08:00,2722.7,749.7,0.7497,31.71,60.49,1013.93,10.8,64.5,sht20,bh1750,fixed_position_sensor_facing_light,included
2026-10-03T20:26:06+08:00,2478.9,683.8,0.6838,31.68,60.15,1013.96,10.8,66.5,sht20,bh1750,fixed_position_sensor_facing_light,included
2026-10-03T20:31:07+08:00,2688.0,744.6,0.7446,31.63,60.28,1013.99,11.7,64.5,sht20,bh1750,fixed_position_sensor_facing_light,included
2026-10-03T20:36:07+08:00,2678.2,744.2,0.7442,31.65,60.47,1013.93,10.8,64.5,sht20,bh1750,fixed_position_sensor_facing_light,included
2026-10-03T20:41:08+08:00,2541.3,699.9,0.6999,31.64,60.39,1014.02,11.7,66.5,sht20,bh1750,fixed_position_sensor_facing_light,included
2026-10-03T20:46:08+08:00,2727.5,752.1,0.7521,31.63,60.4,1013.9,10.8,64.5,sht20,bh1750,fixed_position_sensor_facing_light,included
2026-10-03T20:51:09+08:00,2597.6,719.0,0.719,31.68,60.23,1014.11,10.8,64.5,sht20,bh1750,fixed_position_sensor_facing_light,included
2026-10-03T20:56:10+08:00,2630.0,725.6,0.7256,31.65,60.27,1013.99,11.7,66.5,sht20,bh1750,fixed_position_sensor_facing_light,included
2026-10-03T21:01:10+08:00,2701.2,749.9,0.7499,31.65,59.88,1013.93,11.7,64.5,sht20,bh1750,fixed_position_sensor_facing_light,included
2026-10-03T21:06:11+08:00,2518.9,697.9,0.6979,31.68,59.63,1014.05,10.8,64.5,sht20,bh1750,fixed_position_sensor_facing_light,included
2026-10-03T21:11:11+08:00,2557.9,708.3,0.7083,31.67,59.44,1014.08,10.8,66.5,sht20,bh1750,fixed_position_sensor_facing_light,included
2026-10-03T21:16:12+08:00,2642.4,735.2,0.7352,31.63,60.17,1014.16,10.8,64.5,sht20,bh1750,fixed_position_sensor_facing_light,included
2026-10-03T21:21:12+08:00,2616.3,719.5,0.7195,31.61,60.03,1014.1,10.8,64.5,sht20,bh1750,fixed_position_sensor_facing_light,included
2026-10-03T21:26:13+08:00,2551.1,704.0,0.704,31.63,59.9,1014.02,10.8,65.5,sht20,bh1750,fixed_position_sensor_facing_light,included
2026-10-03T21:31:13+08:00,2655.8,735.7,0.7357,31.65,59.6,1014.02,10.8,64.5,sht20,bh1750,fixed_position_sensor_facing_light,included
2026-10-03T21:36:14+08:00,2482.0,687.1,0.6871,31.67,59.21,1014.08,10.8,63.5,sht20,bh1750,fixed_position_sensor_facing_light,included
2026-10-03T21:41:14+08:00,2699.5,742.0,0.742,31.6,59.42,1014.05,10.8,63.5,sht20,bh1750,fixed_position_sensor_facing_light,included
2026-10-03T21:46:15+08:00,2598.5,717.7,0.7178,31.68,59.1,1014.11,10.8,65.5,sht20,bh1750,fixed_position_sensor_facing_light,included
2026-10-03T21:51:15+08:00,2552.2,702.7,0.7027,31.65,59.06,1014.1,10.8,64.5,sht20,bh1750,fixed_position_sensor_facing_light,included
2026-10-03T21:56:16+08:00,2676.8,740.8,0.7408,31.63,59.23,1014.1,10.8,66.5,sht20,bh1750,fixed_position_sensor_facing_light,included
2026-10-03T22:01:16+08:00,2566.1,707.7,0.7078,31.61,59.66,1013.99,10.8,64.5,sht20,bh1750,fixed_position_sensor_facing_light,included
2026-10-03T22:06:17+08:00,2711.5,744.4,0.7444,31.58,59.59,1013.81,11.7,64.5,sht20,bh1750,fixed_position_sensor_facing_light,included
2026-10-03T22:11:18+08:00,2602.4,723.7,0.7237,31.6,59.44,1013.9,11.7,64.5,sht20,bh1750,fixed_position_sensor_facing_light,included
2026-10-03T22:16:18+08:00,2641.0,723.7,0.7237,31.58,59.57,1013.78,11.7,64.5,sht20,bh1750,fixed_position_sensor_facing_light,included
2026-10-03T22:21:19+08:00,2443.1,674.9,0.6749,31.51,59.51,1013.75,10.8,65.5,sht20,bh1750,fixed_position_sensor_facing_light,included
2026-10-03T22:26:19+08:00,2703.1,748.9,0.7489,31.57,59.7,1013.72,10.8,66.5,sht20,bh1750,fixed_position_sensor_facing_light,included
2026-10-03T22:31:20+08:00,2464.5,682.4,0.6824,31.51,59.76,1013.72,10.8,64.5,sht20,bh1750,fixed_position_sensor_facing_light,included
2026-10-03T22:36:20+08:00,2576.2,709.9,0.7099,31.5,59.87,1013.66,10.8,66.5,sht20,bh1750,fixed_position_sensor_facing_light,included
2026-10-03T22:41:21+08:00,2457.1,679.0,0.679,31.49,59.77,1013.61,10.8,66.5,sht20,bh1750,fixed_position_sensor_facing_light,included
2026-10-03T22:46:21+08:00,2613.8,723.8,0.7238,31.52,59.7,1013.47,11.7,64.5,sht20,bh1750,fixed_position_sensor_facing_light,included
2026-10-03T22:51:22+08:00,2700.8,744.0,0.744,31.51,59.66,1013.44,11.7,66.5,sht20,bh1750,fixed_position_sensor_facing_light,included
2026-10-03T22:56:23+08:00,2520.8,695.9,0.6959,31.48,59.68,1013.29,10.8,64.5,sht20,bh1750,fixed_position_sensor_facing_light,included
2026-10-03T23:01:23+08:00,2684.9,741.1,0.7411,31.5,59.9,1013.27,10.8,66.5,sht20,bh1750,fixed_position_sensor_facing_light,included
2026-10-03T23:06:24+08:00,2620.3,716.1,0.7161,31.5,59.81,1013.01,10.8,66.5,sht20,bh1750,fixed_position_sensor_facing_light,included
2026-10-03T23:11:24+08:00,2664.2,734.7,0.7347,31.48,59.72,1013.09,10.8,64.5,sht20,bh1750,fixed_position_sensor_facing_light,included
2026-10-03T23:16:25+08:00,2710.7,748.6,0.7486,31.51,59.24,1013.01,10.8,64.5,sht20,bh1750,fixed_position_sensor_facing_light,included
2026-10-03T23:21:26+08:00,2662.1,729.5,0.7295,31.48,59.86,1012.93,10.8,66.5,sht20,bh1750,fixed_position_sensor_facing_light,included
2026-10-03T23:26:26+08:00,2628.1,721.3,0.7213,31.49,59.47,1013.01,10.8,64.5,sht20,bh1750,fixed_position_sensor_facing_light,included
2026-10-03T23:31:27+08:00,2641.1,729.4,0.7294,31.48,59.46,1012.9,10.8,64.5,sht20,bh1750,fixed_position_sensor_facing_light,included
2026-10-03T23:36:27+08:00,2686.7,741.6,0.7416,31.46,60.0,1012.87,10.8,65.5,sht20,bh1750,fixed_position_sensor_facing_light,included
2026-10-03T23:41:28+08:00,2668.4,736.8,0.7368,31.44,60.02,1012.84,10.8,64.5,sht20,bh1750,fixed_position_sensor_facing_light,included
2026-10-03T23:46:28+08:00,2689.7,740.8,0.7408,31.44,59.71,1012.81,10.8,64.5,sht20,bh1750,fixed_position_sensor_facing_light,included
2026-10-03T23:51:29+08:00,2428.5,677.2,0.6772,31.45,60.17,1012.66,10.8,63.5,sht20,bh1750,fixed_position_sensor_facing_light,included
2026-10-03T23:56:29+08:00,2476.8,682.6,0.6826,31.44,60.03,1012.69,10.8,63.5,sht20,bh1750,fixed_position_sensor_facing_light,included
2026-10-04T00:01:30+08:00,2698.0,749.5,0.7495,31.42,60.31,1012.69,10.8,63.5,sht20,bh1750,fixed_position_sensor_facing_light,included
2026-10-04T00:06:30+08:00,2587.1,714.7,0.7147,31.43,59.96,1012.63,10.8,63.5,sht20,bh1750,fixed_position_sensor_facing_light,included
2026-10-04T00:11:31+08:00,2500.3,690.0,0.69,31.46,60.09,1012.58,10.8,65.5,sht20,bh1750,fixed_position_sensor_facing_light,included
